# Generated by tools/meaning/build_meaning_bank.py from Open English WordNet (CC BY 4.0), curated_en.txt and contexts_en.tsv.
# word	kind	level	sentence	definition	right	close	wrong
brave	adjective	0	The brave firefighter entered the burning house despite the danger and carried a child to safety.	possessing or displaying courage; able to face and deal with danger or fear without flinching	courageous; adventurous; adventuresome; bold; resolute; unafraid; fearless; desperate; heroic; gallant; game; gamy; gamey; gritty; mettlesome; spirited; spunky; lionhearted; stalwart; stouthearted; undaunted; valiant; valorous; possessing or displaying courage; able to face and deal with danger or fear without flinching; not afraid; not scared; has courage; faces danger; daring	invulnerable to fear or intimidation; brightly colored and showy; a North American Indian warrior; face and withstand with courage; strong; tough	cowardly; fearful; scared; afraid; frightened; coward; timid
ancient	adjective	0	We visited ancient ruins built by the Romans nearly two thousand years before our trip.	belonging to times long past especially of the historical period before the fall of the Western Roman Empire	past; belonging to times long past especially of the historical period before the fall of the Western Roman Empire; very old; really old; from long ago; from a long time ago; thousands of years; old; prehistoric; historic	a very old person	new; modern; young; recent
enormous	adjective	0	The enormous pumpkin was so large that four people had to lift it onto the truck.	extraordinarily large in size or extent or amount or power or degree	tremendous; large; big; extraordinarily large in size or extent or amount or power or degree; huge; very big; really big; giant; gigantic; massive; very large; immense		tiny; small; little
fragile	adjective	0	These fragile glass ornaments can break if dropped, so wrap each one before packing them.	easily broken or damaged or destroyed	delicate; frail; breakable; easily broken or damaged or destroyed; breaks easily; easily broken; easy to break; can break; could break; weak	vulnerably delicate; lacking substance or significance; glass; careful	strong; sturdy; tough; unbreakable
hilarious	adjective	0	The clown's hilarious routine made the audience laugh so hard that some people cried.	marked by or causing boisterous merriment or convulsive laughter	screaming; uproarious; humorous; humourous; marked by or causing boisterous merriment or convulsive laughter; very funny; really funny; funny; makes you laugh; hysterical; so funny		sad; boring; serious
exhausted	adjective	0	After hiking all day, Maya was exhausted and could barely keep her eyes open at dinner.	drained of energy or effectiveness; extremely tired; completely exhausted	dog-tired; fagged; fatigued; played out; spent; washed-out; worn-out; worn out; gone; tired; drained of energy or effectiveness; extremely tired; very tired; no energy; out of energy; drained; wiped out; sleepy	depleted of energy, force, or strength; drained physically	energetic; full of energy; awake; lively
shallow	adjective	0	The shallow water reached only our ankles, so we could walk across without swimming.	lacking physical depth; having little spatial extension downward or inward from an outer surface or backward or outward from a center	ankle-deep; knee-deep; fordable; neritic; superficial; reefy; shelfy; shelvy; shoaly; lacking physical depth; having little spatial extension downward or inward from an outer surface or backward or outward from a center; not deep; not very deep; low water; little depth	not deep or strong; lacking depth of intellect or knowledge	deep; wide
vanish	verb	0	Watch the stars vanish as daylight grows brighter and you can no longer see them.	become invisible or unnoticeable	disappear; go away; become invisible or unnoticeable; become invisible; gone; not seen anymore; fade away; poof	end; stop; finish; terminate; cease; get lost, as without warning or explanation; pass away rapidly; cease to exist; decrease rapidly and disappear	appear; show up; arrive
cautious	adjective	0	The cautious driver checked both directions twice before slowly pulling into the busy road.	showing careful forethought	careful; unadventurous; cagey; cagy; chary; fabian; gingerly; guarded; restrained; showing careful forethought; being careful; avoid risk; avoid danger; wary; not taking risks; watchful	avoiding excess	reckless; careless; risky; brave
generous	adjective	0	Our generous neighbor shared her vegetables with every family and asked for nothing in return.	willing to give and share unstintingly	charitable; unselfish; benevolent; freehearted; big; bighearted; bounteous; bountiful; freehanded; handsome; giving; liberal; openhanded; lavish; munificent; unsparing; unstinted; unstinting; willing to give and share unstintingly; gives a lot; likes to give; shares; sharing; kind with money; not selfish; gives away	not petty in character and mind; more than is usual or necessary; kind; nice	stingy; selfish; greedy; mean
rapid	adjective	0	The river's rapid current swept the little boat downstream before we could catch it.	characterized by speed; moving with or capable of moving with high speed	speedy; fast; characterized by speed; moving with or capable of moving with high speed; quick; very fast; swift; quickly; hurried	done or occurring in a brief period of time; a part of a river where the current is very fast	slow; sluggish
damp	adjective	0	My shirt was still damp after drying for an hour, but it was no longer dripping.	slightly wet	moist; wet; slightly wet; a little wet; not dry; soggy	nucleotide derived from adenine with a deoxyribose sugar and a phosphate group; a slight wetness; deaden (a sound or noise), especially by wrapping; restrain or discourage; make vague or obscure or make (an image) less visible; lessen in force or effect	dry; hot
gloomy	adjective	0	Little sunlight reached the gloomy forest floor beneath the thick branches that blocked the sky overhead.	depressingly dark	glooming; gloomful; sulky; dark; depressingly dark; dim; sad; dull; depressing; miserable; grey; gray; dreary; unhappy	filled with melancholy and despondency; causing dejection	bright; cheerful; happy; sunny
stubborn	adjective	0	The stubborn goat refused to leave the path even when we offered food and gently pulled its rope.	tenaciously unwilling or marked by tenacious unwillingness to yield	obstinate; unregenerate; disobedient; intractable; uncompromising; sturdy; inflexible; bloody-minded; cantankerous; bolshy; stroppy; bullheaded; bullet-headed; pigheaded; dogged; dour; persistent; pertinacious; tenacious; unyielding; contrarious; cross-grained; determined; hardheaded; mulish; stiff-necked; strong-minded; strong-willed; tenaciously unwilling or marked by tenacious unwillingness to yield; won't change their mind; refuses to change; will not change; refuses to move; not willing to change; hard headed; strong willed; will not give in; won't listen	not responding to treatment; difficult	docile; flexible; easy going; agreeable
curious	adjective	0	The curious child kept asking how the telescope worked and wanted to examine every part.	eager to investigate and learn or learn more (sometimes about others' concerns)	inquiring; interested; inquisitive; speculative; questioning; wondering; nosy; nosey; prying; snoopy; eager to investigate and learn or learn more; wants to know; want to learn; eager to learn; asks questions; wonders	beyond or deviating from the usual or expected	bored; uninterested
feeble	adjective	0	After weeks in bed, his feeble arms could barely lift a glass of water.	lacking strength or vigor	faint; weak; lacking strength or vigor; very weak; frail; not strong; no strength	pathetically lacking in force or effectiveness; lacking bodily or muscular strength or vitality; lacking strength	strong; powerful; loud
polite	adjective	0	She admired the polite manners at dinner, where everyone waited their turn and spoke respectfully.	marked by refinement in taste and manners	civilized; civilised; cultivated; cultured; genteel; refined; marked by refinement in taste and manners	showing regard for others in manners, speech, behavior, etc.; not rude	
rude	adjective	0	The old mill received rude cotton straight from the fields, before it had been cleaned or processed.	(used especially of commodities) being unprocessed or manufactured using only simple or minimal processes	natural; raw; unprocessed; being unprocessed or manufactured using only simple or minimal processes	socially incorrect in behavior; (of persons) lacking in refinement or grace; lacking civility or good manners; belonging to an early stage of technical development	
clumsy	adjective	0	My clumsy attempt to carry three plates ended with me tripping and dropping them all.	lacking grace in movement or posture	gawky; clunky; ungainly; unwieldy; awkward; lacking grace in movement or posture	not elegant or graceful in expression; difficult to handle or manage especially because of shape; showing lack of skill or aptitude	
cozy	adjective	0	We settled into a cozy corner beside the fire, warm and sheltered from the winter wind.	enjoying or affording comforting warmth and shelter especially in a small space	cosy; snug; comfortable; comfy; enjoying or affording comforting warmth and shelter especially in a small space	having or fostering a warm or friendly and informal atmosphere; suggesting connivance; a padded cloth covering to keep a teapot warm	
delicious	adjective	0	The storyteller shared a delicious joke that delighted the guests and kept them smiling all evening.	greatly pleasing or entertaining	delightful; pleasing; greatly pleasing or entertaining	variety of sweet eating apples; extremely pleasing to the sense of taste	
filthy	adjective	0	The dog rolled in the mud and left filthy paw prints all over the clean carpet.	disgustingly dirty; filled or smeared with offensive matter	foul; nasty; dirty; soiled; unclean; disgustingly dirty; filled or smeared with offensive matter	vile; characterized by obscenity	
furious	adjective	0	A furious battle shook the fortress as powerful attacks struck its walls without a pause.	marked by extreme and violent energy	ferocious; fierce; savage; violent; marked by extreme and violent energy	marked by extreme anger; (of the elements) as if showing violent anger	
gentle	adjective	0	Instead of shouting, the teacher gave a gentle reminder in a soft voice that hurt nobody's feelings.	soft and mild; not harsh or stern or severe	soft; mild; soft and mild; not harsh or stern or severe	having or showing a kindly or tender nature; quiet and soothing; belonging to or characteristic of the nobility or aristocracy; easily handled or managed; having little impact; marked by moderate steepness; cause to be more favorably inclined; give a title to someone; stroke soothingly	
greedy	adjective	0	The greedy merchant demanded more money even though he already had far more than he needed.	immoderately desirous of acquiring e.g. wealth	avaricious; covetous; grabby; grasping; prehensile; acquisitive; immoderately desirous of acquiring e.g. wealth	(often followed by ‘for’) ardently or excessively desirous; wanting to eat or drink more than one can reasonably consume	
hollow	adjective	0	We knocked on the hollow log and heard an echo from the empty space inside.	not solid; having a space or gap or cavity	empty; cavernous; deep-set; sunken; recessed; fistular; fistulate; fistulous; tubular; cannular; tubelike; tube-shaped; vasiform; not solid; having a space or gap or cavity	devoid of significance or force; lacking in substance or character; a cavity or space in something; a small valley between mountains; remove the inner part or the core of; remove the interior of	solid
humid	adjective	0	The humid air felt heavy with moisture, and our towels stayed wet all afternoon.	containing or characterized by a great deal of water vapor	wet; containing or characterized by a great deal of water vapor		
jealous	adjective	0	She felt jealous of her brother's new bicycle and wished she had one just as good.	showing extreme cupidity; painfully desirous of another's advantages	covetous; envious; desirous; wishful; showing extreme cupidity; painfully desirous of another's advantages	suspicious or unduly suspicious or fearful of being displaced by a rival	
lazy	adjective	0	We floated down the lazy river, moving so slowly that we could watch every passing dragonfly.	moving slowly and gently	slow; moving slowly and gently	disinclined to work or exertion	
lonely	adjective	0	He felt lonely after moving away from his friends and having nobody to talk to after school.	lacking companions or companionship	alone; lone; solitary; unaccompanied; lacking companions or companionship	marked by dejection from being alone; characterized by or preferring solitude; devoid of creatures	
loyal	adjective	0	The loyal crew stood by their captain through years of hardship and never abandoned her.	steadfast in allegiance or duty	patriotic; allegiant; doglike; hard-core; hardcore; leal; liege; true-blue; steadfast in allegiance or duty	inspired by love for your country; unwavering in devotion to friend or vow or cause	
messy	adjective	0	His messy desk was covered in loose papers, dirty cups, and pencils scattered everywhere.	dirty and disorderly	mussy; untidy; dirty and disorderly		
nervous	adjective	0	The nervous performer jumped at every sound and kept twisting her hands before going onstage.	easily agitated	tense; easily agitated	causing or fraught with or showing anxiety; excited in anticipation; unpredictably excitable (especially of horses)	
noisy	adjective	0	The noisy cafeteria rang with shouting, clattering trays, and dozens of conversations at once.	full of or characterized by loud and nonmusical sounds	cacophonous; cacophonic; loud; blatant; clamant; clamorous; strident; vociferous; abuzz; buzzing; clangorous; clanging; clanking; clattery; creaky; screaky; rackety; rip-roaring; uproarious; reedy; wheezy; stertorous; swishy; thundering; whirring; full of or characterized by loud and nonmusical sounds	attracting attention by showiness or bright colors	quiet
obvious	adjective	0	The mistake was obvious because the sign said the shop opened at twenty-five o'clock.	easily perceived and understood	overt; open; apparent; evident; manifest; palpable; patent; plain; unmistakable; axiomatic; self-evident; taken for granted; demonstrable; provable; frank; open-and-shut; self-explanatory; transparent; writ large; easily perceived and understood		
peculiar	adjective	0	A peculiar smell came from the kitchen, unlike anything we had ever smelled before.	beyond or deviating from the usual or expected	curious; funny; odd; queer; rum; rummy; singular; strange; unusual; beyond or deviating from the usual or expected	unique or specific to a person or thing or category; markedly different from the usual; characteristic of one only	
proud	adjective	0	Her proud parents beamed as she accepted the award for the project she had worked hard to finish.	feeling self-respect or pleasure in something by which you measure your self-worth; or being a reason for pride	immodest; arrogant; chesty; self-important; beaming; big; swelled; vainglorious; bigheaded; persnickety; snooty; snot-nosed; snotty; stuck-up; too big for one's breeches; uppish; boastful; braggart; bragging; braggy; cock-a-hoop; crowing; self-aggrandizing; self-aggrandising; dignified; self-respecting; self-respectful; disdainful; haughty; imperious; lordly; overbearing; prideful; sniffy; supercilious; swaggering; conceited; egotistic; egotistical; self-conceited; swollen; swollen-headed; vain; pleased; shabby-genteel; feeling self-respect or pleasure in something by which you measure your self-worth; or being a reason for pride	having or displaying great dignity or nobility	humble
rough	adjective	0	The rough bark scratched my hand as I ran my fingers over its bumps and ridges.	having or caused by an irregular surface	unsmooth; coarse; harsh; irregular; nonslippery; uneven; unironed; wrinkled; unpolished; unfinished; abrasive; scratchy; alligatored; cracked; barky; broken; rugged; bullate; bumpy; chapped; corded; twilled; costate; ribbed; cragged; craggy; hilly; mountainous; crushed; homespun; nubby; nubbly; slubbed; tweedy; imbricate; imbricated; lepidote; leprose; scabrous; scaly; scurfy; squamulose; lined; seamed; pocked; pockmarked; potholed; rock-ribbed; rockbound; rocky; bouldery; bouldered; stony; gravelly; pebbly; shingly; rugose; sandpapery; saw-like; scabby; shagged; shaggy; textured; coarse-textured; verrucose; warty; wartlike; having or caused by an irregular surface	(of persons or behavior) lacking refinement or finesse; not quite exact or correct; full of hardship or trials; violently agitated and turbulent; unpleasantly harsh or grating in sound; ready and able to resort to force or violence; of the margin of a leaf shape; causing or characterized by jolts and irregular movements; not shaped by cutting or trimming; not carefully or expertly made; not perfected; unpleasantly stern	smooth
rusty	adjective	0	The rusty gate was covered in reddish flakes after years of standing outside in the rain.	covered with or consisting of rust	rusted; covered with or consisting of rust	of the brown color of rust; impaired in skill by neglect; ancient	
sharp	adjective	0	The sharp photograph showed every tiny thread in the fabric without a single blurry edge.	(of something seen or heard) clearly defined	crisp; distinct; clearly defined	having or demonstrating ability to recognize or draw fine distinctions; marked by practical hardheaded intelligence; harsh; dangerously steep; keenly and painfully felt; (of a musical note) raised in pitch by one chromatic semitone; very sudden and in great amount or degree; quick and forceful; a musical notation indicating one half step higher than the note named; changing suddenly in direction and degree	
shy	adjective	0	We needed twelve chairs but had only eleven, leaving us one shy of the number required.	short	insufficient; deficient; short	lacking self-confidence; wary and distrustful; a quick throw; start suddenly, as from fright; throw quickly	
silent	adjective	0	The house was silent after everyone left, with no voices, music, or footsteps to be heard.	marked by absence of sound	soundless; still; quiet; marked by absence of sound	failing to speak or communicate etc. when expected to; implied by or inferred from actions or statements; not made to sound; having a frequency below or above the range of human audibility; unable to speak because of hereditary deafness; expressed without speech	
sleepy	adjective	0	The sleepy puppy yawned repeatedly and struggled to keep its eyes open beside the fire.	ready to fall asleep	asleep; ready to fall asleep		
slippery	adjective	0	The slippery pavement was covered in ice, and my feet slid whenever I tried to walk.	causing or tending to cause things to slip or slide	slippy; smooth; lubricious; nonstick; slick; sliding; slimed; slimy; slipping; slithering; slithery; causing or tending to cause things to slip or slide	not to be trusted	
sticky	adjective	0	After running in the heat, I felt sticky with sweat and my shirt clung to my back.	moist as with undried perspiration and with clothing sticking to the body	wet; moist as with undried perspiration and with clothing sticking to the body	hot or warm and humid; hard to deal with; covered with an adhesive material	
strict	adjective	0	As a strict vegetarian, she never ate meat and checked every ingredient before choosing a meal.	rigidly accurate; allowing no deviation from a standard	rigorous; exact; rigidly accurate; allowing no deviation from a standard	(of rules) stringently enforced; incapable of compromise or flexibility; severe and unremitting in making demands	
sturdy	adjective	0	The sturdy athlete carried the heavy equipment uphill without tiring or asking for help.	having rugged physical strength; inured to fatigue or hardships	hardy; stalwart; stout; robust; having rugged physical strength; inured to fatigue or hardships	not making concessions; substantially made or constructed	
swift	adjective	0	The swift runner crossed the field so quickly that the defenders could not catch him.	moving very fast	fleet; fast; moving very fast	a small bird that resembles a swallow and is noted for its rapid flight; common western lizard	
tidy	adjective	0	Her tidy room had books lined up on shelves and every toy put in its place.	marked by order and cleanliness in appearance or habits	clean; fastidious; groomed; clean-cut; trig; trim; neat; orderly; ruly; shipshape; well-kept; slicked up; straight; uncluttered; unlittered; marked by order and cleanliness in appearance or habits	large in amount or extent or degree; receptacle that holds odds and ends (as sewing materials); put (things or places) in order	
timid	adjective	0	The timid student knew the answer but hesitated to speak because she doubted herself.	lacking self-confidence	diffident; shy; unsure; lacking self-confidence	showing fear and lack of confidence; lacking conviction or boldness or courage; people who are fearful and cautious	
tiny	adjective	0	The tiny seed was so small that three of them could fit on my fingernail.	very small	bantam; diminutive; lilliputian; midget; petite; flyspeck; small; little; very small		
tough	adjective	0	The tough coach showed no sympathy for complaints and insisted that everyone finish the difficult drill.	not given to gentleness or sentimentality	hard; insensitive; hard-bitten; hard-boiled; pugnacious; unsentimental; not given to gentleness or sentimentality	very difficult; substantially made or constructed; violent and lawless; resistant to cutting or chewing; unfortunate or hard to bear; making great mental demands; someone who learned to fight in the streets rather than being formally trained in the sport of boxing; an aggressive and violent young criminal; a cruel and brutal fellow	tender
vast	adjective	0	The vast desert stretched to the horizon in every direction, far beyond what we could cross in a day.	unusually great in size or amount or degree or especially extent or scope	huge; immense; Brobdingnagian; large; big; unusually great in size or amount or degree or especially extent or scope		
wicked	adjective	0	The sailors endured a wicked storm that battered their ship and made every hour miserable.	intensely or extremely bad or unpleasant in degree or quality	severe; terrible; intense; intensely or extremely bad or unpleasant in degree or quality	morally bad in principle or practice; having committed unrighteous acts; naughtily or annoyingly playful; highly offensive	
wise	adjective	0	The wise leader considered the risks and learned from past mistakes before choosing a careful solution.	having or prompted by wisdom or discernment	advisable; well-advised; advised; politic; prudent; all-knowing; omniscient; perspicacious; sagacious; sapient; owlish; sapiential; sage; having or prompted by wisdom or discernment	marked by the exercise of good judgment or common sense in practical matters; evidencing the possession of inside information; improperly forward or bold; a way of doing or being	foolish
anxious	adjective	0	She felt anxious while waiting for news of the missing dog and could not stop worrying.	causing or fraught with or showing anxiety	nervous; queasy; uneasy; unquiet; troubled; causing or fraught with or showing anxiety; worried; stressed; tense; on edge; afraid; scared; concerned	eagerly desirous	calm; relaxed; confident
calm	adjective	0	Even when the alarm sounded, he remained calm and explained what to do without panicking.	not agitated; without losing self-possession	unagitated; serene; tranquil; composed; not agitated; without losing self-possession	(of weather) free from storm or wind; steadiness of mind under stress; wind moving at less than 1 knot; make steady	
cheerful	adjective	0	Her cheerful smile and happy greetings lifted everyone's spirits on the dark and rainy morning.	being full of or promoting cheer; having or showing good spirits	glad; happy; beaming; beamish; smiling; twinkly; blithe; blithesome; lighthearted; lightsome; light-hearted; buoyant; chirpy; perky; cheery; gay; sunny; chipper; debonair; debonaire; jaunty; being full of or promoting cheer; having or showing good spirits	pleasantly (even unrealistically) optimistic	depressing; cheerless
eager	adjective	0	The eager students arrived early and could hardly wait to begin their first science experiment.	having or showing keen interest or intense desire or impatient expectancy	enthusiastic; anxious; dying; hot; impatient; raring; having or showing keen interest or intense desire or impatient expectancy	a high wave (often dangerous) caused by tidal flow (as by colliding tidal currents or in a narrow estuary)	
fierce	adjective	0	The fierce fighting continued through the night, with powerful attacks coming from both sides.	marked by extreme and violent energy	ferocious; furious; savage; violent; marked by extreme and violent energy	marked by extreme intensity of emotions or convictions; ruthless in competition; violently agitated and turbulent	
grateful	adjective	0	I felt grateful for her help and wrote a note thanking her for everything she had done.	feeling or showing gratitude	thankful; appreciative; glad; feeling or showing gratitude	affording comfort or pleasure	thankless; unthankful
honest	adjective	0	The honest shopkeeper returned the extra money instead of keeping it when I paid too much.	not disposed to cheat or defraud; not deceptive or fraudulent; marked by truth	honorable; direct; genuine; echt; honourable; ingenuous; artless; sincere; straight; square; true; trustworthy; trusty; truthful; downright; not disposed to cheat or defraud; not deceptive or fraudulent; marked by truth	without dissimulation; worthy of being depended on; without pretensions; not forged; gained or earned without cheating or stealing	dishonorable
nasty	adjective	0	In a nasty mood, he insulted his friends and deliberately said things that would upset them.	offensive or even (of persons) malicious	awful; unpleasant; dirty; filthy; lousy; grotty; hateful; mean; offensive or even   malicious	exasperatingly difficult to handle or circumvent; characterized by obscenity; disgustingly dirty	nice
neat	adjective	0	Her neat desk had clean surfaces and papers arranged in carefully labeled folders.	clean or organized	orderly; tidy; clean or organized	showing care in execution; free from clumsiness; superficially impressive, but lacking depth and attention to the true complexities of a subject; excellent; (of an alcoholic drink) without water	
odd	adjective	0	It seemed odd that the locked room was wet even though the ceiling and windows were dry.	not easily explained	unusual; not easily explained	not divisible by two; an indefinite quantity more than that specified; beyond or deviating from the usual or expected; of the remaining member of a pair; not used up	
patient	adjective	0	The patient teacher explained the problem again without getting angry when we still did not understand.	enduring trying circumstances with even temper or characterized by such endurance	tolerant; uncomplaining; diligent; persevering; enduring; long-suffering; forbearing; longanimous; unhurried; enduring trying circumstances with even temper or characterized by such endurance	a person who requires medical care; the semantic role of an entity that is not the agent but is directly involved in or affected by the happening denoted by the verb in the clause	
smooth	adjective	0	The smooth stone had no bumps or sharp edges when I rubbed it between my fingers.	having a surface free from roughness or bumps or ridges or irregularities	even; fine; ironed; slippery; slippy; finished; creaseless; uncreased; even-textured; fast; fine-textured; glassy; seamless; unlined; unseamed; streamlined; aerodynamic; flowing; sleek; velvet; velvety; velvet-textured; having a surface free from roughness or bumps or ridges or irregularities	of the margin of a leaf shape; (music) without breaks between notes; of motion that runs or flows or proceeds without jolts or turbulence; lacking obstructions or difficulties; (of a body of water) free from disturbance by heavy waves; make (a surface) shine; free from obstructions	rough
thick	adjective	0	The thick wooden door was several inches from front to back and took two people to lift.	not thin; of a specific thickness or of relatively great extent from one surface to the opposite usually in the smallest of the three solid dimensions	fat; wide; broad; deep; deep-chested; four-ply; heavy; quilted; three-ply; two-ply; not thin	having component parts closely crowded together; relatively dense in consistency; having a short and solid form or stature; hard to pass through because of dense growth; (of darkness) densely dark; (used informally) associated on close terms; (used informally) stupid; abounding; the location of something surrounded by other things; in quick succession	thin
vague	adjective	0	His vague directions mentioned somewhere near a tree but never explained which road to take.	not clearly expressed or understood	obscure; unclear; not clearly expressed or understood	not precisely limited, determined, or distinguished; lacking clarity or distinctness	
wander	verb	0	With no destination in mind, we decided to wander through the park and see where the paths led.	move about aimlessly or without any destination, often in search of food or employment	roll; swan; stray; tramp; roam; cast; ramble; rove; range; drift; vagabond; err; move about aimlessly or without any destination, often in search of food or employment	travel; go; move; locomote; be sexually unfaithful to one's partner in marriage; go via an indirect route or at no set pace; to move or cause to move in a sinuous, spiral, or circular course; lose clarity or turn aside especially from the main subject of attention or course of argument in writing, thinking, or speaking	
shiver	verb	0	The cold wind made me shiver, and my shoulders shook until I put on a warm coat.	shake, as from cold	shudder; shake, as from cold	move involuntarily; move reflexively; a reflex motion caused by cold or fear or excitement; an almost pleasurable sensation of fright; tremble convulsively, as from fear or excitement	
stumble	verb	0	Loose stones made me stumble along the path, losing my balance and nearly falling several times.	walk unsteadily, tripping repeatedly	falter; bumble; walk unsteadily, tripping repeatedly	walk; an unsteady uneven gait; an unintentional but embarrassing blunder; miss a step and fall or nearly fall; encounter by chance; make an error	
gather	verb	0	Please gather the scattered pencils into one box so we can put them away together.	assemble or get together	garner; collect; pull together; assemble or get together	group; sewing consisting of small folds or puckers made by pulling tight a thread in a line of stitching; collect in one place; conclude from evidence; draw together into folds or puckers; get people together; draw and bring closer; look for (food) in nature; increase or develop	spread; distribute
borrow	verb	0	May I borrow your bicycle this afternoon and return it to you before dinner?	get temporarily	get temporarily	get; acquire; take up and practice as one's own	lend; loan
chase	verb	0	The dog began to chase the bouncing ball, running after it and trying to catch it.	go after with the intent to catch	trail; tail; tag; dog; go after; track; go after with the intent to catch	pursue; follow; the act of pursuing in an effort to overtake or capture; a rectangular metal frame used in letterpress printing to hold together the pages or columns of composed type that are printed at one time; pursue someone sexually or romantically; cut a groove into; cut a furrow into a column	
scatter	verb	0	The sudden noise made the birds scatter from the tree, flying away in different directions.	to cause to separate and go in different directions	disperse; dissipate; dispel; break up; to cause to separate and go in different directions	separate; divide; a haphazard distribution in all directions; move away from each other; distribute loosely; cause to separate; strew or distribute over an area	
tremble	verb	0	Her hands began to tremble before the speech, shaking so much that the paper rattled.	move or jerk quickly and involuntarily up and down or sideways	move or jerk quickly and involuntarily up and down or sideways	shake; agitate; a reflex motion caused by cold or fear or excitement	
glare	verb	0	He turned to glare at the person who had pushed him, fixing them with an angry stare.	look at with a fixed gaze	glower; look at with a fixed gaze	stare; a light within the field of vision that is brighter than the brightness to which the eyes are adapted; an angry stare; a focus of public attention; be sharply reflected; shine intensely	
mumble	verb	0	Without his dentures, the old man had to mumble the soft bread, working it slowly with his gums.	grind with the gums; chew without teeth and with great difficulty	gum; grind with the gums; chew without teeth and with great difficulty	chew; masticate; manducate; jaw; a soft indistinct utterance; talk indistinctly	
giggle	verb	0	I began to giggle during my introduction, laughing nervously even though nobody had told a joke.	laugh nervously	titter; laugh nervously	laugh; express joy; express mirth; a foolish or nervous laugh	
wobble	verb	0	The loose wheel made the cart wobble from side to side instead of rolling steadily.	move unsteadily	coggle; move unsteadily	move; an unsteady rocking motion; move sideways or in an unsteady way; tremble or shake	
drowsy	adjective	0	The warm room made me drowsy, and I kept drifting halfway into sleep during the film.	half asleep	drowsing; dozy; asleep; half asleep	showing lack of attention or boredom	
dizzy	adjective	0	After spinning around, I felt dizzy and grabbed the wall because the room seemed to whirl.	having or causing a whirling sensation; liable to falling	giddy; woozy; vertiginous; ill; sick; having or causing a whirling sensation; liable to falling	lacking seriousness	
chilly	adjective	0	Her chilly reply contained no warmth or sympathy, even after I told her how upset I was.	not characterized by emotion	unemotional; not characterized by emotion	appreciably or disagreeably cold; lacking warmth of feeling; very hot and finely tapering pepper of special pungency	
crisp	adjective	0	We heard the crisp snap of a twig, a clear sound that stood out from the quiet forest.	(of something seen or heard) clearly defined	sharp; distinct; clearly defined	tender and brittle; pleasantly cold and invigorating; pleasingly firm and fresh; (of hair) in small tight curls; brief and to the point; make wrinkles or creases on a smooth surface	
rumor	verb	0	People began to rumor that the empty shop would become a bakery, although nobody had confirmed it.	tell or spread rumors	rumour; bruit	dish the dirt; gossip; gossip (usually a mixture of truth and untruth) passed around by word of mouth	
feast	noun	0	The garden was a feast for the eyes, with beautiful flowers that delighted us at every turn.	something experienced with great delight	something experienced with great delight	thing; a ceremonial dinner party for many people; a meal that is well prepared and greatly enjoyed; an elaborate party (often outdoors); gratify	
harvest	verb	0	The farmers will harvest the ripe grapes this week, picking them from the vines and filling baskets.	gather, as of natural products	reap; glean; gather, as of natural products	gather; garner; collect; pull together; the yield from plants in a single growing season; the consequence of an effort or activity; the gathering of a ripened crop; the season for gathering crops; remove from a culture or a living or dead body, as for the purposes of transplantation	
treasure	noun	0	The pirates buried their treasure in a chest filled with gold coins and sparkling jewels.	accumulated wealth in the form of money or jewels etc.	hoarded wealth; accumulated wealth in the form of money or jewels etc.	wealth; riches; art highly prized for its beauty or perfection; any possession that is highly valued by its owner; a collection of precious things; hold dear; be fond of	
hazard	noun	0	The broken glass was a hazard because anyone walking barefoot could cut their feet on it.	a source of danger; a possibility of incurring loss or misfortune	jeopardy; peril; risk; endangerment; a source of danger; a possibility of incurring loss or misfortune	danger; an unknown and unpredictable phenomenon that causes an event to result one way rather than another; an obstacle on a golf course; put forward, of a guess, in spite of possible refutation; put at risk; take a risk in the hope of a favorable outcome	
puzzle	verb	0	We continued to puzzle over the strange message, unable to work out what it meant.	be uncertain about; think about without fully understanding or being able to decide	be uncertain about; think about without fully understanding or being able to decide	chew over; think over; meditate; ponder; excogitate; contemplate; muse; reflect; mull; mull over; ruminate; speculate	
ambitious	adjective	1	The ambitious student planned to master four languages and win a scholarship before finishing school.	having a strong desire for success or achievement	enterprising; pushful; pushy; aspirant; aspiring; wishful; compulsive; determined; driven; manque; would-be; having a strong desire for success or achievement; wants to succeed; want to succeed; wants to achieve; big goals; wants to be successful; determined to succeed; aims high; wants a lot; motivated	requiring full use of your abilities or resources; hard working; hardworking	ambitionless; lazy; content; unmotivated
reluctant	adjective	1	Usually unwilling to sing in public, he gave a reluctant performance only after his friends insisted.	unwillingness to do something contrary to your custom	loath; loth; unwilling; unwillingness to do something contrary to your custom; not want to; hesitant; does not want; didn't want; not keen; unenthusiastic; holding back	disinclined to become involved; not eager; scared; afraid; slow	eager; keen; excited; willing
frugal	adjective	1	My frugal uncle repairs his old coat and saves leftover food instead of wasting money or supplies.	avoiding waste	economical; scotch; sparing; stinting; thrifty; avoiding waste; careful with money; saves money; not spend much; not spending; spends little; doesn't waste; not wasteful; tight with money	cheap; poor; stingy	spends a lot; wasteful; rich; lavish; extravagant; fruit
vivid	adjective	1	The bird's vivid red feathers stood out brightly against the dull gray rocks behind it.	having strong or striking color	bright; brilliant; colorful; colourful; having strong or striking color; bold; strong colors; clear; intense; lively; detailed	evoking lifelike images within the mind; having the clarity and freshness of immediate experience; (of color) having the highest saturation	dull; faded; pale; boring
tedious	adjective	1	Copying the same numbers for hours was tedious, and I struggled to stay interested in the task.	so lacking in interest as to cause mental weariness	boring; deadening; dull; ho-hum; irksome; slow; tiresome; wearisome; uninteresting; so lacking in interest as to cause mental weariness; long and boring; monotonous; not interesting; dreary	using or containing too many words; long; hard; annoying	exciting; fun; interesting
cunning	adjective	1	The cunning thief distracted the guard with a false story while a partner slipped through the door.	marked by skill in deception	crafty; dodgy; foxy; guileful; knavish; slick; sly; tricksy; tricky; wily; artful; marked by skill in deception; sneaky; clever; tricks people; sneaky and smart; devious; smart	attractive especially by means of smallness or prettiness or quaintness; showing inventiveness and skill; shrewdness as demonstrated by being skilled in deception; crafty artfulness (especially in deception)	stupid; honest; naive
humble	adjective	1	Despite winning the prize, she remained humble and credited her teammates instead of boasting about herself.	marked by meekness or modesty; not arrogant or prideful	modest; submissive; unimpressive; respectful; broken; crushed; humiliated; low; meek; mild; marked by meekness or modesty; not arrogant or prideful; not proud; not arrogant; not boastful; doesn't brag; does not show off; down to earth; not full of themselves	low or inferior in station or quality; used of unskilled work (especially domestic work); of low birth or station (‘base’ is archaic in this sense); cause to be unpretentious; cause to feel shame; kind; nice; quiet	proud; arrogant; boastful; show off; vain
obsolete	adjective	1	The shop stopped selling the obsolete machine because newer models had replaced it years ago.	old; no longer valid or fashionable	outdated; out-of-date; superannuated; noncurrent; old; no longer valid or fashionable; out of date; no longer used; not used anymore; old fashioned; replaced; out of use	no longer in use	new; modern; popular; brand new
pristine	adjective	1	The pristine white shirt had never been worn and had no stains, wrinkles, or marks.	immaculately clean and unused	clean; immaculately clean and unused; spotless; perfect; untouched; like new; brand new; unspoiled; fresh; pure; perfect condition	completely free from dirt or contamination	dirty; ruined; messy; damaged
bewildered	adjective	1	Faced with three conflicting maps, we were bewildered and could not decide which direction to follow.	perplexed by many conflicting situations or statements; filled with bewilderment	baffled; befuddled; bemused; confounded; confused; lost; mazed; mixed-up; at sea; perplexed; perplexed by many conflicting situations or statements; filled with bewilderment; puzzled; did not understand; doesn't understand; mixed up		sure; certain; clear
diligent	adjective	1	The diligent worker checked each measurement and kept working carefully until every part was finished.	quietly and steadily persevering especially in detail or exactness	persevering; patient; quietly and steadily persevering especially in detail or exactness; hard working; hardworking; works hard; careful; thorough; dedicated; industrious; puts in effort	characterized by care and perseverance in carrying out tasks	lazy; careless; idle
abundant	adjective	1	Rain was abundant that spring, filling every pond and giving the gardens more water than they needed.	present in great quantity	ample; rich; abounding; galore; copious; plenteous; plentiful; voluminous; easy; exuberant; lush; luxuriant; profuse; riotous; thick; long; plethoric; rife; rampant; rank; teeming; torrential; verdant; present in great quantity; a lot; lots; plenty; more than enough; many; loads; lots of it; large amount; overflowing		scarce; rare; few; not enough
scarce	adjective	1	Fresh vegetables became scarce during the drought, and the shop rarely had enough for everyone.	deficient in quantity or number compared with the demand	meager; meagre; meagerly; stingy; scrimpy; rare; tight; deficient in quantity or number compared with the demand; not enough; hard to find; in short supply; few; lacking; limited; little	only a very short time before; almost not	abundant; plentiful; common; lots
agile	adjective	1	The agile gymnast sprang between the bars and landed lightly without losing her balance.	moving quickly and lightly	nimble; quick; spry; active; moving quickly and lightly	mentally quick	
anonymous	adjective	1	An anonymous donor left money at the shelter without giving a name or any clue to their identity.	having no known name or identity or known source	anon.; nameless; unidentified; unknown; unnamed; having no known name or identity or known source	not known or lacking marked individuality	onymous
arrogant	adjective	1	The arrogant player claimed he was better than everyone else and refused to listen to advice.	having or showing feelings of unwarranted importance out of overbearing pride	chesty; self-important; proud; having or showing feelings of unwarranted importance out of overbearing pride		
awkward	adjective	1	The delivery arrived at an awkward time, blocking the doorway just as the guests were leaving.	causing inconvenience	inconvenient; causing inconvenience	lacking grace or skill in manner or movement or performance; difficult to handle or manage especially because of shape; not elegant or graceful in expression; hard to deal with; socially uncomfortable	
bizarre	adjective	1	The bizarre house was shaped like a giant teapot, unlike any other building on the street.	conspicuously or grossly unconventional or unusual	eccentric; freakish; freaky; flaky; flakey; gonzo; off-the-wall; outlandish; outre; unconventional; conspicuously or grossly unconventional or unusual		
blunt	adjective	1	The blunt pencil made wide marks because its tip was rounded instead of coming to a point.	having a broad or rounded end	pointless; unpointed; having a broad or rounded end	used of a knife or other blade; characterized by directness in manner or speech; devoid of any qualifications or disguise or adornment; make less intense; make numb or insensitive; make less sharp; make less lively, intense, or vigorous	
considerate	adjective	1	Our considerate neighbor turned down the music when she learned that the baby was sleeping.	showing concern for the rights and feelings of others	kind; tactful; unselfish; thoughtful; showing concern for the rights and feelings of others		
cordial	adjective	1	The host gave us a cordial welcome, smiling warmly and making everyone feel at home.	diffusing warmth and friendliness	affable; amiable; genial; friendly; diffusing warmth and friendliness	politely warm and friendly; sincerely or intensely felt; strong highly flavored sweet liquor usually drunk after a meal	
cramped	adjective	1	The cramped cabin was so small that we could barely turn around without bumping into furniture.	constricted in size	incommodious; constricted in size		
defiant	adjective	1	The defiant student folded his arms and refused to follow the rule despite repeated warnings.	boldly resisting authority or an opposing force	noncompliant; disobedient; insubordinate; intractable; unmanageable; difficult; unwilling; resistant; resistive; obstreperous; recalcitrant; boldly resisting authority or an opposing force		compliant
dense	adjective	1	The dense smoke blocked so much light that we could barely see the doorway ahead.	permitting little if any light to pass through because of denseness of matter	heavy; impenetrable; thick	having high relative density or specific gravity; slow to learn or understand; having component parts closely crowded together	
dismal	adjective	1	The dismal room had leaking walls and broken furniture, making everyone feel discouraged as they entered.	causing dejection	blue; dark; dingy; disconsolate; gloomy; grim; sorry; drab; drear; dreary; depressing; cheerless; uncheerful; causing dejection		
durable	adjective	1	They hoped for a durable peace that would continue for generations rather than end after a few months.	existing for a long time	lasting; long-lasting; long-lived; long; existing for a long time	capable of withstanding wear and tear and decay; very long lasting	
elated	adjective	1	She was elated when her team won, jumping up and cheering with a huge smile.	exultantly proud and joyful; in high spirits	euphoric; happy; joyous; exultant; exulting; jubilant; prideful; rejoicing; triumphal; triumphant; gladdened; exhilarated; high; in high spirits; sublime; uplifted; exultantly proud and joyful	full of high-spirited delight	dejected
elegant	adjective	1	The elegant lettering flowed gracefully across the invitation, with carefully balanced shapes and tasteful decoration.	refined and tasteful in appearance or behavior or style	dignified; graceful; refined; sophisticated; tasteful; dandified; dandyish; foppish; deluxe; de luxe; luxe; fine; high-class; high-toned; exquisite; recherche; ritzy; soigne; soignee; refined and tasteful in appearance or behavior or style	suggesting taste, ease, and wealth; displaying effortless beauty and simplicity in movement or execution	
fickle	adjective	1	His fickle friend praised the team one day and abandoned it for a rival the next.	marked by erratic changeableness in affections or attachments	volatile; inconstant; marked by erratic changeableness in affections or attachments	liable to sudden unpredictable change	
flimsy	adjective	1	The flimsy table shook under a single plate, and one thin leg bent when we leaned on it.	lacking solidity or strength	insubstantial; weak; lacking solidity or strength	not convincing; lacking substance or significance; a thin strong lightweight translucent paper used especially for making carbon copies	
futile	adjective	1	Trying to dry the floor while the pipe was still leaking proved futile; it stayed wet.	producing no result or effect	ineffectual; otiose; unavailing; meaningless; useless; producing no result or effect	unproductive of success	
gallant	adjective	1	The gallant defender held his position under attack and did not retreat when the danger increased.	unflinching in battle or action	brave; courageous; unflinching in battle or action	lively and spirited; having or displaying great dignity or nobility; being attentive to women like an ideal knight; a man who is much concerned with his dress and appearance; a man who attends or escorts a woman	
gaudy	adjective	1	The gaudy jacket mixed flashing lights, huge sequins, and clashing colors that overwhelmed the whole outfit.	tastelessly showy	brassy; cheap; flash; flashy; garish; gimcrack; loud; meretricious; tacky; tatty; tawdry; trashy; tasteless; tastelessly showy	(used especially of clothes) marked by conspicuous display; (Britain) a celebratory reunion feast or entertainment held at a college	
genuine	adjective	1	An expert confirmed that the painting was genuine, created by the artist rather than copied by someone else.	not fake or counterfeit	echt; honest; honorable; real; existent; sincere; true; authentic; bona fide; unquestionable; veritable; attested; authenticated; documented; good; honest-to-god; honest-to-goodness; sure-enough; not fake or counterfeit	not pretended	counterfeit; imitative
gracious	adjective	1	Although we arrived without warning, our gracious host welcomed us warmly and offered everyone refreshments.	characterized by charm, good taste, and generosity of spirit	friendly; refined; elegant; graceful; merciful; characterized by charm, good taste, and generosity of spirit	characterized by kindness and warm courtesy especially of a king to his subjects; exhibiting courtesy and politeness; disposed to bestow favors	
grim	adjective	1	With grim determination, she refused every plea to stop and continued the difficult search all night.	not to be placated or appeased or moved by entreaty	inexorable; relentless; stern; unappeasable; unforgiving; unrelenting; implacable; not to be placated or appeased or moved by entreaty	shockingly repellent; harshly ironic or sinister; harshly uninviting or formidable in manner or appearance; filled with melancholy and despondency; causing dejection	
gullible	adjective	1	The gullible traveler believed a stranger's impossible promise and handed over money without checking the story.	naive and easily deceived or tricked	fleeceable; green; naive; naif; naive and easily deceived or tricked	easily tricked because of being too trusting	
hasty	adjective	1	In his hasty departure, he rushed out so quickly that he forgot his coat and keys.	excessively quick	headlong; hurried; excessively quick	done with very great haste and without due deliberation	
hostile	adjective	1	The hostile crowd shouted threats and made it clear that the visitors were not welcome.	characterized by enmity or ill will	aggressive; hateful; offensive; unfriendly; unpeaceful; violent; unfavorable; unfavourable; belligerent; antagonistic; antipathetic; antipathetical; at loggerheads; bitter; dirty; head-on; ill; opponent; opposing; inimical; rival; characterized by enmity or ill will	not belonging to your own country's forces or those of an ally; impossible to bring into friendly accord; very unfavorable to life or growth; unsolicited and resisted by the management of the target company (used of attempts to buy or take control of a business); troops belonging to the enemy's military forces	amicable
idle	adjective	1	The machines stood idle during the power cut, and no work could be done until electricity returned.	not in action or at work	ineffective; uneffective; ineffectual; unemployed; bone-lazy; faineant; indolent; lazy; otiose; slothful; work-shy; lackadaisical; leisured; unengaged; not in action or at work	without a basis in reason or fact; not in active use; silly or trivial; lacking a sense of restraint or responsibility; not yielding a return; not having a job; the state of an engine or other mechanism that is idling	busy
immense	adjective	1	The immense ship towered above the dock and stretched farther than several football fields placed together.	unusually great in size or amount or degree or especially extent or scope	huge; vast; Brobdingnagian; large; big; unusually great in size or amount or degree or especially extent or scope		
impulsive	adjective	1	In an impulsive burst of affection, she hugged her friend before she had time to think about it.	proceeding from natural feeling or impulse without external stimulus	unprompted; spontaneous; self-generated; proceeding from natural feeling or impulse without external stimulus	without forethought; having the power of driving or impelling; determined by chance or impulse or whim rather than by necessity or reason; characterized by undue haste and lack of thought or deliberation	
inevitable	adjective	1	With no fuel left and no station nearby, stopping the car became inevitable despite our efforts.	incapable of being avoided or prevented	fatal; fateful; ineluctable; inescapable; unavoidable; necessary; incapable of being avoided or prevented	invariably occurring or appearing; an unavoidable event	evitable; avoidable; avertible; avertable
keen	adjective	1	The keen wind cut painfully through our thin coats and stung our faces as we crossed the field.	painful as if caused by a sharp instrument	cutting; knifelike; piercing; stabbing; lancinate; lancinating; sharp; painful as if caused by a sharp instrument	having or demonstrating ability to recognize or draw fine distinctions; intense or sharp; excellent; having a sharp cutting edge or point; a funeral lament sung with loud wailing; express grief verbally	
lavish	adjective	1	The lavish donor bought new equipment for every classroom and funded repairs throughout the school.	very generous	munificent; overgenerous; too-generous; unsparing; unstinted; unstinting; generous; very generous	characterized by extravagance and profusion; expend profusely	
lenient	adjective	1	The lenient teacher accepted our late work without punishment and gave us extra time to finish.	not strict	easy; undemanding; not strict	characterized by tolerance and mercy	
lofty	adjective	1	Her lofty ideal was a world where every child could learn, regardless of wealth or background.	of high moral or intellectual value; elevated in nature or style	exalted; elevated; sublime; grand; high-flown; high-minded; rarefied; rarified; idealistic; noble-minded; noble; of high moral or intellectual value; elevated in nature or style	of imposing height; having or displaying great dignity or nobility	
lucid	adjective	1	His lucid directions explained each turn so clearly that we found the house without any confusion.	(of language) transparently clear; easily understandable	limpid; luculent; crystal clear; perspicuous; clear; transparently clear; easily understandable	having a clear mind; capable of thinking and expressing yourself in a clear and consistent manner; transmitting light	
meager	adjective	1	Their meager food supply was barely enough for one meal, although the journey would last several days.	deficient in amount or quality or extent	meagre; stingy; scrimpy; insufficient; deficient; minimal; minimum; scarce; bare; scanty; spare; exiguous; hand-to-mouth; hardscrabble; measly; miserable; paltry; deficient in amount or quality or extent		ample
modest	adjective	1	Their modest apartment had simple furniture and only the essentials, with no expensive decorations or luxuries.	marked by simplicity; having a humble opinion of yourself	humble; retiring; unassuming; marked by simplicity; having a humble opinion of yourself	not large but sufficient in size or amount; free from pomp or affectation; not offensive to sexual mores in conduct or appearance; low or inferior in station or quality; humble in spirit or manner; relatively moderate, limited, or small	
morose	adjective	1	He sat in morose silence all evening, dwelling on his disappointment and refusing friendly conversation.	showing a brooding ill humor	dark; dour; glowering; glum; moody; saturnine; sour; sullen; ill-natured; showing a brooding ill humor		
naive	adjective	1	The naive newcomer trusted every promise in the advertisement because she had little experience of dishonest sellers.	marked by or showing unaffected simplicity and lack of guile or worldly experience	naif; credulous; uninformed; unworldly; inexperienced; inexperient; ingenuous; artless; childlike; wide-eyed; round-eyed; dewy-eyed; simple; fleeceable; green; gullible; innocent; simple-minded; unsophisticated; marked by or showing unaffected simplicity and lack of guile or worldly experience	of or created by one without formal training; lacking information or instruction; not initiated	sophisticated
nimble	adjective	1	The nimble dancer changed direction quickly and lightly without missing a step or losing balance.	moving quickly and lightly	agile; quick; spry; active; moving quickly and lightly	mentally quick	
notorious	adjective	1	The notorious swindler was widely known for cheating customers, so the villagers refused to trust him.	known widely and usually unfavorably	ill-famed; infamous; disreputable; known widely and usually unfavorably		
novel	adjective	1	Her novel solution used a method nobody on the team had ever seen before.	original and of a kind not seen before	fresh; new; original; original and of a kind not seen before	pleasantly new or different; an extended fictional work in prose; a printed and bound book that is an extended work of fiction	
opaque	adjective	1	The opaque curtain blocked the light completely, so we could not see anything through it.	not transmitting or reflecting light or radiant energy; impenetrable to sight	unclear; cloudy; muddy; mirky; murky; turbid; fogged; foggy; frosted; glaucous; lightproof; light-tight; milky; milklike; whitish; solid; not transmitting or reflecting light or radiant energy; impenetrable to sight	hard or impossible to understand	clear
ornate	adjective	1	His ornate speech piled elaborate phrases and decorative comparisons onto a message that could have been simple.	marked by elaborate rhetoric and elaborated with decorative details	flowery; rhetorical; marked by elaborate rhetoric and elaborated with decorative details		
placid	adjective	1	The placid bay had no breaking waves, and its smooth surface reflected the boats almost perfectly.	(of a body of water) free from disturbance by heavy waves	quiet; still; tranquil; smooth; unruffled; calm; free from disturbance by heavy waves	not easily irritated	
plausible	adjective	1	Her explanation seemed plausible because it fit the evidence and could reasonably account for the missing keys.	apparently reasonable and credible, and therefore convincing	credible; believable; arguable; glib; pat; slick; apparently reasonable and credible, and therefore convincing	given to or characterized by presenting specious arguments	
potent	adjective	1	The potent ruler could command armies and change laws, exercising authority across the entire region.	having or wielding force or authority	strong; powerful; having or wielding force or authority	having great influence; having a strong physiological or chemical effect; (of a male) capable of copulation	
radiant	adjective	1	The radiant sunrise filled the clouds with glowing light and brightened the whole valley.	radiating or as if radiating light	beaming; beamy; effulgent; refulgent; bright; radiating or as if radiating light		
rigid	adjective	1	The rigid metal bar would not bend even when we pressed hard against both ends.	incapable of or resistant to bending	stiff; inflexible; incapable of or resistant to bending	incapable of compromise or flexibility; incapable of adapting or changing to meet circumstances; designating an airship or dirigible having a form maintained by a stiff unyielding frame or structure; fixed and unmoving	
robust	adjective	1	The robust bridge had thick supports and a strong frame that withstood years of heavy traffic.	sturdy and strong in form, constitution, or construction	healthy; rugged; strong; beefy; burly; husky; strapping; buirdly; big-boned; big-chested; chesty; big-shouldered; broad-shouldered; square-shouldered; cast-iron; iron; hardy; stalwart; stout; sturdy; half-hardy; heavy-armed; square-built; vigorous; sturdy and strong in form, constitution, or construction	marked by richness and fullness of flavor; strong enough to withstand or overcome intellectual challenges or adversity; rough and crude	frail
rustic	adjective	1	The rustic cottage reminded us of country life, with handmade stools and baskets beside the hearth.	characteristic of rural life	countrified; countryfied; rural; characteristic of rural life	awkwardly simple and provincial; characteristic of the fields or country; an unsophisticated country person	
shrewd	adjective	1	The shrewd buyer checked prices elsewhere and noticed the hidden charges before agreeing to the deal.	marked by practical hardheaded intelligence	astute; sharp; smart; marked by practical hardheaded intelligence	acting with a specific goal	
sluggish	adjective	1	The sluggish stream moved so slowly that floating leaves seemed almost motionless beside the bank.	slow or slothful	sulky; slow; slow or slothful	(of business) not active or brisk; slow and apathetic	
solemn	adjective	1	She made a solemn promise to protect the secret, speaking seriously and fully intending to keep her word.	dignified and somber in manner or character and committed to keeping promises	grave; sedate; sober; serious; dignified and somber in manner or character and committed to keeping promises	characterized by a firm and humorless belief in the validity of your opinions	
somber	adjective	1	The somber brown curtains and dull gray walls gave the room little brightness or color.	lacking brightness or color; dull	drab; sober; sombre; colorless; colourless; lacking brightness or color; dull	grave or even gloomy in character	
spontaneous	adjective	1	Their spontaneous laughter burst out naturally at the surprise, without anyone planning or prompting it.	happening or arising without apparent external cause	self-generated; impulsive; unprompted; intuitive; natural; instinctive; happening or arising without apparent external cause	said or done without having been planned or written in advance	induced
sparse	adjective	1	The trees were sparse on the hillside, with large stretches of empty ground between them.	not dense	thin; distributed; not dense		
stern	adjective	1	The guard's stern expression and unsmiling stare made us stop joking and stand quietly.	of a stern or strict bearing or demeanor; forbidding in aspect	austere; nonindulgent; strict; forbidding in aspect	not to be placated or appeased or moved by entreaty; severe and unremitting in making demands; severely simple; the rear part of a ship; the fleshy part of the human body that you sit on	
subtle	adjective	1	The color change was subtle, and we had to place the pictures side by side to notice it.	difficult to detect or grasp by the mind or analyze	elusive; impalpable; difficult to detect or grasp by the mind or analyze	able to make fine distinctions; working or spreading in a hidden and usually injurious way	
sullen	adjective	1	He gave a sullen reply and spent the evening brooding angrily instead of joining the conversation.	showing a brooding ill humor	dark; dour; glowering; glum; moody; morose; saturnine; sour; ill-natured; showing a brooding ill humor	darkened by clouds	
tactful	adjective	1	Her tactful criticism mentioned what worked well before gently explaining how the painting could improve.	having or showing a sense of what is fitting and considerate in dealing with others	considerate; discerning; discreet; having or showing a sense of what is fitting and considerate in dealing with others	showing skill and sensitivity in dealing with people	tactless
tense	adjective	1	The tense wire stretched tightly between the posts and barely moved when we pressed against it.	taut or rigid; stretched tight	tight; overstrung; taut; taut or rigid; stretched tight	in or of a state of physical or nervous tension; a grammatical category of verbs used to express distinctions of time; increase the tension on	lax
tranquil	adjective	1	The tranquil lake lay still beneath the sky, without rough waves to disturb its surface.	(of a body of water) free from disturbance by heavy waves	placid; quiet; still; smooth; unruffled; calm; free from disturbance by heavy waves	not agitated	
trivial	adjective	1	The report focused on trivial details, such as the color of the folders, while ignoring the main problem.	of little substance or significance	superficial; insignificant; unimportant; of little substance or significance	(informal) small and of little importance	
turbulent	adjective	1	During those turbulent years, repeated rebellions and unrest prevented the country from settling into peace.	characterized by unrest or disorder or insubordination	disruptive; riotous; troubled; tumultuous; unquiet; characterized by unrest or disorder or insubordination	(of a liquid) agitated vigorously	
unanimous	adjective	1	The decision was unanimous: every member voted for the plan, and nobody opposed it.	in complete agreement	consentaneous; consentient; accordant; in complete agreement	acting together as a single undiversified whole	
valiant	adjective	1	The valiant rescuer entered the dangerous floodwater and kept trying to reach the stranded family.	having or showing valor	valorous; brave; courageous; having or showing valor		
vigilant	adjective	1	The vigilant watchkeeper scanned the horizon all night, ready to spot the first sign of danger.	carefully observant or attentive; on the lookout for possible danger	argus-eyed; open-eyed; wakeful; watchful; alert; carefully observant or attentive; on the lookout for possible danger		
volatile	adjective	1	The volatile liquid disappeared quickly from the open dish as it evaporated at room temperature.	evaporating readily at normal temperatures and pressures	inconstant; evaporable; vaporific; vapourific; vaporizable; vapourisable; volatilizable; volatilisable; evaporating readily at normal temperatures and pressures	liable to lead to sudden change or violence; marked by erratic changeableness in affections or attachments; tending to vary often or widely	nonvolatilizable; nonvolatilisable
wary	adjective	1	The wary hikers examined the unstable bridge carefully before deciding whether it was safe to cross.	marked by keen caution and watchful prudence	alert; watchful; on guard; on one's guard; upon one's guard; on your guard; shy; marked by keen caution and watchful prudence	openly distrustful and unwilling to confide	
devour	verb	1	The flames began to devour the wooden shed, consuming its walls and roof within minutes.	to consume	to consume	destroy; ruin; enjoy avidly; eat up completely, as with great appetite; eat greedily	
linger	verb	1	The smell of fresh bread continued to linger in the kitchen long after the oven was switched off.	remain present although waning or gradually dying	remain present although waning or gradually dying	stay; stick; stick around; stay put; remain; persist; be about a place without any apparent purpose; leave slowly and hesitantly; take one's time; to hang about in a place beyond the proper or usual time	
mimic	adjective	1	The actors staged a mimic battle with painted shields, pretending to fight without hurting anyone.	constituting an imitation	imitative; constituting an imitation	imitate (a person or manner), especially for satirical effect	
flourish	noun	1	With a dramatic flourish, the magician swept his arm in a wide arc before revealing the card.	a showy gesture	a showy gesture	gesture; motion; an ornamental embellishment in writing; a display of ornamental speech or language; the act of waving; (music) a short lively tune played on brass instruments; grow vigorously; make steady progress; move or swing back and forth	
dwindle	verb	1	Our savings began to dwindle as we paid each bill, leaving less money in the account every week.	become smaller or lose substance	become smaller or lose substance	decrease; diminish; lessen; fall	
lure	verb	1	The false advertisement tried to lure customers into paying by promising prizes that did not exist.	provoke someone to do something through (often false or exaggerated) promises or persuasion	entice; tempt; provoke someone to do something through   promises or persuasion	provoke; stimulate; qualities that attract by seeming to promise some kind of reward; anything that serves as an enticement	
nudge	verb	1	Give my elbow a gentle nudge when the bus arrives so I notice without disturbing the other passengers.	to push against gently	poke at; prod; to push against gently	push; force; a slight push or shake; push into action by pestering or annoying gently	
soothe	verb	1	The cool cloth helped soothe her aching forehead, easing the discomfort until she could rest.	cause to feel better	cause to feel better	relieve; alleviate; palliate; assuage; give moral or emotional strength to	irritate
startle	verb	1	A sudden crash can startle a sleeping cat into leaping up and running across the room.	to stimulate to action	galvanize; galvanise; to stimulate to action	shock; floor; ball over; blow out of the water; take aback; a sudden involuntary movement; move or jump suddenly, as if in surprise or alarm	
thrive	verb	1	The seedlings began to thrive in the sunny window, growing taller and producing new leaves every week.	grow vigorously	boom; flourish; expand; grow vigorously	grow; make steady progress	
scold	verb	1	The coach began to scold the players, angrily criticizing them for deliberately ignoring the safety rules.	censure severely or angrily	call on the carpet; take to task; rebuke; rag; trounce; lecture; reprimand; jaw; dress down; call down; chide; berate; bawl out; remonstrate; chew out; chew up; have words; lambaste; lambast; censure severely or angrily	knock; criticize; criticise; pick apart; someone (especially a woman) who annoys people by constantly finding fault; show one's unhappiness or critical attitude	
flee	verb	1	When the fire spread toward the tents, we had to flee the campsite as quickly as possible.	run away quickly	fly; take flight; run away quickly	scat; run; scarper; turn tail; lam; run away; hightail it; bunk; head for the hills; take to the woods; escape; fly the coop	
loathe	verb	1	I loathe the smell of spoiled milk so much that even a small whiff makes me recoil.	find repugnant	abhor; abominate; execrate; find repugnant	hate; detest	
mend	verb	1	The doctor said my broken wrist would mend over time as the damaged bone healed.	heal or recover	heal; heal or recover	better; improve; ameliorate; meliorate; sewing that repairs a worn or torn hole (especially in a garment); the act of putting something in working order again; restore by replacing a part or putting together what is torn or broken	
gregarious	adjective	2	My gregarious cousin seeks out company at every gathering and enjoys talking with people she has just met.	instinctively or temperamentally seeking and enjoying the company of others	social; instinctively or temperamentally seeking and enjoying the company of others; sociable; outgoing; likes people; likes company; being with people; around people; enjoys company; loves parties; people person; extrovert; extroverted; friendly	(of animals) tending to form a group with others of the same species; (of plants) growing in groups that are close together; talkative; chatty; nice	shy; alone; solitary; introvert; loner; angry; greedy
ephemeral	adjective	2	The ephemeral rainbow lasted only a few moments before the clouds shifted and it disappeared.	lasting a very short time	passing; short-lived; transient; transitory; fugacious; impermanent; temporary; lasting a very short time; short lived; short time; brief; doesn't last; does not last; not last long; fleeting; momentary; quick	anything short-lived, as an insect that lives only for a day in its winged form	permanent; forever; lasting; eternal; lasts a long time; ghostly; huge
candid	adjective	2	Her candid reply described exactly what she thought of the plan, without hiding her doubts behind polite excuses.	characterized by directness in manner or speech; without subtlety or evasion	blunt; forthright; frank; free-spoken; outspoken; plainspoken; point-blank; straight-from-the-shoulder; direct; characterized by directness in manner or speech; without subtlety or evasion; honest; truthful; straightforward; open; says what they think; says what they mean	informal or natural; openly straightforward and direct without reserve or secretiveness	dishonest; secretive; lying; sweet; candy
meticulous	adjective	2	The meticulous researcher checked every date and measurement twice, making sure no tiny detail was overlooked.	marked by precise accordance with details	punctilious; precise; marked by precise accordance with details; careful about details; small details; attention to detail; thorough; detailed; exact; perfectionist; extremely careful; picky and exact	marked by extreme care in treatment of details; careful; neat; organized; organised	careless; messy; sloppy
benevolent	adjective	2	The benevolent neighbor noticed our hardship and quietly brought food and blankets without expecting a reward.	showing or motivated by sympathy and understanding and generosity	charitable; kindly; sympathetic; good-hearted; openhearted; large-hearted; kind; showing or motivated by sympathy and understanding and generosity; generous; caring; well meaning; good hearted; wants to help; does good; helpful; compassionate	intending or showing kindness; generous in providing aid to others; generous in assistance to the poor; nice; good	evil; cruel; mean; wicked
lethargic	adjective	2	After the illness, he felt lethargic and moved slowly, lacking the energy even to join his favorite game.	deficient in alertness or activity	unenergetic; inactive; dazed; foggy; groggy; logy; stuporous; dreamy; lackadaisical; languid; languorous; listless; deficient in alertness or activity; no energy; lacking energy; low energy; not much energy; tired; sluggish; slow; sleepy; drowsy; lazy		energetic; full of energy; lively; active; hyper
ambiguous	adjective	2	The ambiguous note said to meet by the bank, but we could not tell whether it meant the river or the building.	open to two or more interpretations; or of uncertain nature or significance; or (often) intended to mislead	equivocal; double; forked; evasive; indeterminate; open to two or more interpretations; or of uncertain nature or significance; or   intended to mislead; unclear; not clear; could mean two things; more than one meaning; two meanings; different meanings; vague; confusing; uncertain; open to interpretation; could mean different things	having more than one possible meaning; having no intrinsic or objective meaning	clear; obvious; certain; both hands
eloquent	adjective	2	Her eloquent speech expressed the villagers' hopes so clearly and powerfully that the whole hall listened in silence.	expressing yourself readily, clearly, effectively	facile; fluent; silver; silver-tongued; smooth-spoken; articulate; expressing yourself readily, clearly, effectively; well spoken; speaks well; good with words; persuasive; expressive; good speaker; writes well		mumbling; inarticulate; tongue tied
mundane	adjective	2	After the exciting expedition, mundane chores like washing dishes and folding clothes seemed completely ordinary.	found in the ordinary course of events	everyday; quotidian; routine; unremarkable; workaday; ordinary; found in the ordinary course of events; boring; dull; normal; plain; not interesting; not exciting; common	concerned with the world or worldly matters; belonging to this earth or world	exciting; special; extraordinary; unusual
resilient	adjective	2	The resilient plant grew new shoots after the storm broke its branches and soon looked healthy again.	recovering readily from adversity, depression, or the like	spirited; recovering readily from adversity, depression, or the like; bounces back; recovers quickly; recover; tough; strong; able to recover; comes back; keeps going; does not give up; doesn't give up; hardy	elastic; brave; determined	fragile; weak; gives up
skeptical	adjective	2	The skeptical customer doubted the extraordinary claim and asked to see evidence before believing it.	marked by or given to doubt	doubting; questioning; sceptical; distrustful; marked by or given to doubt; doubtful; unsure it is true; not believe; doesn't believe; suspicious; unconvinced; not convinced	denying or questioning the tenets of especially a religion; unsure; careful	believing; trusting; convinced; gullible
impartial	adjective	2	The impartial referee applied the same rules to both teams, even though her brother played for one of them.	showing lack of favoritism	fair; just; equitable; disinterested; dispassionate; cold-eyed; indifferent; unbiased; unbiassed; showing lack of favoritism; not biased; neutral; no favorites; not taking sides; doesn't take sides; treats everyone the same; objective; even handed	free from undue bias or preconceived opinions	partial; biased; unfair; one sided
serene	adjective	2	She remained serene during the noisy argument, breathing steadily and speaking without anger or agitation.	not agitated; without losing self-possession	calm; unagitated; tranquil; composed; not agitated; without losing self-possession; peaceful; quiet; still; relaxed; untroubled; at peace	completely clear and fine	chaotic; stormy; noisy; angry; stressed
frivolous	adjective	2	The frivolous story focused on silly party mishaps instead of exploring any serious issue.	not serious in content or attitude or behavior	superficial; airheaded; dizzy; empty-headed; featherbrained; giddy; light-headed; lightheaded; silly; flighty; flyaway; head-in-the-clouds; scatterbrained; flippant; light-minded; idle; light; trivial; not serious in content or attitude or behavior; not serious; unimportant; not important; pointless; wasteful; foolish; playful		serious; important; essential
meander	verb	2	The river began to meander across the plain, curving one way and then another instead of flowing straight.	to move or cause to move in a sinuous, spiral, or circular course	weave; wind; thread; wander; to move or cause to move in a sinuous, spiral, or circular course; winding; twist and turn; curve; zigzag; ramble; roam; stroll; drift; wandering path; no clear direction	travel; go; move; locomote; a bend or curve, as in a stream or river; an aimless amble on a winding course; walk; flow; slow	straight; rush; direct
affable	adjective	2	The affable shopkeeper greeted strangers warmly and chatted with everyone as though they were old friends.	diffusing warmth and friendliness	amiable; cordial; genial; friendly; diffusing warmth and friendliness		
aloof	adjective	2	He remained aloof at the party, standing apart and showing little interest in speaking with the other guests.	remote in manner	distant; upstage; reserved; remote in manner		
amiable	adjective	2	The amiable guest willingly helped everyone and tried to make each person feel comfortable and welcome.	disposed to please	good-humored; good-humoured; good-natured; disposed to please	diffusing warmth and friendliness	
ardent	adjective	2	Her ardent love of music filled her conversations with passion and led her to practice for hours.	characterized by intense emotion	fervent; fervid; fiery; impassioned; perfervid; torrid; passionate; characterized by intense emotion	characterized by strong enthusiasm; glowing or shining like fire	
astute	adjective	2	The astute tenant noticed a costly condition hidden in the lease and negotiated it before signing.	marked by practical hardheaded intelligence	sharp; shrewd; smart; marked by practical hardheaded intelligence		
austere	adjective	2	The judge's austere expression and unsmiling manner made the room feel strict and forbidding.	of a stern or strict bearing or demeanor; forbidding in aspect	stern; nonindulgent; strict; of a stern or strict bearing or demeanor; forbidding in aspect	severely simple; practicing great self-denial	
belligerent	adjective	2	His belligerent tone turned a simple disagreement into a confrontation, as though he wanted a fight.	characteristic of an enemy or one eager to fight	aggressive; hostile; characteristic of an enemy or one eager to fight	engaged in war; someone who fights (or is fighting)	
callous	adjective	2	The callous landlord laughed at the family's distress and showed no sympathy when they asked for help.	emotionally hardened	indurate; pachydermatous; insensitive; emotionally hardened	having calluses	
cantankerous	adjective	2	The cantankerous passenger argued about every seat and complained angrily whenever anyone tried to help.	having a difficult and contrary disposition	crotchety; ornery; ill-natured; having a difficult and contrary disposition	stubbornly obstructive and unwilling to cooperate	
complacent	adjective	2	After years of success, the complacent team stopped preparing carefully because they assumed they could never lose.	contented to a fault with oneself or one's actions	self-satisfied; contented; content; contented to a fault with oneself or one's actions		
conspicuous	adjective	2	The bright orange tent was conspicuous against the white snow and could be seen from far away.	obvious to the eye or mind	indiscreet; attention-getting; eye-catching; big; large; prominent; bold; crying; egregious; flagrant; glaring; gross; rank; featured; in evidence; marked; outstanding; salient; spectacular; striking; obvious to the eye or mind	without any attempt at concealment	invisible
copious	adjective	2	She took copious notes during the lecture, filling page after page with examples and explanations.	large in number or quantity (especially of discourse)	voluminous; abundant; large in number or quantity	affording an abundant supply	
cryptic	adjective	2	His cryptic message referred to a sleeping moon, leaving us unable to understand what he wanted.	of an obscure nature	deep; inscrutable; mysterious; mystifying; inexplicable; incomprehensible; of an obscure nature	having a secret or hidden meaning; having a puzzling terseness	
deft	adjective	2	With deft movements, the craftsperson repaired the tiny watch without dropping or damaging any delicate parts.	skillful in physical movements; especially of the hands	dexterous; dextrous; adroit; skillful in physical movements; especially of the hands		
diffident	adjective	2	The diffident student offered her suggestion quietly, hesitating to draw attention to herself despite her good idea.	showing modest reserve	reserved; showing modest reserve	lacking self-confidence	
docile	adjective	2	The docile pony followed the trainer's directions calmly and readily learned each new exercise.	willing to be taught or led or supervised or directed	obedient; tractable; manipulable; meek; tame; sheeplike; sheepish; yielding; willing to be taught or led or supervised or directed	ready and willing to be taught; easily handled or managed	stubborn; obstinate; unregenerate
dubious	adjective	2	The outcome remained dubious because the evidence was incomplete and nobody could say which side would win.	fraught with uncertainty or doubt	doubtful; uncertain; unsure; incertain; fraught with uncertainty or doubt	open to doubt or suspicion; not convinced	
elusive	adjective	2	The poem created an elusive feeling that I recognized but could not put into clear words.	difficult to describe	unidentifiable; difficult to describe	skillful at eluding capture; difficult to detect or grasp by the mind or analyze; making great mental demands	
eminent	adjective	2	The eminent scientist was respected above her peers and invited to lead the country's most important research institute.	standing above others in quality or position	high; superior; standing above others in quality or position	of imposing height	
erratic	adjective	2	The erratic signal jumped unpredictably from strong to weak, making a steady connection impossible.	liable to sudden unpredictable change	fickle; mercurial; quicksilver; changeable; changeful; liable to sudden unpredictable change	having no fixed course; likely to perform unpredictably	
exuberant	adjective	2	The exuberant children shouted, danced, and hugged each other, unable to contain their excitement.	unrestrained, especially with regard to feelings	excessive; extravagant; overweening; unrestrained; unrestrained, especially with regard to feelings	joyously unrestrained; produced or growing in extreme abundance	
fervent	adjective	2	Her fervent appeal carried such intense emotion that her voice shook as she begged the council to act.	characterized by intense emotion	ardent; fervid; fiery; impassioned; perfervid; torrid; passionate; characterized by intense emotion	(archaic) extremely hot, burning, or glowing	
fastidious	adjective	2	The fastidious guest inspected every glass for marks and sent back a plate with one tiny spot.	giving careful attention to detail; hard to please; excessively concerned with cleanliness	refined; tidy; choosy; choosey; dainty; nice; overnice; prissy; squeamish; finical; finicky; fussy; particular; picky; meticulous; pernickety; persnickety; old-maidish; old-womanish; giving careful attention to detail; hard to please; excessively concerned with cleanliness	having complicated nutritional requirements	
fortuitous	adjective	2	Our fortuitous meeting happened entirely by chance when we both missed our trains and entered the same cafe.	having no cause or apparent cause	causeless; uncaused; unintended; having no cause or apparent cause	occurring by happy chance	
furtive	adjective	2	He cast a furtive glance at the hidden parcel, moving carefully so nobody would notice his interest.	marked by quiet and caution and secrecy; taking pains to avoid being observed	sneak; sneaky; stealthy; surreptitious; concealed; marked by quiet and caution and secrecy; taking pains to avoid being observed	secret and sly or sordid	
haughty	adjective	2	The haughty noble treated the servants as beneath her and would not even acknowledge their greetings.	having or showing arrogant superiority to and disdain of those one views as unworthy	disdainful; imperious; lordly; overbearing; prideful; sniffy; supercilious; swaggering; proud; having or showing arrogant superiority to and disdain of those one views as unworthy		
impetuous	adjective	2	His impetuous decision sent him racing into the river without first checking how deep or fast it was.	characterized by undue haste and lack of thought or deliberation	hotheaded; impulsive; madcap; tearaway; brainish; incautious; characterized by undue haste and lack of thought or deliberation	marked by violent force	
incessant	adjective	2	The incessant tapping continued through the entire night without a single quiet break.	uninterrupted in time and indefinitely long continuing	ceaseless; constant; never-ending; perpetual; unceasing; unremitting; continuous; uninterrupted; uninterrupted in time and indefinitely long continuing		
indolent	adjective	2	The indolent worker avoided every task that required effort and spent the afternoon lounging in a chair.	disinclined to work or exertion	faineant; lazy; otiose; slothful; work-shy; idle; disinclined to work or exertion	(of tumors, e.g.) slow to heal or develop and usually painless	
innate	adjective	2	Her innate musical gift appeared before any lessons; she could reproduce tunes accurately as a very young child.	being talented through inherited qualities	natural; born; intelligent; being talented through inherited qualities	not established by conditioning or learning; present at birth but not necessarily hereditary	
insolent	adjective	2	His insolent behavior shocked the formal gathering as he ignored every convention and spoke without restraint.	unrestrained by convention or propriety	audacious; barefaced; bodacious; bald-faced; brassy; brazen; brazen-faced; unashamed; unrestrained by convention or propriety	marked by casual disrespect	
intrepid	adjective	2	The intrepid explorer entered the dangerous cave without being frightened by the warnings or the darkness.	invulnerable to fear or intimidation	audacious; brave; dauntless; fearless; hardy; unfearing; bold; invulnerable to fear or intimidation		
jovial	adjective	2	Our jovial host laughed heartily, told cheerful stories, and kept the whole table in high spirits.	full of or showing high-spirited merriment	gay; jocund; jolly; merry; mirthful; joyous; full of or showing high-spirited merriment		
malleable	adjective	2	The malleable metal could be bent and shaped into a bracelet without cracking or breaking.	capable of being shaped or bent or drawn out	ductile; pliable; pliant; tensile; tractile; formed; capable of being shaped or bent or drawn out	easily influenced	
mercurial	adjective	2	In the old astrology book, a mercurial temperament was described as being under the influence of the planet Mercury.	relating to or under the (astrological) influence of the planet Mercury	relating to or under the   influence of the planet Mercury	relating to or having characteristics (eloquence, shrewdness, swiftness, thievishness) attributed to the god Mercury; relating to or containing or caused by mercury; liable to sudden unpredictable change	
nonchalant	adjective	2	She gave a nonchalant shrug when the plans changed, acting unconcerned while everyone else worried.	marked by blithe unconcern	casual; insouciant; unconcerned; marked by blithe unconcern		
oblivious	adjective	2	Absorbed in his book, he was oblivious to the rain and did not notice his clothes getting wet.	(followed by ‘to’ or ‘of’) lacking conscious awareness of	unmindful; unaware; incognizant; lacking conscious awareness of	failing to keep in mind	
obstinate	adjective	2	The obstinate pupil refused every instruction and would not change course even after patient guidance.	resistant to guidance or discipline	contrary; perverse; wayward; disobedient; resistant to guidance or discipline	tenaciously unwilling or marked by tenacious unwillingness to yield; stubbornly persistent in wrongdoing; persist stubbornly	
ominous	adjective	2	The ominous cracking sound above us suggested that the damaged roof might collapse at any moment.	threatening or foreshadowing evil or tragic developments	baleful; forbidding; menacing; minacious; minatory; sinister; threatening; alarming; threatening or foreshadowing evil or tragic developments	presaging ill fortune	
pragmatic	adjective	2	Her pragmatic plan focused on the tools and money we actually had instead of imagining a perfect solution.	concerned with practical matters	matter-of-fact; practical; concerned with practical matters	of or concerning the theory of pragmatism; guided by practical experience and observation rather than theory; an imperial decree that becomes part of the fundamental law of the land	
prolific	adjective	2	The prolific novelist completed several books each year and continued producing new stories throughout her long career.	intellectually productive	fecund; fertile; productive; intellectually productive	bearing in abundance especially offspring	
prudent	adjective	2	It was prudent to save some water for the return journey rather than drink it all at once.	careful and sensible; marked by sound judgment	careful; provident; responsible; wise; advisable; circumspect; discreet; judicious; heady; careful and sensible; marked by sound judgment		
rancid	adjective	2	The old butter smelled rancid after sitting in the heat, with an unpleasant odor that made us discard it.	(used of decomposing oils or fats) having a rank smell or taste usually due to a chemical change or decomposition	stale; having a rank smell or taste usually due to a chemical change or decomposition	smelling of fermentation or staleness	
sardonic	adjective	2	After the machine failed again, he gave a sardonic smile and called it another triumph of modern engineering.	disdainfully or ironically humorous; scornful and mocking	snarky; sarcastic; disdainfully or ironically humorous; scornful and mocking		
scrutinize	verb	2	The inspector will scrutinize every seam, looking closely for tiny flaws that a quick glance might miss.	to look at critically or searchingly, or in minute detail	size up; take stock; scrutinise; to look at critically or searchingly, or in minute detail	examine; see; examine carefully for accuracy with the intent of verification	
spurious	adjective	2	The seller's spurious certificate looked official, but the museum confirmed that it was a fake.	ostensibly valid, but not actually valid	invalid; ostensibly valid, but not actually valid	plausible but false; born out of wedlock; false or fake	
stoic	adjective	2	She remained stoic through the painful treatment, showing no outward reaction even when it hurt.	seeming unaffected by pleasure or pain; impassive	unemotional; seeming unaffected by pleasure or pain; impassive	a member of the ancient Greek school of philosophy founded by Zeno; someone who is seemingly indifferent to emotions	
succinct	adjective	2	His succinct report explained the main result in three short sentences without unnecessary details.	briefly giving the gist of something	compendious; compact; summary; concise; briefly giving the gist of something		
superfluous	adjective	2	A second set of identical instructions was superfluous because everyone already had all the information they needed.	more than is needed, desired, or required	excess; extra; redundant; spare; supererogatory; supernumerary; surplus; unnecessary; unneeded; more than is needed, desired, or required	serving no useful purpose	
tenuous	adjective	2	At that height, the tenuous air was so thin that each breath provided much less oxygen.	having thin consistency	thin; having thin consistency	very thin in gauge or diameter; lacking substance or significance	
vehement	adjective	2	Her vehement objection was delivered with such intense feeling that she slammed her hand on the table.	marked by extreme intensity of emotions or convictions; inclined to react violently; fervid	fierce; tearing; violent; trigger-happy; intense; marked by extreme intensity of emotions or convictions; inclined to react violently; fervid	characterized by great force or energy	
verbose	adjective	2	The verbose speaker took twenty minutes to explain a simple point that needed only a few words.	using or containing too many words	long-winded; tedious; windy; wordy; prolix; verbal; using or containing too many words		
vindictive	adjective	2	The vindictive rival spread rumors to get revenge after losing the competition, hoping to hurt the winner.	disposed to seek revenge or intended for revenge	revengeful; vengeful; unforgiving; disposed to seek revenge or intended for revenge	showing malicious ill will and a desire to hurt	
wistful	adjective	2	She gave a wistful smile at the old photograph, quietly saddened by memories of friends she missed.	showing pensive sadness	pensive; sad; showing pensive sadness		
abate	verb	2	By evening the storm began to abate, with weaker winds and much lighter rain than before.	become less in amount or intensity	let up; slack off; slack; die away; become less in amount or intensity	decrease; diminish; lessen; fall; make less active or intense	
admonish	verb	2	The supervisor had to admonish the worker, speaking firmly about the repeated mistakes and careless behavior.	take to task	reprove; reproof; take to task	knock; criticize; criticise; pick apart; advise or counsel in terms of someone's behavior; warn strongly	
concede	verb	2	Seeing that his opponent had an unbeatable lead, he decided to concede and acknowledge that he had lost.	acknowledge defeat	acknowledge defeat	surrender; give up; admit (to a wrongdoing); give over	
emulate	verb	2	The young painter tried to emulate her teacher by studying his technique and striving to match his skill.	strive to equal or match, especially by imitating	strive to equal or match, especially by imitating	imitate; copy; simulate; imitate the function of (another system), as by modifying the hardware or the software; compete with successfully	
hinder	adjective	2	In the old anatomy text, the animal's hinder legs were the pair at the back of its body.	located at or near the back of an animal	back; hind; posterior; located at or near the back of an animal	be a hindrance or obstacle to; put at a disadvantage	
mitigate	verb	2	The trees helped mitigate the summer heat, reducing its severity by shading the courtyard.	to temper	to temper	decrease; lessen; minify; lessen or to try to lessen the seriousness or extent of	
procrastinate	verb	2	I tend to procrastinate on difficult assignments, putting them off even when I know I should start now.	postpone doing what one should be doing	stall; drag one's feet; drag one's heels; shillyshally; dilly-dally; dillydally; postpone doing what one should be doing	delay; postpone or delay needlessly	
relinquish	verb	2	She agreed to relinquish her claim to the land, giving up the right she had previously held.	part with a possession or right	release; resign; free; give up; part with a possession or right	pass; hand; reach; pass on; turn over; give; do without or cease to hold or adhere to; turn away from; release, as from one's grip	
rectify	verb	2	In geometry class, we learned to rectify a curve by determining the length along its curved path.	determine the length of	determine the length of	determine; find; find out; ascertain; reduce to a fine, unmixed, or pure state; bring, lead, or force to abandon a wrong or evil course of life, conduct, and adopt a right one; set straight or right; make right or correct; convert into direct current	
renounce	verb	2	He chose to renounce his former beliefs, openly casting aside the ideas he had once defended.	cast off	disown; repudiate; cast off	reject; give up, such as power, as of monarchs and emperors, or duties and obligations; leave (a job, post, or position) voluntarily; turn away from	
squander	verb	2	He began to squander his savings on things he never used, wasting money that had taken years to earn.	spend thoughtlessly; throw away	waste; blow; spend thoughtlessly; throw away	consume; eat up; use up; eat; deplete; exhaust; run through; wipe out; use; expend; spend extravagantly	
ubiquitous	adjective	3	The company's logo seemed ubiquitous in the town, appearing on buses, bags, signs, and shop windows everywhere.	being present everywhere at once	omnipresent; present; being present everywhere at once; everywhere; all over; all around; common; widespread; seen everywhere; in every place; universal		rare; unique; scarce; nowhere
sanguine	adjective	3	Despite the setback, she remained sanguine about their chances and cheerfully expected the next attempt to succeed.	confidently optimistic and cheerful	optimistic; confidently optimistic and cheerful; hopeful; positive; cheerful; confident; upbeat; expects the best; looks on the bright side	inclined to a healthy reddish color often associated with outdoor life; a blood-red color; chalk of a reddish-brown colour that resembles dried blood	pessimistic; hopeless; gloomy; bloody; negative
obfuscate	verb	3	The report used confusing jargon to obfuscate the mistake, making it harder for readers to understand what happened.	make obscure or unclear	make obscure or unclear; make unclear; make confusing; confuse; hide; obscure; muddle; cover up; make hard to understand; complicate	change; alter; modify	clarify; clear up; elucidate; explain; make clear; simplify; reveal
laconic	adjective	3	His laconic reply consisted of just two words, giving the answer directly without any extra explanation.	brief and to the point; effectively cut short	crisp; curt; terse; concise; brief and to the point; effectively cut short; few words; brief; short; not say much; doesn't talk much; quiet; succinct; to the point		talkative; wordy; chatty; long winded; verbose
magnanimous	adjective	3	The magnanimous winner praised her defeated rival and offered support instead of taking the chance to gloat.	noble and generous in spirit	greathearted; noble; noble and generous in spirit; generous; forgiving; big hearted; gracious; kind to rivals; kind; charitable; not petty; good sport	generous and understanding and tolerant	petty; spiteful; mean; selfish; vengeful
quixotic	adjective	3	His quixotic plan to end every disagreement in a single afternoon was noble but hopelessly unrealistic.	not sensible about practical matters; idealistic and unrealistic	romantic; wild-eyed; impractical; not sensible about practical matters; idealistic and unrealistic; idealistic; unrealistic; dreamy; foolishly hopeful; unlikely to work; head in the clouds; over ambitious	crazy; brave; ambitious	practical; realistic; sensible; quick
perfunctory	adjective	3	She gave the report a perfunctory glance, rushing through it without checking the details or doing a thorough job.	hasty and without attention to detail; not thorough	casual; cursory; passing; superficial; careless; hasty and without attention to detail; not thorough; quick and careless; half hearted; without care; without effort; rushed; minimal effort; just to get it done; routine; mechanical; going through the motions	done or produced as a formality only; quick; lazy	thorough; careful; meticulous; enthusiastic
pugnacious	adjective	3	The pugnacious player answered every disagreement with threats and seemed ready to use his fists.	ready and able to resort to force or violence	rough; aggressive; ready and able to resort to force or violence; violent; uses force; wants to fight; likes to fight; likes fighting; quarrelsome; combative; argumentative; belligerent; hostile; confrontational	tough and callous by virtue of experience; angry; rude; mean	peaceful; gentle; calm; timid
ebullient	adjective	3	The ebullient crowd burst into joyful cheers and dancing when the long-awaited rescue boat appeared.	joyously unrestrained	exuberant; high-spirited; spirited; joyously unrestrained; cheerful; enthusiastic; excited; bubbly; lively; energetic; full of energy; joyful; very happy	happy; loud	gloomy; sad; lethargic; calm
capricious	adjective	3	The capricious director changed the plan on a sudden whim, giving no reason for abandoning yesterday's instructions.	determined by chance or impulse or whim rather than by necessity or reason	impulsive; whimsical; arbitrary; determined by chance or impulse or whim rather than by necessity or reason; unpredictable; changes suddenly; changes a lot; changeable; fickle; moody; erratic; random		steady; stable; predictable; consistent
esoteric	adjective	3	The discussion was full of esoteric terms understood only by the small group of specialists in that field.	confined to and understandable by only an enlightened inner circle	private; abstruse; deep; recondite; arcane; cabalistic; kabbalistic; qabalistic; cryptic; cryptical; sibylline; mysterious; mystic; mystical; occult; secret; orphic; confined to and understandable by only an enlightened inner circle; obscure; specialized; specialised; known by few; only a few people; niche; hard to understand; not well known	strange; weird	exoteric; common; popular; well known; simple
inscrutable	adjective	3	His inscrutable expression gave us no clue whether he was pleased, worried, or angry about the news.	of an obscure nature	cryptic; cryptical; deep; mysterious; mystifying; inexplicable; incomprehensible; of an obscure nature; hard to read; impossible to understand; hard to understand; can't tell what they think; unreadable; enigmatic; puzzling; blank		obvious; clear; open; readable
loquacious	adjective	3	Our loquacious companion talked endlessly about small daily details throughout the journey, barely pausing for breath.	full of trivial conversation	chatty; gabby; garrulous; talkative; talky; voluble; full of trivial conversation; talks a lot; wordy; never stops talking; likes to talk		quiet; silent; laconic; shy
tenacious	adjective	3	The tenacious campaigner refused to abandon her cause despite years of opposition and repeated setbacks.	stubbornly unyielding	dogged; dour; persistent; pertinacious; unyielding; stubborn; obstinate; unregenerate; stubbornly unyielding; determined; doesn't give up; does not give up; never gives up; keeps trying; relentless; strong willed	good at remembering; sticking together	weak; gives up; quitter; lazy
ostentatious	adjective	3	His ostentatious entrance featured a jeweled coat and a procession of attendants meant to impress everyone watching.	intended to attract notice and impress others	pretentious; flaunty; flamboyant; showy; splashy; intended to attract notice and impress others; show off; flashy; extravagant; to impress; attention seeking; over the top; gaudy; boastful	(of a display) tawdry or vulgar	unpretentious; unpretending; modest; plain; humble; simple
benign	adjective	3	The specialist described the growth as benign because it was not cancerous and posed no danger to her health.	not dangerous to health; not recurrent or progressive (especially of a tumor)	not dangerous to health; not recurrent or progressive; harmless; not harmful; not dangerous; gentle; kind; mild; safe; not cancer; nothing to worry about	pleasant and beneficial in nature or influence; kindness of disposition or manner	malignant; harmful; dangerous; deadly
abstruse	adjective	3	The abstruse proof was so difficult to follow that even experienced students struggled to understand its reasoning.	difficult to penetrate; incomprehensible to one of ordinary understanding or knowledge	deep; recondite; esoteric; difficult to penetrate; incomprehensible to one of ordinary understanding or knowledge		
acerbic	adjective	3	Her acerbic review mocked the performers with biting remarks that left them hurt and discouraged.	harsh or corrosive in tone	acerb; acid; acrid; bitter; blistering; caustic; sulfurous; sulphurous; virulent; vitriolic; unpleasant; harsh or corrosive in tone	sour or bitter in taste	
anachronistic	adjective	3	The wristwatch looked anachronistic in the film because the story took place centuries before watches were invented.	chronologically misplaced	anachronic; anachronous; asynchronous; chronologically misplaced		
assiduous	adjective	3	Through assiduous practice, she worked carefully every day and kept improving even when progress was slow.	marked by care and persistent effort	sedulous; diligent; marked by care and persistent effort		
bellicose	adjective	3	The bellicose leader threatened war at every disagreement and showed little interest in peaceful discussion.	having or showing a ready disposition to fight	battleful; combative; aggressive; having or showing a ready disposition to fight		
circumspect	adjective	3	The circumspect traveler considered the possible consequences and checked the route before agreeing to go.	heedful of potential consequences	discreet; prudent; heedful of potential consequences		
cogent	adjective	3	Her cogent argument used strong evidence and clear reasoning that persuaded even the most doubtful listeners.	powerfully persuasive	telling; weighty; persuasive; powerfully persuasive		
convivial	adjective	3	The convivial gathering centered on shared food, lively conversation, and the pleasure of spending time with friends.	occupied with or fond of the pleasures of good company	good-time; sociable; occupied with or fond of the pleasures of good company		
deleterious	adjective	3	The chemical had a deleterious effect on the pond, damaging plants and killing the fish that lived there.	harmful to living things	hurtful; injurious; harmful; harmful to living things		
desultory	adjective	3	Our desultory conversation jumped from weather to books to gardening without any clear plan or purpose.	marked by lack of definite plan or regularity or purpose; jumping from one thing to another	purposeless; marked by lack of definite plan or regularity or purpose; jumping from one thing to another		
diaphanous	adjective	3	The diaphanous curtain was so thin that sunlight passed through it and we could see the garden beyond.	so thin as to transmit light	filmy; gauzy; gauze-like; gossamer; see-through; sheer; transparent; vaporous; vapourous; cobwebby; thin; so thin as to transmit light		
disingenuous	adjective	3	His disingenuous question pretended innocent curiosity, although he already knew the answer and wanted to embarrass her.	not straightforward or candid; giving a false appearance of frankness	artful; insincere; distorted; misrepresented; perverted; twisted; not straightforward or candid; giving a false appearance of frankness		ingenuous; artless
effervescent	adjective	3	Her effervescent personality filled the room with excitement, lively stories, and infectious enthusiasm.	marked by high spirits or excitement	bubbling; frothy; scintillating; sparkly; lively; marked by high spirits or excitement	used of wines and waters; (of a liquid) giving off bubbles	
egregious	adjective	3	Falsifying every result was an egregious breach of trust, far worse than an ordinary careless mistake.	conspicuously and outrageously bad or reprehensible	crying; flagrant; glaring; gross; rank; conspicuous; conspicuously and outrageously bad or reprehensible		
equivocal	adjective	3	Her equivocal reply could mean either agreement or refusal, leaving us uncertain which she intended.	open to two or more interpretations; or of uncertain nature or significance; or (often) intended to mislead	ambiguous; double; forked; evasive; indeterminate; open to two or more interpretations; or of uncertain nature or significance; or   intended to mislead	open to question; uncertain as a sign or indication	univocal; unambiguous
erudite	adjective	3	The erudite professor drew on a deep knowledge of history and could explain obscure events in detail.	having or showing profound knowledge	learned; scholarly; having or showing profound knowledge		
evanescent	adjective	3	The evanescent mist faded like breath on a mirror, disappearing almost as soon as the sun reached it.	tending to vanish like vapor	impermanent; temporary; tending to vanish like vapor		
grandiloquent	adjective	3	In a grandiloquent speech, he boasted of his unmatched greatness and described himself as the savior of the city.	puffed up with vanity	overblown; pompous; pontifical; portentous; pretentious; puffed up with vanity	lofty in style	
hapless	adjective	3	The hapless traveler lost his ticket, missed the last bus, and then found that his wallet was gone.	deserving or inciting pity	miserable; misfortunate; pathetic; piteous; pitiable; pitiful; poor; wretched; unfortunate; deserving or inciting pity		
idiosyncratic	adjective	3	Her idiosyncratic way of greeting people, with three taps on her hat, was a habit nobody else shared.	peculiar to the individual	individual; single; case-by-case; item-by-item; peculiar to the individual		
incorrigible	adjective	3	The incorrigible troublemaker ignored every warning and continued disrupting the class despite repeated attempts to guide him.	difficult or impossible to manage or control	unmanageable; difficult; difficult or impossible to manage or control	impervious to correction by punishment	
indefatigable	adjective	3	The indefatigable volunteer kept working enthusiastically long after the rest of us had become too tired to continue.	showing sustained enthusiastic action with unflagging vitality	tireless; unflagging; unwearying; energetic; showing sustained enthusiastic action with unflagging vitality		
ineffable	adjective	3	The music filled her with an ineffable joy that she could feel deeply but could not express in words.	defying expression or description	indefinable; indescribable; unspeakable; untellable; unutterable; inexpressible; unexpressible; defying expression or description	too sacred to be uttered	
insipid	adjective	3	The insipid soup tasted almost like warm water, with no herbs, salt, or other noticeable flavor.	lacking taste or flavor or tang	bland; flat; flavorless; flavourless; savorless; savourless; vapid; tasteless; lacking taste or flavor or tang	lacking interest or significance or impact	
intransigent	adjective	3	The intransigent negotiator refused to change a single demand despite evidence, reasoned arguments, and repeated pleas.	impervious to pleas, persuasion, requests, reason	adamant; adamantine; inexorable; inflexible; impervious to pleas, persuasion, requests, reason		
irascible	adjective	3	His irascible response to a simple question was an angry outburst that startled everyone nearby.	characterized by anger	choleric; angry; characterized by anger	quickly aroused to anger	
jejune	adjective	3	The families survived on a jejune diet of tiny portions that did not provide enough food for their needs.	of insufficient quantity to meet a need	inadequate; poor; short; insufficient; deficient; of insufficient quantity to meet a need	displaying or suggesting a lack of maturity; lacking interest or significance or impact	
maudlin	adjective	3	His maudlin speech overflowed with exaggerated tears and sentimental declarations that sounded more theatrical than sincere.	effusively or insincerely emotional	bathetic; drippy; hokey; mawkish; kitschy; mushy; schmaltzy; schmalzy; sentimental; sappy; soppy; soupy; slushy; emotional; effusively or insincerely emotional		
mendacious	adjective	3	The mendacious witness repeatedly told lies, inventing events that the recordings showed had never happened.	given to lying	untruthful; given to lying	intentionally untrue	
munificent	adjective	3	The munificent gift paid for the entire new library and left enough money to buy thousands of books.	very generous	lavish; overgenerous; too-generous; unsparing; unstinted; unstinting; generous; very generous		
nefarious	adjective	3	The villains devised a nefarious scheme to poison the wells and force the villagers from their homes.	extremely wicked	villainous; wicked; extremely wicked		
obsequious	adjective	3	The obsequious assistant praised every remark the manager made and eagerly agreed with even the most foolish suggestions.	attentive in an ingratiating or servile manner	servile; attentive in an ingratiating or servile manner	attempting to win favor from influential people by flattery	
obstreperous	adjective	3	The obstreperous children shouted over every instruction and stubbornly refused to quiet down when the teacher asked.	noisily and stubbornly defiant	defiant; noncompliant; noisily and stubbornly defiant	boisterously and noisily aggressive	
officious	adjective	3	The officious guest kept interrupting the organizers with unwanted orders about tasks that were none of his business.	intrusive in a meddling or offensive manner	interfering; meddlesome; meddling; busy; busybodied; intrusive; intrusive in a meddling or offensive manner		
parsimonious	adjective	3	The parsimonious owner refused to spend money on heating even though the business could easily afford it.	excessively unwilling to spend	penurious; stingy; ungenerous; excessively unwilling to spend		
pellucid	adjective	3	The pellucid stream was so clear that we could see every pebble resting on its bed.	transmitting light; able to be seen through with clarity	crystalline; crystal clear; limpid; lucid; transparent; clear; transmitting light; able to be seen through with clarity	(of language) transparently clear	
penurious	adjective	3	Despite his wealth, he lived in a penurious manner and refused to spend even a little on comfort.	excessively unwilling to spend	parsimonious; stingy; ungenerous; excessively unwilling to spend	not having enough money to pay for necessities	
perspicacious	adjective	3	The perspicacious investigator noticed the hidden connection between the clues and understood what everyone else had missed.	acutely insightful and wise	sagacious; sapient; wise; acutely insightful and wise	mentally acute or penetratingly discerning	
phlegmatic	adjective	3	His phlegmatic response showed little emotion; even the surprising news barely changed his expression or voice.	showing little emotion	unemotional; showing little emotion		
propitious	adjective	3	Clear weather and steady winds made the morning propitious for sailing, giving the voyage a good chance of success.	presenting favorable circumstances; likely to result in or show signs of success	auspicious; favorable; favourable; golden; lucky; prosperous; gracious; presenting favorable circumstances; likely to result in or show signs of success		
puerile	adjective	3	The medical history described a puerile breathing pattern, referring to the kind normally heard in a child.	of or characteristic of a child	of or characteristic of a child	displaying or suggesting a lack of maturity	
recalcitrant	adjective	3	The recalcitrant workers openly resisted the supervisor's orders and stubbornly refused to follow the new rules.	marked by stubborn resistance to authority	defiant; noncompliant; marked by stubborn resistance to authority	stubbornly resistant to authority or control	
redolent	adjective	3	The old song was redolent of summer holidays, bringing childhood afternoons vividly back to her mind.	serving to bring to mind	evocative; remindful; reminiscent; resonant; mindful; aware; serving to bring to mind	(used with ‘of’ or ‘with’) noticeably odorous; having a strong pleasant odor	
sagacious	adjective	3	The sagacious adviser saw the risks others had overlooked and offered a wise solution grounded in experience.	acutely insightful and wise	perspicacious; sapient; wise; acutely insightful and wise	skillful in statecraft or management	
salubrious	adjective	3	The village was known for its salubrious surroundings, where clean air and fresh water supported good health.	promoting health; healthful	healthy; good for you; wholesome; promoting health; healthful	favorable to health of mind or body	
sanctimonious	adjective	3	His sanctimonious speeches condemned everyone else's faults while he secretly committed the same acts he claimed to despise.	excessively or hypocritically pious	holier-than-thou; pietistic; pietistical; pharisaic; pharisaical; self-righteous; pious; excessively or hypocritically pious		
torpid	adjective	3	After hours in the stifling heat, my torpid mind struggled to respond and showed little interest in anything.	slow and apathetic	inert; sluggish; soggy; inactive; slow and apathetic	in a condition of biological rest or suspended animation	
truculent	adjective	3	Her truculent speech challenged every opponent aggressively and made clear that she was ready for a confrontation.	defiantly aggressive	aggressive; defiantly aggressive		
unctuous	adjective	3	The salesperson's unctuous compliments sounded so exaggerated and insincere that we distrusted every flattering word.	unpleasantly and excessively suave or ingratiating in manner or speech	buttery; fulsome; oily; oleaginous; smarmy; soapy; insincere; unpleasantly and excessively suave or ingratiating in manner or speech		
vacillate	verb	3	The line on the monitor began to vacillate, rising and falling in a repeating wave instead of staying level.	move or sway in a rising and falling or wavelike pattern	fluctuate; waver; move or sway in a rising and falling or wavelike pattern	swing; be undecided about something	
venal	adjective	3	The venal official accepted bribes and changed his decisions whenever someone offered him enough money.	capable of being corrupted	corruptible; bribable; dishonest; purchasable; corrupt; capable of being corrupted		
vitriolic	adjective	3	His vitriolic critique attacked the writer with bitter insults instead of offering a calm discussion of the book.	harsh or corrosive in tone	acerb; acerbic; acid; acrid; bitter; blistering; caustic; sulfurous; sulphurous; virulent; unpleasant; harsh or corrosive in tone	of a substance, especially a strong acid	
vociferous	adjective	3	The vociferous crowd shouted its demands so loudly and insistently that the speaker could not be heard.	conspicuously and offensively loud; given to vehement outcry	blatant; clamant; clamorous; strident; noisy; conspicuously and offensively loud; given to vehement outcry		
