# Extra Word Meaning words. Sentences are the lexicon's Open English WordNet example,
# or one Tatoeba CC0 sentence when the word has a single meaning. The reviewed bank is unchanged.
# word	kind	level	sentence	definition	right	close	wrong
abet	verb	2	It's illegal to aid and abet another person in committing a felony.	assist or encourage, usually in some wrongdoing	assist or encourage, usually in some wrongdoing	assist	
abeyance	noun	2	I'll hold my judgment in abeyance until there is more information available.	temporary cessation or suspension	suspension; temporary cessation or suspension	inaction; inactivity; inactiveness	
abhorrence	noun	2	He said both men agreed they share an "abhorrence and distaste" for war.	hate coupled with disgust	abomination; detestation; execration; loathing; odium; hate coupled with disgust	hate; hatred; disgust	
abscess	noun	2	Doctors drained an abscess on one of his tonsils and released him two days later.	symptom consisting of a localized collection of pus surrounded by inflamed tissue	symptom consisting of a localized collection of pus surrounded by inflamed tissue	symptom	
absentee	noun	2	The absentee landlord requires a state to enforce his claims to the property.	one that is absent or not in residence	one that is absent or not in residence	traveler; traveller	
accordion	noun	2	The accordion is a boxlike instrument, a squeezable bellows with a keyboard.	a portable box-shaped free-reed instrument; the reeds are made to vibrate by air from the bellows controlled by the player	squeeze box; a portable box-shaped free-reed instrument; the reeds are made to vibrate by air from the bellows controlled by the player	free-reed instrument; keyboard instrument	
acetylene	noun	2	Cassini's atmospheric sensing instruments have revealed other carbon compounds, too, such as benzene and acetylene.	a colorless flammable gas used chiefly in welding and in organic synthesis	ethyne; alkyne; a colorless flammable gas used chiefly in welding and in organic synthesis	aliphatic compound	
action	noun	1	Actions can be categorized in several ways, including single action versus double action, break action versus bolt action, and others.	In firearms terminology, the mechanism that handles the ammunition (loads, locks, fires, and extracts the cartridges).	In firearms terminology, the mechanism that handles the ammunition  .	something done (usually as opposed to something said); the state of being active; a military engagement; a process existing in or produced by nature (rather than by the intent of human beings); the series of events that form a plot; the trait of being active and energetic and forceful; the operating part that transmits power to a mechanism; a judicial proceeding brought by one party against another; an act by a government body or supranational organization; the most important or interesting work or activity in a specific area or field; institute legal proceedings against; put in effect	
adage	noun	2	There must always be two parties to a quarrel, says the old adage.	a condensed but memorable saying embodying some important fact of experience that is taken as true by many people	proverb; saw; byword; a condensed but memorable saying embodying some important fact of experience that is taken as true by many people	saying; expression; locution	
aerogel	noun	2	The microscope collects stacks of digital images of the aerogel collectors in the array.	a synthetic porous ultralight material derived from a gel, in which the liquid component of the gel has been replaced with a gas	a synthetic porous ultralight material derived from a gel, in which the liquid component of the gel has been replaced with a gas	substance	
aeronaut	noun	2	Each web acts as a balloon, and the spider attached thereto is a little aeronaut.	someone who operates an aircraft	aviator; flier; flyer; someone who operates an aircraft	skilled worker; trained worker	
affectation	noun	2	I don’t see any content in his statements besides clowning, affectation, and pretentiousness.	a deliberate pretense or exaggerated display	mannerism; pose; affectedness; a deliberate pretense or exaggerated display	pretense; pretence; pretending; simulation; feigning	
affricate	noun	2	The Hebrew letter tsadi probably didn't originally have an affricate pronunciation.	a composite speech sound consisting of a stop and a fricative articulated at the same point (as ‘ch’ in ‘chair’ and ‘j’ in ‘joy’)	affricative; a composite speech sound consisting of a stop and a fricative articulated at the same point	obstruent	
agribusiness	noun	2	She plans to launch an agribusiness once she is done with her studies.	a large-scale farming enterprise	agriculture; factory farm; a large-scale farming enterprise	commercial enterprise; business enterprise; business	
ailment	noun	2	Johnny Depp's daughter is reportedly recovering from an unspecified serious ailment.	an often persistent bodily disorder or disease; a cause for complaining	complaint; ill; an often persistent bodily disorder or disease; a cause for complaining	disorder; upset	
airborne	adjective	1	They published the first study linking airborne plastic fragments and fibers to climate change Wednesday.	moved or conveyed by or through air	mobile; moved or conveyed by or through air		
airstrip	noun	2	The report says another airstrip could be ready by the end of this year.	an airfield without normal airport facilities	flight strip; landing strip; strip; an airfield without normal airport facilities	airfield; landing field; flying field; field	
algal	adjective	2	Algal overload is common in waterways worldwide caused by fertilizer runoff and poor sewage management.	of or relating to alga	of or relating to alga		
algorithm	noun	1	Twitter's algorithm already had a right-wing bias before its acquisition by arch-reactionary Elon Musk.	a precise rule (or set of rules) specifying how to solve some problem	a precise rule   specifying how to solve some problem	rule; formula	
altercation	noun	2	Tom insisted it was merely a verbal altercation and never got physical.	noisy quarrel	affray; fracas; noisy quarrel	quarrel; wrangle; row; words; run-in; dustup	
analytically	adverb	2	Assuming that the distinction is maintained, one may ask which is to be analytically prior?	by virtue of analysis	by virtue of analysis		
anesthesia	noun	1	She had a reaction to the anesthesia she was given prior to plastic surgery.	loss of bodily sensation with or without loss of consciousness	anaesthesia; loss of bodily sensation with or without loss of consciousness	physical condition; physiological state; physiological condition	
aneurism	noun	2	The study suggests two possible ways that cocaine might lead to an aneurism.	a cardiovascular disease characterized by a saclike widening of an artery resulting from weakening of the artery wall	aneurysm; a cardiovascular disease characterized by a saclike widening of an artery resulting from weakening of the artery wall	cardiovascular disease	
anna	noun	2	Anna was astounded by the contrast between the Titus of Sunday and the Titus of Monday.	a former copper coin of Pakistan and India	a former copper coin of Pakistan and India	Pakistani monetary unit; Indian monetary unit	
annihilated	adjective	2	Tomasz and colleagues found that a new antibiotic called Ceftobiprole annihilated colonies of MRSA.	destroyed completely	exterminated; wiped out; destroyed; destroyed completely		
anthropopathism	noun	2	Moreover, when hate is attributed to God in scriptural translations, it is most likely an anthropopathism.	Attribution of human feelings to things not human, such as inanimate objects, animals, or natural phenomena.	Attribution of human feelings to things not human, such as inanimate objects, animals, or natural phenomena.	anthropomorphism; theanthropism	
antimalarial	noun	2	Gin and tonic was the favored drink of British colonials due to its antimalarial quinine content.	a medicinal drug used to prevent or treat malaria	a medicinal drug used to prevent or treat malaria	antiprotozoal; antiprotozoal drug	
apartheid	noun	2	Netanyahu promised permanent apartheid in the West Bank to save his political career.	a social policy or racial segregation involving political and economic and legal discrimination against people who are not Whites; the former official policy in South Africa	a social policy or racial segregation involving political and economic and legal discrimination against people who are not Whites; the former official policy in South Africa	social policy	
appalling	noun	2	Is it better to view the appalling or merely hear of it?	an experience that appalls	an experience that appalls	experience; causing consternation	
appearing	noun	1	Being of a diffident nature, he preferred private practice to appearing in the lecture hall.	formal attendance (in court or at a hearing) of a party in an action	appearance; coming into court; formal attendance   of a party in an action	attendance; attending	
appendicitis	noun	2	In September, just two weeks into her fourth outing, Agnes died of appendicitis.	inflammation of the vermiform appendix	inflammation of the vermiform appendix	inflammation; redness; rubor	
appetising	adjective	2	It is a most appetising morning drink, and should be taken a short time before eating.	appealing to or stimulating the appetite especially in appearance or aroma	appetizing; palatable; toothsome; tasty; mouth-watering; savory; savoury; appealing to or stimulating the appetite especially in appearance or aroma		
aptitude	noun	1	The Scholastic Aptitude Test measures one's mathematical ability and use of the English language.	inherent ability	inherent ability	ability; power	
aqua	noun	2	A seaside aqua fitness workout isn’t just about exercise, water, sun and sea breezes.	a shade of blue tinged with green	greenish blue; turquoise; cobalt blue; peacock blue; a shade of blue tinged with green	blue; blueness	
arboretum	noun	2	Forests, gardens, peace and learning can all be found at the Arboretum.	a facility where trees and shrubs are cultivated for exhibition	botanical garden; a facility where trees and shrubs are cultivated for exhibition	facility; installation	
archival	adjective	2	In an archival interview, he was careful not to overrate his success or appear arrogant.	of or relating to or contained in or serving as an archive	of or relating to or contained in or serving as an archive		
arming	noun	1	Some school districts are arming teachers to provide a line of defense against school shooters.	the act of equipping with weapons in preparation for war	armament; equipping; the act of equipping with weapons in preparation for war	mobilization; mobilisation; militarization; militarisation	disarmament
articulated	adjective	1	A glottal stop is a consonant articulated by closing and opening the glottis.	consisting of segments held together by joints	articulate; jointed; consisting of segments held together by joints		
ascidian	noun	2	Castle observed and studied the phenomenon of self-sterility in an Ascidian, Ciona intestinalis, which is hermaphroditic.	minute sedentary marine invertebrate having a saclike body with siphons through which water enters and leaves	minute sedentary marine invertebrate having a saclike body with siphons through which water enters and leaves	tunicate; urochordate; urochord	
aspirate	noun	2	The ‘p’ in English ‘pot’ is an aspirate, but the ‘p’ in ‘spot’ is not.	a speech sound having as an obvious concomitant an audible puff of breath, as initial stop consonants or initial /h/ sounds.	a speech sound having as an obvious concomitant an audible puff of breath, as initial stop consonants or initial /h/ sounds.	phone; speech sound; sound; a consonant pronounced with aspiration; remove by suction; pronounce with aspiration; inhale (air, water, etc.)	
aspirin	noun	1	Should I stop taking antiplatelet medicines such as aspirin before minor surgery?	the acetylated derivative of salicylic acid; used as an analgesic anti-inflammatory drug (trade names Bayer, Empirin, and St. Joseph) usually taken in tablet form; used as an antipyretic; slows clotting of the blood by poisoning platelets	acetylsalicylic acid; Bayer; Empirin; St. Joseph; the acetylated derivative of salicylic acid; used as an analgesic anti-inflammatory drug   usually taken in tablet form; used as an antipyretic; slows clotting of the blood by poisoning platelets	salicylate; analgesic; anodyne; painkiller; pain pill	
astronomer	noun	2	A study detailing the astronomer’s findings was recently published in The Astronomical Journal.	a physicist who studies astronomy	uranologist; stargazer; a physicist who studies astronomy	physicist	
athlete	noun	1	No trans woman has ever been the top athlete at any women's sport.	a person trained to compete in sports	jock; a person trained to compete in sports	contestant	
autobahn	noun	2	It was a pleasant drive along the Autobahn, with the blue Taunus mountains in the distance.	an expressway in a German-speaking country	an expressway in a German-speaking country	expressway; freeway; motorway; pike; state highway; superhighway; throughway; thruway	
autoimmune	adjective	2	The autoimmune disorder causes abdominal pain, bloating, malnutrition and anemia, and increases the risk of cancer.	of or relating to the immune response of the body against substance normally present in the body	of or relating to the immune response of the body against substance normally present in the body		
badlands	noun	2	The sun and clouds create a shifting color palette on the badlands landscape.	deeply eroded barren land	deeply eroded barren land	land; ground; soil	
baleen	noun	2	These marine mammals, once hunted for their blubber and baleen, now support a thriving whale-watching industry.	a horny material from the upper jaws of certain whales; used as the ribs of fans or as stays in corsets	whalebone; a horny material from the upper jaws of certain whales; used as the ribs of fans or as stays in corsets	horn	
baobab	noun	2	The ancient, iconic baobab tree, with its distinctive swollen trunk, grows in many parts of Africa.	African tree having an exceedingly thick trunk and fruit that resembles a gourd and has an edible pulp called monkey bread	monkey-bread tree; Adansonia digitata; African tree having an exceedingly thick trunk and fruit that resembles a gourd and has an edible pulp called monkey bread	angiospermous tree; flowering tree	
baptistery	noun	2	This little dark church is formed of four small bays and was formerly the old baptistery.	bowl for baptismal water	baptismal font; baptistry; font; bowl for baptismal water	basin	
bargaining	noun	1	All workers should be in one big union to maximize bargaining power.	the negotiation of the terms of a transaction or agreement	the negotiation of the terms of a transaction or agreement	negotiation; dialogue; talks	
baronet	noun	2	Since he was a baronet, he had to be addressed as Sir Henry Jones, Bart.	a member of the British order of honor; ranks below a baron but above a knight	Bart; a member of the British order of honor; ranks below a baron but above a knight	aristocrat; blue blood; patrician	
bellows	noun	2	The accordion is a boxlike instrument, a squeezable bellows with a keyboard.	(used in the plural) a mechanical device that blows a strong current of air; used to make a fire burn more fiercely or to sound a musical instrument	a mechanical device that blows a strong current of air; used to make a fire burn more fiercely or to sound a musical instrument	blower	
benedict	noun	2	I can't think of a funny way to mispronounce "Benedict Cumberbatch" right now.	a newly married man (especially one who has long been a bachelor)	benedick; a newly married man	husband; hubby; married man	
benzene	noun	1	Cassini's atmospheric sensing instruments have revealed other carbon compounds, too, such as benzene and acetylene.	a colorless liquid hydrocarbon; highly flammable; carcinogenic; the simplest of the aromatic compounds	benzine; benzol; a colorless liquid hydrocarbon; highly flammable; carcinogenic; the simplest of the aromatic compounds	aromatic hydrocarbon	
bergamot	noun	2	Bergamot oil may be tested as to its purity by mixing it with alcohol.	small tree with pear-shaped fruit whose oil is used in perfumery; Italy	Citrus bergamia; small tree with pear-shaped fruit whose oil is used in perfumery; Italy	orange; orange tree	
bigotry	noun	2	In most cases, people who have experienced bigotry gravitate towards left-wing politics.	the intolerance and prejudice of a bigot	the intolerance and prejudice of a bigot	intolerance	
bile	noun	1	Josh had surgery to attach the liver to the small intestine so the bile could drain.	a digestive juice secreted by the liver and stored in the gallbladder; aids in the digestion of fats	gall; a digestive juice secreted by the liver and stored in the gallbladder; aids in the digestion of fats	digestive juice; digestive fluid	
biopsy	noun	2	We're going to have to do a biopsy on the nodule.	examination of tissues or liquids from the living body to determine the existence or cause of a disease	examination of tissues or liquids from the living body to determine the existence or cause of a disease	diagnostic test; diagnostic assay	
birthrate	noun	2	If your group has a low birthrate, congratulations! You're enjoying prosperity.	the ratio of live births in an area to the population of that area; expressed per 1000 population per year	birth rate; fertility; fertility rate; natality; the ratio of live births in an area to the population of that area; expressed per 1000 population per year	rate	
blender	noun	1	The new blender we got is much quieter than the last one we had.	an electrically powered mixer with whirling blades that mix or chop or liquefy foods	liquidizer; liquidiser; an electrically powered mixer with whirling blades that mix or chop or liquefy foods	mixer	
blinded	adjective	1	The one to whom I would have given the apple of my eye blinded me.	deprived of sight	blind; unsighted; deprived of sight		
blindness	noun	1	Scientists have taken a major step toward potentially reversing a common form of blindness.	the state of being blind or lacking sight	sightlessness; cecity; the state of being blind or lacking sight	visual impairment; visual defect; vision defect; visual disorder	
bookcase	noun	2	If you lift that candlestick, it'll move the bookcase and grant us access to the cellar.	a piece of furniture with shelves for storing books	a piece of furniture with shelves for storing books	furniture; piece of furniture; article of furniture	
boxlike	adjective	2	The accordion is a boxlike instrument, a squeezable bellows with a keyboard.	resembling a box in rectangularity	boxy; box-shaped; cubic; three-dimensional; resembling a box in rectangularity		
breeches	noun	1	It was a boy dressed in ragged velveteen breeches, and thin discoloured shirt.	(used in the plural) trousers ending above the knee	knee pants; knickerbockers; knickers; trousers ending above the knee	trousers; pair of trousers; pant	
bronzer	noun	1	If you don't like sunbathing, you can try a temporary tanner, like a bronzer.	A cosmetic powder that comes in various shades of brown, meant to create an impression of tanned skin.	bronzing powder; A cosmetic powder that comes in various shades of brown, meant to create an impression of tanned skin.	face powder	
browned	adjective	1	He found them tanning in the sunroom, their unclothed bodies evenly browned from invisible light.	(of skin) deeply suntanned	brown; brunet; brunette; deeply suntanned		
budgie	noun	2	My budgie keeps squawking at me. I don't know what she wants, but it seems important.	small Australian parakeet usually light green with black and yellow markings in the wild but bred in many colors	budgerigar; budgereegah; budgerygah; grass parakeet; lovebird; shell parakeet; Melopsittacus undulatus; small Australian parakeet usually light green with black and yellow markings in the wild but bred in many colors	parakeet; parrakeet; parroket; paraquet; paroquet; parroquet	
bulldozer	noun	2	A bulldozer lifts part of a statue of king Ramses II found in northern Cairo, Egypt.	large powerful tractor; a large blade in front flattens areas of ground	dozer; large powerful tractor; a large blade in front flattens areas of ground	tractor	
bullheaded	adjective	2	Tom Wilkinson plays the passionate, bullheaded Arthur, who teeters between brilliance and lunacy.	obstinate and stupid	bullet-headed; pigheaded; stubborn; obstinate; unregenerate; obstinate and stupid		
businessman	noun	2	The town, once peaceful and flourishing, now seedy and sad, is ruled by a ruthless businessman.	a man engaged in commercial or industrial business	man of affairs; a man engaged in commercial or industrial business	businessperson; bourgeois; man; adult male	
bystander	noun	2	The con artists needed a patsy to take the fall, so they framed an innocent bystander.	a nonparticipant spectator	a nonparticipant spectator	spectator; witness; viewer; watcher; looker	
camouflaged	adjective	2	Researchers wanted to know how color vision affected an animal's ability to find camouflaged prey.	made invisible by means of protective coloring	invisible; unseeable; made invisible by means of protective coloring		
campground	noun	2	Eat at picnic areas or the campground only, and do not feed wildlife.	a site where people on holiday can pitch a tent	campsite; camping site; camping ground; bivouac; encampment; camping area; a site where people on holiday can pitch a tent	site; land site	
candlestick	noun	2	If you lift that candlestick, it'll move the bookcase and grant us access to the cellar.	a holder with sockets for candles	candle holder; a holder with sockets for candles	holder	
cannonball	noun	2	I'm the human cannonball that they're going to shoot through space.	a solid projectile that in former times was fired from a cannon	cannon ball; round shot; a solid projectile that in former times was fired from a cannon	projectile; missile	
capitula	noun	2	We can distinguish between a short and long reading, called capitula or lectio respectively.	a short scripture reading; done after a psalmody.	a short scripture reading; done after a psalmody.	recitation; recital; reading	
cappuccino	noun	2	The visitors are settled into comfortable couches and handed large cups of cappuccino as they wait.	equal parts of espresso and hot milk topped with cinnamon and nutmeg and usually whipped cream	equal parts of espresso and hot milk topped with cinnamon and nutmeg and usually whipped cream	coffee; java	
captaincy	noun	2	Being given the captaincy was the greatest honour she'd ever been given.	the post of captain	captainship; the post of captain	position; post; berth; office; place; situation	
carbamide	noun	2	Carbamide peroxide is also used as a disinfectant and in dentistry for its teeth whitening effects.	the chief solid component of mammalian urine; synthesized from ammonia and carbon dioxide and used as fertilizer and in animal feed and in plastics	urea; the chief solid component of mammalian urine; synthesized from ammonia and carbon dioxide and used as fertilizer and in animal feed and in plastics	organic compound	
carbonated	adjective	1	"Pop" is one of the regional terms in the U.S. for a carbonated soft drink.	having carbonation (especially artificially carbonated)	effervescent; having carbonation		
carcass	noun	1	It did not remain attached neither to the skin nor to the carcass.	the dead body of an animal especially one slaughtered and dressed for food	carcase; the dead body of an animal especially one slaughtered and dressed for food	body; dead body	
carter	noun	1	"Well, 'tis oonly what has come in my way," said the carter unboastfully.	someone whose work is driving carts	someone whose work is driving carts	worker	
ceding	noun	2	How much of your own autonomy are you ceding to these people?	the act of ceding	cession	relinquishment; relinquishing	
celebratory	adjective	2	Despite the hype and the celebratory hugs, the stock's performance on day one proved underwhelming.	used for celebrating	used for celebrating		
cemetery	noun	2	"Everyone's dying to get into this place," Tom said, pointing at a cemetery.	a tract of land used for burials	graveyard; burial site; burial ground; burying ground; memorial park; necropolis; a tract of land used for burials	site; land site	
cenotaph	noun	2	A cenotaph is a monument erected to honour the dead whose bodies lie elsewhere.	a monument built to honor people whose remains are interred elsewhere or whose remains cannot be recovered	empty tomb; a monument built to honor people whose remains are interred elsewhere or whose remains cannot be recovered	memorial; monument	
chainsaw	noun	2	They have a snout, or rostrum, that looks like a hedge-trimmer or a chainsaw.	portable power saw; teeth linked to form an endless chain	chain saw; portable power saw; teeth linked to form an endless chain	power saw; saw; sawing machine	
charlotte	noun	2	Harry’s nephew, Prince George, will be a pageboy, and niece Princess Charlotte a bridesmaid.	a mold lined with cake or crumbs and filled with fruit or whipped cream or custard	a mold lined with cake or crumbs and filled with fruit or whipped cream or custard	dessert; sweet; afters	
cheekbone	noun	2	Other injuries included a broken nose, a dislocated shoulder and a hairline fracture of a cheekbone.	the arch of bone beneath the eye that forms the prominence of the cheek	zygomatic bone; zygomatic; malar; malar bone; jugal bone; os zygomaticum; the arch of bone beneath the eye that forms the prominence of the cheek	bone; os	
chihuahua	noun	2	Purchase a large Halloween costume for your Mastiff or a small one for your Chihuahua.	an old breed of tiny short-haired dog with protruding eyes from Mexico held to antedate Aztec civilization	an old breed of tiny short-haired dog with protruding eyes from Mexico held to antedate Aztec civilization	toy dog; toy	
clade	noun	2	People with a given skin color do not form a genetic clade.	a group of biological taxa or species that share features inherited from a common ancestor	a group of biological taxa or species that share features inherited from a common ancestor	biological group	
clarence	noun	2	Clarence Thomas and Samuel Alito are compromised and should be removed from office.	a closed carriage with four wheels and seats for four passengers	a closed carriage with four wheels and seats for four passengers	carriage; equipage; rig	
classifier	noun	1	Classifier performance depends greatly on the characteristics of the data to be classified.	an algorithm that implements classification.	an algorithm that implements classification.	algorithm; algorithmic rule; algorithmic program; a person who creates classifications; a word or morpheme used in some languages in certain contexts (such as counting) to indicate the semantic class to which the counted item belongs	
cloning	noun	2	Cloning is a type of asexual reproduction, a method for organisms to reproduce without two parents.	a general term for the research activity that creates a copy of some biological entity (a gene or organism or cell)	a general term for the research activity that creates a copy of some biological entity	biological research	
clothing	noun	1	The girls designed and sold clothing for teens, incorporating traditional Moldovian embroidery motifs.	a covering designed to be worn on a person's body	vesture; wear; wearable; habiliment; a covering designed to be worn on a person's body	covering; consumer goods	
clueless	adjective	2	I was clueless about the situation, but thankfully, Tom gave me the scoop.	totally uninformed about what is going on; not having even a clue from which to infer what is occurring	uninformed; totally uninformed about what is going on; not having even a clue from which to infer what is occurring		
coda	noun	2	The nucleus and optional coda of a syllable are called the rime.	the closing section of a musical composition	finale; the closing section of a musical composition	conclusion; end; close; closing; ending	
colander	noun	2	The colander is recognized in the Czech Republic and New Zealand as religious headgear.	bowl-shaped strainer; used to wash or drain foods	cullender; bowl-shaped strainer; used to wash or drain foods	strainer	
combined	adjective	1	When the Mensheviks were combined with the Jewish Labor Bund, the Bolsheviks were in the minority.	made or joined or united into one	compounded; conglomerate; occluded; sorbed; one; rolled into one; made or joined or united into one		
compete	verb	1	The Kabyle language can therefore compete with others, when it is necessary!	compete for something; engage in a contest; measure oneself against others	vie; contend; engage in a contest; measure oneself against others	act; move	
conduction	noun	2	Copper plays an important role in nerve conduction, bone growth and hormone secretion.	the transmission of heat or electricity or sound	conductivity; the transmission of heat or electricity or sound	physical phenomenon	
confectionary	noun	2	The Spanish officers had provided music for their entertainment, and oranges and confectionary were handed about.	a confectioner's shop	confectionery; candy store; a confectioner's shop	shop; store	
conflagration	noun	2	The conflagration, abetted by fuel that residents stored in their domiciles, razed tin-roofed shacks.	a very intense and uncontrolled fire	inferno; a very intense and uncontrolled fire	fire	
conifer	noun	1	Across the street is a tree of different shape, though an evergreen and a conifer.	any gymnospermous tree or shrub bearing cones	any gymnospermous tree or shrub bearing cones	gymnospermous tree	
conquering	noun	1	Due to its geography and demography, conquering Panjshir by force is considered extremely difficult.	the act of conquering	conquest; subjection; subjugation	capture; gaining control; seizure	
constituency	noun	2	There's a deception inherent to any politician's claim to represent a constituency.	the body of voters who elect a representative for their area	the body of voters who elect a representative for their area	body	
constricting	adjective	1	What's the name of that snake that kills its prey by constricting it?	(of circumstances) tending to constrict freedom	constrictive; narrowing; narrow; tending to constrict freedom		
consul	noun	2	The consul mopped his sweating, beefy face and cursed Venusian air-conditioning units.	a diplomat appointed by a government to protect its commercial interests and help its citizens in a foreign country	a diplomat appointed by a government to protect its commercial interests and help its citizens in a foreign country	diplomat; diplomatist	
contemporaries	noun	1	In contrast with many of his contemporaries, he’s not brash and boastful.	all the people living at the same time or of approximately the same age	coevals; generation; all the people living at the same time or of approximately the same age	people	
contrarian	noun	2	Why would you say that unless you were just trying to be contrarian?	an investor who deliberately decides to go against the prevailing wisdom of other investors	an investor who deliberately decides to go against the prevailing wisdom of other investors	investor	
cooked	adjective	1	After a little while she brought them in a handbasket, cooked and ready served for him.	having been prepared for eating by the application of heat	au gratin; baked; barbecued; grilled; batter-fried; boiled; poached; stewed; braised; broiled; burned; burnt; candy-like; done; fried; deep-fried; hard-baked; hard-boiled; lyonnaise; medium; overdone; pancake-style; parched; rare-roasted; roast; roasted; saute; sauteed; seared; soft-boiled; souffle-like; steamed; sunny-side up; toasted; wafer-like; well-done; having been prepared for eating by the application of heat		raw
cooker	noun	1	All of the food you see here I prepared using my new pressure cooker.	a utensil for cooking	a utensil for cooking	cooking utensil; cookware	
coquetry	noun	2	There were grace, seduction, mystery, and coquetry in her face and in all her movements.	playful behavior intended to arouse sexual interest	flirt; flirting; flirtation; dalliance; toying; playful behavior intended to arouse sexual interest	play; frolic; romp; gambol; caper	
cordoba	noun	2	The flour we buy in Aragon, the nuts from Cordoba, the empanadas from Galicia.	the basic unit of money in Nicaragua; equal to 100 centavos	the basic unit of money in Nicaragua; equal to 100 centavos	Nicaraguan monetary unit	
cords	noun	1	The Danish glottal stop is just the speaker's vocal cords giving up briefly in protest.	cotton trousers made of corduroy cloth	corduroys; cotton trousers made of corduroy cloth	trousers; pair of trousers; pant	
correlated	adjective	2	High birthrates are correlated with poverty, while low birthrates are correlated with wealth and education.	mutually related	correlative; correlate; related; related to; mutually related		
corundum	noun	2	The garnets in the detritus are accompanied by zircon, spinel, corundum, cyanite, tourmaline, olivine, etc.	very hard mineral used as an abrasive	corundom; very hard mineral used as an abrasive	mineral	
cosine	noun	2	The trigonometric functions sine, cosine, and tangent relate the various sides and angles of a triangle.	ratio of the adjacent side to the hypotenuse of a right-angled triangle	cos; ratio of the adjacent side to the hypotenuse of a right-angled triangle	trigonometric function; circular function	
counterevidence	noun	2	People persevere in asserting all sorts of things in the face of apparent counterevidence.	(philosophy, law, sciences) Evidence which tends to disprove a claim or hypothesis.	counter-evidence; Evidence which tends to disprove a claim or hypothesis.	evidence	
credits	noun	1	Why do they turn the lights on in the cinema during the credits?	a list of acknowledgements of those who contributed to the creation of a film (usually run at the end of the film)	a list of acknowledgements of those who contributed to the creation of a film	acknowledgment; acknowledgement; list; listing	
croquette	noun	2	Then dip each croquette in beaten egg, roll in bread-crumbs again, and fry in hot fat.	minced cooked meats (or vegetables) in thick white sauce; breaded and deep-fried	minced cooked meats   in thick white sauce; breaded and deep-fried	dish	
cupid	noun	2	Young Cupid went storming to Vulcan one day, and besought him to look at his arrow.	a symbol for love in the form of a cherubic naked boy with wings and a bow and arrow	a symbol for love in the form of a cherubic naked boy with wings and a bow and arrow	emblem; allegory	
customariness	noun	2	The customariness of Jesus' attendance at synagogue on Sabbath days shows him to be a pious Jew.	The state or quality of agreeing with, or being established by, custom or common usage.	The state or quality of agreeing with, or being established by, custom or common usage.	traditionalism; traditionality; predictability	
cyanite	noun	2	The garnets in the detritus are accompanied by zircon, spinel, corundum, cyanite, tourmaline, olivine, etc.	a grey or greenish-blue mineral consisting of aluminum silicate in crystalline form; occurs in metaphoric rock, used as a refractory	kyanite; a grey or greenish-blue mineral consisting of aluminum silicate in crystalline form; occurs in metaphoric rock, used as a refractory	mineral	
cycling	noun	1	Lance Armstrong dominated cycling while on steroids. No trans woman has ever dominated a women's sport.	the sport of traveling on a bicycle or motorcycle	the sport of traveling on a bicycle or motorcycle	sport; athletics	
czarist	adjective	2	Many of the tropes of modern antisemitism were invented by czarist authorities in Imperial Russia.	of or relating to or characteristic of a czar	tsarist; tsaristic; tzarist; of or relating to or characteristic of a czar		
dazzled	adjective	1	I fall back dazzled at beholding myself all rosy red, / At having, I myself, caused the sun to rise.	stupefied or dizzied by something overpowering	confused; stupefied or dizzied by something overpowering	having vision overcome temporarily by or as if by intense light	
deafening	adjective	2	The roar increased, becoming almost deafening in the cabin despite its soundproofing.	loud enough to cause (temporary) hearing loss	earsplitting; thunderous; thundery; loud; loud enough to cause   hearing loss		
decorated	adjective	1	On the heavy, polished table stood an oval glass dish decorated with little gilt swags.	provided with something intended to increase its beauty or distinction	adorned; clothed; clad; fancy; beady; gemmed; jeweled; jewelled; sequined; spangled; spangly; bedaubed; bespectacled; monocled; spectacled; brocaded; embossed; raised; buttony; carbuncled; champleve; cloisonne; clinquant; tinseled; tinselly; crested; plumed; topknotted; tufted; crocketed; feathery; feathered; plumy; frilled; frilly; ruffled; fringed; gilt-edged; inflamed; inlaid; inwrought; tessellated; mounted; paneled; wainscoted; panelled; studded; tapestried; tasseled; tasselled; tricked-out; provided with something intended to increase its beauty or distinction		
decreased	adjective	1	The number of people identifying as left-handed increased when stigma against left-handed people decreased.	made less in size or amount or degree	reduced; ablated; attenuate; attenuated; faded; weakened; bated; belittled; diminished; small; cut; slashed; minimized; remittent; shriveled; shrivelled; shrunken; made less in size or amount or degree		increased
defamatory	adjective	2	Amber Heard didn't even name Johnny Depp in the supposedly defamatory comments.	(used of statements) harmful and often untrue; tending to discredit or malign	calumniatory; calumnious; denigrative; denigrating; denigratory; libellous; libelous; slanderous; harmful; harmful and often untrue; tending to discredit or malign		
defending	adjective	1	If you're defending traditional hierarchies, you are pro-establishment by definition.	attempting to or designed to prevent an opponent from winning or scoring	defensive; attempting to or designed to prevent an opponent from winning or scoring		
degreaser	noun	2	I'll need to buy a professional degreaser to clean this mess.	a chemical substance that dissolves water-insoluble substances, such as greases and oils.	a chemical substance that dissolves water-insoluble substances, such as greases and oils.	cleansing agent; cleanser; cleaner	
democratization	noun	2	The workingman has taken an advanced place in the struggle for the democratization of industry.	the action of making something democratic	democratisation; the action of making something democratic	group action	
denunciation	noun	2	The leader's denunciation of his violent supporters came late, and he soon contradicted it.	a public act of denouncing	denouncement; a public act of denouncing	speech act	
derby	noun	2	I bet ten quid that Liverpool would beat Manchester United in the derby match.	a felt hat that is round and hard with a narrow brim	bowler hat; bowler; plug hat; a felt hat that is round and hard with a narrow brim	hat; chapeau; lid	
desalination	noun	2	Desalination is often seen as an expensive and energy-intensive way to remove salt from water.	the removal of salt (especially from sea water)	desalinization; desalinisation; the removal of salt	chemical process; chemical change; chemical action	
detested	adjective	2	I detested Mrs. Carruthers most of the time, a person whom it was impossible to please.	treated with dislike or contempt	despised; hated; scorned; unloved; treated with dislike or contempt		
devilishness	noun	2	The devilishness of his smile then faded to one more of shyness as he spoke further.	The property of resembling or being characteristic of a devil.	The property of resembling or being characteristic of a devil.	countenance; visage	
dexterity	noun	2	A mind-controlled artificial hand with near-natural dexterity is very close to reality.	adroitness in using the hands	sleight; adroitness in using the hands	adeptness; adroitness; deftness; facility; quickness	
diabetes	noun	1	Examples of conditions that may cause episodic periods of incapacity include asthma, diabetes, epilepsy, etc.	a polygenic disease characterized by abnormally high glucose levels in the blood; any of several metabolic disorders marked by excessive urination and persistent thirst	a polygenic disease characterized by abnormally high glucose levels in the blood; any of several metabolic disorders marked by excessive urination and persistent thirst	polygenic disorder; polygenic disease	
dialysis	noun	2	At kidney dialysis centers like this, machines do what healthy kidneys do: cleanse people's blood.	separation of substances in solution by means of their unequal diffusion through semipermeable membranes	separation of substances in solution by means of their unequal diffusion through semipermeable membranes	chemical analysis; qualitative analysis	
dictatorship	noun	2	The USSR was a dictatorship of the Bolsheviks, not of the proletariat.	a form of government in which the ruler is an absolute dictator (not restricted by a constitution or laws or opposition etc.)	absolutism; authoritarianism; Caesarism; despotism; monocracy; one-man rule; shogunate; Stalinism; totalitarianism; tyranny; a form of government in which the ruler is an absolute dictator	autocracy; autarchy	
diesel	noun	1	How good are these trucks powered by Eaton diesel engines and electric motors in tandem?	an internal-combustion engine that burns heavy oil	an internal-combustion engine that burns heavy oil	internal-combustion engine; ICE	
dioxide	noun	1	In Appalachia, no ecosystem is better at capturing carbon dioxide than red spruce forests.	an oxide containing two atoms of oxygen in the molecule	an oxide containing two atoms of oxygen in the molecule	oxide	
disaffected	adjective	2	Observers predict low turnout among a disaffected electorate squeezed by a deep economic crisis.	discontented as toward authority	ill-affected; malcontent; rebellious; discontented; discontent; discontented as toward authority		
disheartening	adjective	2	This is a disheartening step backward for the international movement to end violence against women globally.	destructive of morale and self-reliance	demoralizing; demoralising; dispiriting; discouraging; destructive of morale and self-reliance		
disparity	noun	2	“This is a scandal that must stop now,” said the director-general about the global vaccine disparity.	inequality or difference in some respect	inequality or difference in some respect	inequality	
disputed	adjective	1	They have not been able to make progress on the demarcation of the disputed border.	subject to disagreement and debate	controversial; subject to disagreement and debate		
distaste	noun	2	He said both men agreed they share an "abhorrence and distaste" for war.	a feeling of intense dislike	antipathy; aversion; a feeling of intense dislike	dislike	
distracted	adjective	2	The dictator distracted the populace by tricking them into victimizing marginalized people.	having the attention diverted especially because of anxiety	distrait; inattentive; having the attention diverted especially because of anxiety		
disturb	verb	1	Don't disturb the patient's wounds by moving him too rapidly!	damage as if by shaking or jarring	damage as if by shaking or jarring	damage; move deeply; change the arrangement or position of; tamper with; destroy the peace or tranquility of	
dizziness	noun	2	It should be borne in mind that dizziness, headache, nausea, or fatigue may occasionally occur.	a reeling sensation; a feeling that you are about to fall	giddiness; lightheadedness; vertigo; a reeling sensation; a feeling that you are about to fall	symptom	
doorman	noun	2	His father warned the doorman at the theater not to let Paul into the place.	a man who guards an entrance	a man who guards an entrance	doorkeeper; door guard; hall porter; porter; gatekeeper; ostiary; man; adult male	
dopamine	noun	2	I have too much of some kinds of dopamine and not enough of others.	a monoamine neurotransmitter found in the brain and essential for the normal functioning of the central nervous system; as a drug (trade names Dopastat and Intropin) it is used to treat shock and hypotension	Dopastat; Intropin; a monoamine neurotransmitter found in the brain and essential for the normal functioning of the central nervous system; as a drug   it is used to treat shock and hypotension	monoamine neurotransmitter	
doublespeak	noun	2	In the United States, "right to work" is doublespeak for union-busting measures.	any language that pretends to communicate but actually does not	any language that pretends to communicate but actually does not	evasion; equivocation	
drifter	noun	1	Wednesday afternoon, police found the teenager with a drifter who was wanted for questioning.	a wanderer who has no established residence or visible means of support	vagrant; floater; vagabond; clochard; a wanderer who has no established residence or visible means of support	wanderer; roamer; rover; bird of passage; poor person; have-not	
dromedary	noun	2	“Walk ahead of yourself, like the dromedary who guides the caravan,” says a Tuareg proverb.	one-humped camel of the hot deserts of northern Africa and southwestern Asia	Arabian camel; Camelus dromedarius; one-humped camel of the hot deserts of northern Africa and southwestern Asia	camel	
dryer	noun	1	During fermentation, sweet grape juice slowly turns into a dryer and more complex tasting wine.	an appliance that removes moisture	drier; an appliance that removes moisture	appliance	
dumping	noun	1	Landfills are probably the oldest type of waste disposal—dumping trash in a midden or pit.	selling goods abroad at a price below that charged in the domestic market	selling goods abroad at a price below that charged in the domestic market	selling; merchandising; marketing	
durometer	noun	2	The term durometer is often used to refer to the measurement as well as the instrument itself.	An instrument for measuring the degree of hardness; especially, an instrument for testing the relative hardness of steel rails and the like.	An instrument for measuring the degree of hardness; especially, an instrument for testing the relative hardness of steel rails and the like.	measuring instrument; measuring system; measuring device; mechanical device	
dynamometer	noun	2	A dynamometer is a device that measures an engine’s power and torque.	measuring instrument designed to measure power	ergometer; measuring instrument designed to measure power	measuring instrument; measuring system; measuring device	
dynasty	noun	1	The Ming dynasty required the Kaifeng Jews to marry only Han Chinese people.	a sequence of powerful leaders in the same family	a sequence of powerful leaders in the same family	family; family line; folk; kinfolk; kinsfolk; sept; phratry	
earring	noun	2	Mary dropped her earring in the sink which then vanished down the plughole.	jewelry to ornament the ear; usually clipped to the earlobe or fastened through a hole in the lobe	jewelry to ornament the ear; usually clipped to the earlobe or fastened through a hole in the lobe	jewelry; jewellery	
eased	adjective	1	Although temperatures eased on Monday, the respite is likely to be brief.	(of pain or sorrow) made easier to bear	alleviated; relieved; mitigated; made easier to bear		
eggnog	noun	2	She brought him a slice of cake and a glass of eggnog.	a punch made of sweetened milk or cream mixed with eggs and usually alcoholic liquor	a punch made of sweetened milk or cream mixed with eggs and usually alcoholic liquor	punch	
egoistical	adjective	2	However, because of their strong-minded nature, they are often perceived as difficult and egoistical individuals.	concerned chiefly or only with yourself and your advantage to the exclusion of others	selfish; egoistic; egocentric; self-centered; self-centred; self-serving; self-seeking; inconsiderate; stingy; ungenerous; egotistic; egotistical; narcissistic; self-loving; self-absorbed; self-involved; concerned chiefly or only with yourself and your advantage to the exclusion of others		
electorate	noun	2	Observers predict low turnout among a disaffected electorate squeezed by a deep economic crisis.	the body of enfranchised citizens; those qualified to vote	the body of enfranchised citizens; those qualified to vote	citizenry; people	
electron	noun	1	A positron is an “antielectron”: it has the mass of an electron but a positive charge.	an elementary particle with negative charge	negatron; an elementary particle with negative charge	lepton	
electroshock	noun	2	I'm not homophobic, but I have no problem with electroshock therapy for gay people.	the administration of a strong electric current that passes through the brain to induce convulsions and coma	electroconvulsive therapy; ECT; the administration of a strong electric current that passes through the brain to induce convulsions and coma	shock therapy; shock treatment; electrotherapy; galvanism; electric healing; electrical healing	
elephantiasis	noun	2	Lymphatic filariasis, more commonly known as elephantiasis, afflicts many of the world's most vulnerable communities.	hypertrophy of certain body parts (usually legs and scrotum); the end state of the disease filariasis	hypertrophy of certain body parts; the end state of the disease filariasis	hypertrophy	
emancipation	noun	2	The emancipation of the working class is the work of the working class itself.	freeing someone from the control of another; especially a parent's relinquishing authority and control over a minor child	freeing someone from the control of another; especially a parent's relinquishing authority and control over a minor child	liberation; release; freeing	
emigrant	noun	2	Fortunately, Tom speaks Kabyle because he accompanied a Kabyle emigrant to the emergency room.	someone who leaves one country to settle in another	emigre; emigree; outgoer; someone who leaves one country to settle in another	migrant; migrator	
empiricist	noun	2	You claim to be an empiricist, and yet you believe in "natural rights." Curious.	a philosopher who subscribes to empiricism	a philosopher who subscribes to empiricism	philosopher	
empowered	adjective	2	Birx said it’s critical women are empowered and have the means to protect themselves.	invested with legal power or official authority especially as symbolized by having a scepter	sceptered; sceptred; authorized; authorised; authoritative; invested with legal power or official authority especially as symbolized by having a scepter		
enclave	noun	2	Migrants continue to trickle into Spain’s north African enclave of Ceuta.	an enclosed territory that is culturally distinct from the foreign territory that surrounds it	an enclosed territory that is culturally distinct from the foreign territory that surrounds it	district; territory; territorial dominion; dominion	
energetically	adverb	2	His nineteen-oh-nine painting “Dance” shows five women energetically dancing in a circle.	in an energetic manner	in an energetic manner		
enforcer	noun	1	The mob enforcer kept a pair of brass knuckles in his coat pocket.	one whose job it is to execute unpleasant tasks for a superior	one whose job it is to execute unpleasant tasks for a superior	assistant; helper; help; supporter	
epidermis	noun	1	The outer layer of cells of plants is also called the epidermis.	the outer layer of the skin covering the exterior body surface of vertebrates	cuticle; the outer layer of the skin covering the exterior body surface of vertebrates	stratum	
epilepsy	noun	1	Older adults may develop epilepsy because of an infection, stroke or Alzheimer's disease.	a disorder of the central nervous system characterized by loss of consciousness and convulsions	a disorder of the central nervous system characterized by loss of consciousness and convulsions	brain disorder; encephalopathy; brain disease	
equating	noun	2	Stalin killed people like Bernie Sanders; equating the two is ignorant at best, cynical at worst.	the act of regarding as equal	equation; the act of regarding as equal	equalization; equalisation; leveling	
ergonomics	noun	2	The study outlining the researcher’s findings has been published in the journal Ergonomics.	the branch of engineering science in which biological science is used to study the relation between workers and their environments	biotechnology; bioengineering; the branch of engineering science in which biological science is used to study the relation between workers and their environments	engineering; engineering science; applied science; technology	
escapist	noun	2	We made an escapist political thriller that we wanted to imbue with humanity and realism.	a person who escapes into a world of fantasy	dreamer; wishful thinker; a person who escapes into a world of fantasy	daydreamer; woolgatherer	
esprit	noun	2	The phenomenon of esprit de l'escalier is why I rehearse conversations in my head beforehand.	liveliness of mind or spirit	liveliness of mind or spirit	liveliness; life; spirit; sprightliness	
ethicality	noun	2	Instead, he helped to establish such guidelines and found himself in deep reflection about the ethicality of his own research.	The state, quality or manner of conforming to accepted standards of conduct.	The state, quality or manner of conforming to accepted standards of conduct.	morality	
euphemism	noun	2	"Collateral damage" is a euphemism for killing innocent people to protect capital.	an inoffensive or indirect expression that is substituted for one that is considered offensive or too harsh	an inoffensive or indirect expression that is substituted for one that is considered offensive or too harsh	saying; expression; locution	dysphemism
euphoric	adjective	2	Vicodin, Oxycontin and their cousins quickly became popular, providing a euphoric effect while they dulled pain.	exaggerated feeling of well-being or elation	elated; happy; euphoriant; expansive; exaggerated feeling of well-being or elation		dysphoric; distressed; unhappy
executing	noun	1	In the U.S. there is an epidemic of police officers summarily executing young Black men.	putting a condemned person to death	execution; capital punishment; death penalty; putting a condemned person to death	corporal punishment	
exemplariness	noun	2	Not so, according to Plutarch: the exemplariness of the Lycurgan constitution was widely acknowledged amongst ancient philosophers.	The state or condition of being exemplary, serving as a shining example.	The state or condition of being exemplary, serving as a shining example.	admirability; admirableness; wonderfulness	
exploitative	adjective	2	Addiction is not a personal failing but an aspect of an exploitative system.	tending to exploit or make use of	exploitatory; exploitive; consumptive; tending to exploit or make use of		
expressionism	noun	2	Abstract Expressionism is art that shows emotions and ideas through non-representational forms.	an art movement early in the 20th century; the artist's subjective expression of inner experiences was emphasized; an inner feeling was expressed through a distorted rendition of reality	an art movement early in the 20th century; the artist's subjective expression of inner experiences was emphasized; an inner feeling was expressed through a distorted rendition of reality	artistic movement; art movement	
eyeglass	noun	2	Each arm of the eyeglass frame has an array of four tiny directional microphones.	lens for correcting defective vision in one eye; held in place by facial muscles	monocle; lens for correcting defective vision in one eye; held in place by facial muscles	lens; lense; lens system	
fatigues	noun	1	A general straggling, trampish look about him was not helped by patched blue fatigues.	military uniform worn by military personnel when doing menial labor	military uniform worn by military personnel when doing menial labor	military uniform	
feistiness	noun	2	Sarabi was the smallest of the litter but made up for her lack of size by her feistiness!	The quality or state of being tenacious, energetic, spunky.	scrappiness; The quality or state of being tenacious, energetic, spunky.	energy; push; get-up-and-go; adventurousness; venturesomeness	
fertilizer	noun	1	Algal overload is common in waterways worldwide caused by fertilizer runoff and poor sewage management.	any substance such as manure or a mixture of nitrates used to make soil more fertile	fertiliser; plant food; any substance such as manure or a mixture of nitrates used to make soil more fertile	chemical; chemical substance	
figurativeness	noun	2	To balance between these two aspects of the ad, the figurativeness of the visual image can play a role.	The representation of form or figure in art.	The representation of form or figure in art.	literalness; The property of being metaphorical or tropical, as opposed to literal	
filariasis	noun	2	Lymphatic filariasis, more commonly known as elephantiasis, afflicts many of the world's most vulnerable communities.	a disease caused by nematodes in the blood or tissues of the body causing blockage of lymphatic vessels	a disease caused by nematodes in the blood or tissues of the body causing blockage of lymphatic vessels	disease	
finalist	noun	2	Chau was a finalist in a recent competition in which students prepared plans for actual businesses.	a contestant who reaches the final stages of a competition	a contestant who reaches the final stages of a competition	rival; challenger; competitor; competition; contender	
finesse	noun	2	He did it with the finesse we've come to expect from Tom.	subtly skillful handling of a situation	delicacy; diplomacy; discreetness; subtly skillful handling of a situation	tact; tactfulness	
fishmonger	noun	2	Across the street, a fishmonger proudly displays what he claims is the finest turbot in Istanbul.	someone who sells fish	someone who sells fish	trader; bargainer; dealer; monger	
flagon	noun	2	At the end of the feast James rose with his flagon in his hand.	a large metal or pottery vessel with a handle and spout; used to hold alcoholic beverages (usually wine)	a large metal or pottery vessel with a handle and spout; used to hold alcoholic beverages	vessel	
flats	noun	1	Bolivia's salt flats, colored lagoons and flamingo sanctuaries attract thousands of visitors every year.	footwear (shoes or slippers) with no heel (or a very low heel)	footwear   with no heel	footwear; footgear	
flip	verb	1	I don't know what to do — I may as well flip a coin!	lightly throw to see which side comes up	toss; lightly throw to see which side comes up	turn; a suite of internet protocols, which provide Security transparency, security and network management.; marked by casual disrespect; an acrobatic feat in which the feet roll over the head (either forward or backward) and return; hot or cold alcoholic mixed drink containing a beaten egg; a sudden, quick movement; a dive in which the diver somersaults before entering the water; (sports) the act of throwing the ball to another member of your team; cause to go on or to be engaged or set in operation; look through a book or other written material; toss with a sharp movement so as to cause to turn over in the air; cause to move with a flick	
flooding	noun	1	The flooding has covered farms and roads and slowed shipments of food and fuel.	a technique used in behavior therapy; client is flooded with experiences of a particular kind until becoming either averse to them or numbed to them	implosion therapy; a technique used in behavior therapy; client is flooded with experiences of a particular kind until becoming either averse to them or numbed to them	behavior therapy; behavior modification	
flu	noun	2	Avian flus typically only affect birds and there are multiple strains of bird flu.	an acute febrile highly contagious viral disease	grippe; an acute febrile highly contagious viral disease	contagious disease; contagion; respiratory disease; respiratory illness; respiratory disorder	
foetus	noun	2	In the foetus, prior to the descent of the testicle, the cremaster muscle does not exist.	an unborn or unhatched vertebrate in the later stages of development showing the main recognizable features of the mature animal	fetus; an unborn or unhatched vertebrate in the later stages of development showing the main recognizable features of the mature animal	vertebrate; craniate	
forensics	noun	2	Modern forensics have come a long way with the use of DNA evidence and fingerprint databases.	scientific tests or techniques used in the investigation of crimes	scientific tests or techniques used in the investigation of crimes	police work; police investigation	
fractiousness	noun	2	His speaking voice, a gruff husky tenor, added to the impression of fractiousness he conveyed.	the trait of being prone to disobedience and lack of discipline	unruliness; willfulness; wilfulness; the trait of being prone to disobedience and lack of discipline	intractability; intractableness	
fragrant	adjective	1	The attic was a long, low-ceilinged room, dark and fragrant with the odor of the cedar.	pleasant-smelling	aromatic; redolent; odoriferous; odorous; perfumed; scented; sweet; sweet-scented; sweet-smelling; musky; pleasant-smelling		malodorous; malodourous; unpleasant-smelling; ill-smelling; stinky
freestyle	noun	2	Mary reluctantly agreed to listen to another one of Tom's freestyle raps.	a race (as in swimming) in which each contestant has a free choice of the style to use	a race   in which each contestant has a free choice of the style to use	race	
freshwater	noun	1	Legionella bacteria are found naturally in freshwater environments, like lakes and streams.	water that is not salty	fresh water; water that is not salty	water; H2O	
frugality	noun	2	He says frugality was the mantra for an older generation, but that is changing.	prudence in avoiding waste	frugalness; prudence in avoiding waste	prudence	
fueling	noun	1	Collateral damage caused by the strikes is fueling militancy in the region.	the activity of supplying or taking on fuel	fuelling; the activity of supplying or taking on fuel	provision; supply; supplying	
fungus	noun	1	A fluffy pink fungus that decorates itself with gold nanoparticles has been found in Western Australia.	an organism of the kingdom Fungi lacking chlorophyll and feeding on organic matter; ranging from unicellular or multicellular organisms to spore-bearing syncytia	an organism of the kingdom Fungi lacking chlorophyll and feeding on organic matter; ranging from unicellular or multicellular organisms to spore-bearing syncytia	organism; being	
garret	noun	2	The rain pattered upon the roof and the sky gloomed through the dusty garret windows.	floor consisting of open space at the top of a house just below roof; often used for storage	loft; attic; floor consisting of open space at the top of a house just below roof; often used for storage	floor; level; storey; story	
genesis	noun	2	Tom was one of the unnamed "sons and daughters" mentioned in Genesis.	a coming into being	generation; a coming into being	beginning	
genetics	noun	1	Lysenko believed that modern genetics was a Western imperialist plot designed to undermine Russia.	the branch of biology that studies heredity and variation in organisms	genetic science; the branch of biology that studies heredity and variation in organisms	biology; biological science	
geography	noun	1	We barely do any work in geography lessons, we just doss about.	study of the earth's surface; includes people's responses to topography and climate and soil and vegetation	geographics; study of the earth's surface; includes people's responses to topography and climate and soil and vegetation	earth science	
geometry	noun	1	Your admittedly impressive knowledge of helix geometry is of tertiary importance to our present goals.	the pure mathematics of points and lines and curves and surfaces	the pure mathematics of points and lines and curves and surfaces	pure mathematics	
geophysicist	noun	2	Philip Christensen, a geophysicist at Arizona State University, Tempe, focuses his attentions on Mars and Earth.	a geologist who uses physical principles to study the properties of the earth	a geologist who uses physical principles to study the properties of the earth	geologist	
geopolitical	adjective	2	The once-esoteric Thucydides is now regularly name-dropped in geopolitical circles.	of or relating to geopolitics	of or relating to geopolitics		
gerontocracy	noun	2	Gerontocracy, that is, government by the aged, is the most ancient form of government.	a political system governed by old men	a political system governed by old men	political system; form of government	
gerontology	noun	2	Sandra began her community service after earning a graduate degree in gerontology.	the branch of medical science that deals with diseases and problems specific to old people	geriatrics; the branch of medical science that deals with diseases and problems specific to old people	medicine; medical specialty	
gibberish	noun	2	That photo is clearly AI-generated. Just look at the gibberish on her badge!	unintelligible talking	gibber; unintelligible talking	nonsense; bunk; nonsensicality; meaninglessness; hokum	
gloominess	noun	2	Virgil has alluded to the gloominess of his countenance in a passage which has given great disgust to the critics.	The property of having a frowning or scowling appearance.	The property of having a frowning or scowling appearance.	expression; look; aspect; facial expression; face; an atmosphere of depression and melancholy; a feeling of melancholy apprehension; the quality of excessive mournfulness and uncheerfulness	
godmother	noun	2	Jesus was originally a pumpkin until he was brought to life by Cinderella's fairy godmother.	any woman who serves as a sponsor for a child at baptism	any woman who serves as a sponsor for a child at baptism	godparent; woman; adult female	
goer	noun	1	As soon as she heard the music, festival goer Patricia Joseph knew she had to dance.	someone who leaves	departer; leaver; someone who leaves	migrant; migrator	
gourmet	noun	2	Eight of the city's top restaurants are donating gourmet meals to a local homeless shelter.	a person devoted to refined sensuous enjoyment (especially good food and drink)	epicure; gastronome; bon vivant; epicurean; foodie; a person devoted to refined sensuous enjoyment	sensualist	
grandson	noun	2	I was going to get bigger when my grandson got ahead of me.	a male grandchild	a male grandchild	grandchild	
granule	noun	1	Please find a granule of decency within you and call the attack off.	a tiny grain	a tiny grain	grain	
graver	noun	1	But the present difficulty appeared a graver one than any that had yet risen between them.	a tool used by an engraver	graving tool; pointel; pointrel	hand tool	
greens	noun	1	I'm not sure what I expected mustard greens to taste like.	any of various leafy plants or their leaves and stems eaten as vegetables	green; leafy vegetable; any of various leafy plants or their leaves and stems eaten as vegetables	vegetable; veggie; veg	
grossly	adverb	2	We are having a three-year crisis simply because the energy sector has been grossly mismanaged.	in a gross manner	in a gross manner		
guano	noun	2	Tom became convinced that mining guano would be a lucrative business venture.	the excrement of sea birds; used as fertilizer	the excrement of sea birds; used as fertilizer	body waste; excretion; excreta; excrement; excretory product; organic; organic fertilizer; organic fertiliser	
hackwork	noun	2	James Scully has observed that much of what is called political poetry, or poetry that deals with politics, is hackwork.	(Literary & Literary Critical Terms) undistinguished literary work produced to order.	undistinguished literary work produced to order.	folderol; rubbish; tripe; trumpery; trash; wish-wash; applesauce; codswallop; professional work done according to formula	
hairpin	noun	2	Barges filled with tourists glide around hairpin bends, past cobblestone walkways and beneath arched stone bridges.	a double pronged pin used to hold women's hair in place	a double pronged pin used to hold women's hair in place	pin	
hallucinogen	noun	2	Hallucinogen use can trigger certain psychiatric conditions in people with a predisposition to them.	a psychoactive drug that induces hallucinations or altered sensory experiences	psychedelic drug; a psychoactive drug that induces hallucinations or altered sensory experiences	psychoactive drug; mind-altering drug; consciousness-altering drug; psychoactive substance	
halophile	noun	2	A halophile is an organism which lives in an environment of high salt concentration.	archaebacteria requiring a salt-rich environment for growth and survival	halophil; archaebacteria requiring a salt-rich environment for growth and survival	archaebacteria; archaebacterium; archaeobacteria; archeobacteria	
handbasket	noun	2	After a little while she brought them in a handbasket, cooked and ready served for him.	a container that is usually woven and has handles	basket; a container that is usually woven and has handles	container	
hardworking	adjective	2	What did this company's hardworking employees do to deserve such bosses?	characterized by hard work and perseverance	industrious; tireless; untiring; diligent; characterized by hard work and perseverance		
headboard	noun	2	One bug was found in the bathroom, another in the headboard of a bed.	a vertical board or panel forming the head of a bedstead	a vertical board or panel forming the head of a bedstead	panel	
headiness	noun	2	Wine novices intimidated by the headiness of Napa and Sonoma will feel comfortable at nearly every Oregon winery.	The characteristic of being intoxicating or stupefying.	The characteristic of being intoxicating or stupefying.	intensity; intensiveness; The characteristic of being exhilarating, tending to upset the mind or senses.	
headset	noun	2	That means he is not standing inside the restaurant wearing a wireless headset and grease-spattered uniform.	receiver consisting of a pair of headphones	receiver consisting of a pair of headphones	telephone receiver; receiver	
headspace	noun	2	I don't know if I'm in the headspace for that.	the volume left at the top of a filled container (bottle or jar or tin) before sealing	the volume left at the top of a filled container   before sealing	indefinite quantity	
healthier	adjective	1	It's healthier to cook with eggplant or mushrooms than imitation meat.	improved in health or physical condition	fitter; better; improved in health or physical condition		
helium	noun	2	The sun is a giant ball of hot gas, mostly hydrogen and helium.	a very light colorless element that is one of the six inert gasses; the most difficult gas to liquefy; occurs in economically extractable amounts in certain natural gases (as those found in Texas and Kansas)	He; atomic number 2; a very light colorless element that is one of the six inert gasses; the most difficult gas to liquefy; occurs in economically extractable amounts in certain natural gases	noble gas; inert gas; argonon	
hepatitis	noun	2	He said some of the first signs of Hepatitis B are vomiting, fever, and constipation.	inflammation of the liver caused by a virus or a toxin	inflammation of the liver caused by a virus or a toxin	infectious disease; liver disease	
hillside	noun	2	At a ranch in southern California, mustangs gallop at the base of a distant hillside.	the side or slope of a hill	the side or slope of a hill	slope; incline; side	
hindmost	adjective	2	Even with this disadvantage, however, he was not the hindmost, and reached the exit unhurt.	located farthest to the rear	backmost; hindermost; rearmost; back; located farthest to the rear		
hippocampus	noun	2	The hippocampus is a part of the brain associated with the storage and retrieval of memories.	a complex neural structure (shaped like a sea horse) consisting of grey matter and located on the floor of each lateral ventricle; intimately involved in motivation and emotion as part of the limbic system; has a central role in the formation of memories	a complex neural structure   consisting of grey matter and located on the floor of each lateral ventricle; intimately involved in motivation and emotion as part of the limbic system; has a central role in the formation of memories	neural structure	
hives	noun	1	My doctor says the hives are probably caused by the dish soap I'm using.	an itchy skin eruption characterized by weals with pale interiors and well-defined red margins; usually the result of an allergic response to insect bites or food or drugs	urtication; urticaria; nettle rash; an itchy skin eruption characterized by weals with pale interiors and well-defined red margins; usually the result of an allergic response to insect bites or food or drugs	rash; roseola; efflorescence; skin rash; hypersensitivity reaction	
hoarder	noun	2	Just looking through the windows, you could tell the house belonged to a hoarder.	a person who accumulates things and hides them away for future use	a person who accumulates things and hides them away for future use	saver	
hologram	noun	2	Tom wasn't really performing at the concert. That was just his hologram.	the intermediate photograph (or photographic record) that contains information for reproducing a three-dimensional image by holography	holograph; the intermediate photograph   that contains information for reproducing a three-dimensional image by holography	photograph; photo; exposure; picture; pic	
homicide	noun	2	According to Jewish tradition, the first fratricide was also the first homicide.	the killing of a human being by another human being	the killing of a human being by another human being	killing; kill; putting to death	
humidity	noun	2	Summer's warmth and humidity seem to tamp down, but not eliminate, the risk of infection.	wetness in the atmosphere	humidness; wetness in the atmosphere	wetness	
hurdles	noun	2	"The technological hurdles are real, but we believe they're surmountable," he added.	a footrace in which contestants must negotiate a series of hurdles	hurdling; hurdle race	track event	
hydrotherapy	noun	2	Hydrotherapy involves the use of water for soothing pains and treating certain medical conditions.	the internal and external use of water in the treatment of disease	hydropathy; the internal and external use of water in the treatment of disease	treatment; intervention	
hyena	noun	2	Predators like baboon and hyena are deterred by the lake's high salinity.	doglike nocturnal mammal of Africa and southern Asia that feeds chiefly on carrion	hyaena; doglike nocturnal mammal of Africa and southern Asia that feeds chiefly on carrion	canine; canid	
hypercriticism	noun	2	Hypercriticism of the body appears more common in women's writings than in men's.	Excessive or unfairly harsh criticism.	Excessive or unfairly harsh criticism.	exaggeration	
hypertension	noun	1	Tom's eye doctor determined that he has ocular hypertension without glaucoma.	a common disorder in which blood pressure remains abnormally high (a reading of 140/90 mm Hg or greater)	high blood pressure; a common disorder in which blood pressure remains abnormally high	cardiovascular disease	hypotension
hypnotize	verb	2	You can't hypnotize someone into doing something they themselves don't want to do.	induce hypnosis in	hypnotise; mesmerize; mesmerise; induce hypnosis in	sedate; calm; tranquilize; tranquillize; tranquillise	
hypocrite	noun	2	Trump is transparent in the sense that he is a shameless hypocrite.	a person who professes beliefs and opinions that he or she does not hold in order to conceal his or her real feelings or motives	dissembler; dissimulator; phony; phoney; pretender; a person who professes beliefs and opinions that he or she does not hold in order to conceal his or her real feelings or motives	deceiver; cheat; cheater; trickster; beguiler; slicker	
idealized	adjective	1	Correct English should be how people actually speak, not some academic's idealized version of the language.	exalted to an ideal perfection or excellence	idealised; perfect; exalted to an ideal perfection or excellence		
iguana	noun	2	This newly discovered iguana has a pink head with black stripes on its body.	large herbivorous tropical American arboreal lizards with a spiny crest along the back; used as human food in Central America and South America	large herbivorous tropical American arboreal lizards with a spiny crest along the back; used as human food in Central America and South America	iguanid; iguanid lizard	
illiquidity	noun	2	The risk of illiquidity need not apply only to individual investments: whole portfolios are subject to market risk.	the quality of being illiquid; a lack of liquidity; difficulty in selling out an asset.	the quality of being illiquid; a lack of liquidity; difficulty in selling out an asset.	exchangeability; interchangeability; interchangeableness; fungibility	
immaculacy	noun	2	Sadly he did not uphold his immaculacy but succumbed to his lustful passions.	The characteristic of having no stain or blemish; of being spotless, undefiled, clear, pure.	The characteristic of having no stain or blemish; of being spotless, undefiled, clear, pure.	perfection; flawlessness; ne plus ultra	
immigrant	noun	1	Joe Arpaio was bullied as a child for having Italian immigrant parents.	a person who comes to a country where they were not born in order to settle there	a person who comes to a country where they were not born in order to settle there	migrant; migrator	
impalpability	noun	2	The nebulous impalpability of ideas and trends was preferred at all times to the brute empiricism of humanity.	Ungraspability by or inapprehensibility to the mind.	Ungraspability by or inapprehensibility to the mind.	imperceptibility; the quality of being intangible and not perceptible by touch	
imperfective	noun	2	When learning Russian, it's important to understand the difference between perfective and imperfective verbs.	aspect without regard to the beginning or completion of the action of the verb	aspect without regard to the beginning or completion of the action of the verb	durative; durative aspect	
impugn	verb	2	I wouldn't impugn your integrity simply because we have different value systems.	attack as false or wrong	attack as false or wrong	challenge	
indigestible	adjective	2	If I go back to eat their indigestible stuff, let the poison take me away.	digested with difficulty	inedible; uneatable; flatulent; heavy; nondigestible; undigested; stodgy; digested with difficulty		digestible
indignation	noun	2	The sensitive mind recoils with indignation, disgust, and horror from the picture presented.	a feeling of righteous anger	outrage; a feeling of righteous anger	anger; choler; ire	
indivisibility	noun	2	The primality of the number rests on the indivisibility of a certain quantity by that number.	(arithmetic) The state of being impossible to divide by a specific integer without leaving a remainder.	The state of being impossible to divide by a specific integer without leaving a remainder.	quality	
indole	noun	2	Indole is widely distributed in the natural environment and can be produced by a variety of bacteria.	a white or yellowish crystalline heterocyclic compound extracted from coal tar and used in perfumery, medicine, and as a flavouring agent.	a white or yellowish crystalline heterocyclic compound extracted from coal tar and used in perfumery, medicine, and as a flavouring agent.	heterocyclic compound; heterocyclic; heterocycle	
inept	adjective	2	If the rumor is true, can anything be more inept than to repeat it now?	not elegant or graceful in expression	awkward; clumsy; cumbersome; inapt; ill-chosen; infelicitous; not elegant or graceful in expression	generally incompetent and ineffectual; revealing lack of perceptiveness or judgment or finesse	
inflectional	adjective	2	Inflectional morphology is used to indicate number and case and tense and person etc.	characterized by inflections indicating grammatical distinctions	characterized by inflections indicating grammatical distinctions		derivational
ingressive	noun	2	An ingressive is a speech sound that is articulated using an inwards moving airstream mechanism.	a speech sound by which the airstream flows inward through the mouth or nose.	a speech sound by which the airstream flows inward through the mouth or nose.	phone; speech sound; sound	
inquisitiveness	noun	2	The penetration and the inquisitiveness of his glance troubled me: I felt embarrassed and guilty in his presence.	The quality of being curious and interested.	The quality of being curious and interested.	judgment; judgement; sound judgment; sound judgement; perspicacity; a state of active curiosity	
insider	noun	1	The disputants know instinctively that an outsider can see the difficulty better than an insider.	an officer of a corporation or others who have access to private information about the corporation's operations	an officer of a corporation or others who have access to private information about the corporation's operations	corporate executive; business executive	
inspiring	adjective	1	The boss's speech was pretty inspiring, but it could have used a couple more sports metaphors.	stimulating or exalting to the spirit	ennobling; exalting; stimulating or exalting to the spirit		
insulator	noun	2	It's a great insulator, keeping hot foods hot and cold foods cold.	a material such as glass or porcelain with negligible electrical or thermal conductivity	dielectric; nonconductor; a material such as glass or porcelain with negligible electrical or thermal conductivity	material; stuff	conductor
insulting	adjective	1	I'm most definitely not straight and I find the insinuation insulting.	expressing extreme contempt	contemptuous; disdainful; scornful; disrespectful; expressing extreme contempt		
intensifying	adjective	1	The move has sparked alarm and is intensifying efforts to slash energy consumption and find alternatives.	increasing in strength or intensity	aggravating; exacerbating; exasperating; augmentative; enhancive; deepening; thickening; heightening; increasing in strength or intensity		moderating
intestine	noun	1	Josh had surgery to attach the liver to the small intestine so the bile could drain.	the part of the alimentary canal between the stomach and the anus	bowel; gut; the part of the alimentary canal between the stomach and the anus	internal organ; viscus	
intubation	noun	2	Some of them required intubation and admission to the intensive care unit.	the insertion of a cannula or tube into a hollow body organ	cannulation; canulation; cannulization; cannulisation; canulization; canulisation; the insertion of a cannula or tube into a hollow body organ	insertion; introduction; intromission	
invalidation	noun	2	Invalidation is emotionally upsetting for anyone, but particularly hurtful for someone who is emotionally sensitive.	when a person's thoughts and feelings are rejected, ignored, or judged.	when a person's thoughts and feelings are rejected, ignored, or judged.	process; cognitive process; mental process; operation; cognitive operation; (law) a formal termination (of a relationship or a judicial proceeding etc.)	
investigating	noun	1	In India, authorities are investigating warnings that the famed Taj Mahal monument is tilting.	the work of inquiring into something thoroughly and systematically	investigation; the work of inquiring into something thoroughly and systematically	work	
irreligion	noun	2	The problem is that irreligion and secular values are being forced on people of faith.	the quality of not being devout	irreligiousness; the quality of not being devout	impiety; impiousness	
irremovability	noun	2	Bourgeois ideologists assert that the irremovability of judges ensures their independence in deciding court cases.	the quality or state of not being removable.	the quality or state of not being removable.	lastingness; durability; enduringness; strength	
isle	noun	2	Many common mammals found along the shores of Lake Superior are conspicuously absent from this isle.	a small island	a small island	island	
ivy	noun	1	Some of the castles are in ruins and are almost hidden by the overgrowing ivy.	Old World vine with lobed evergreen leaves and black berrylike fruits	Hedera helix; Old World vine with lobed evergreen leaves and black berrylike fruits	vine	
jailed	adjective	1	Anti-state activity makes up the vast majority of charges levelled against journalists jailed around the world.	being in captivity	captive; confined; imprisoned; unfree; being in captivity		
jay	noun	2	According to Jay, the stars were aligned, because within a year, sales of the album soared.	crested largely blue bird	crested largely blue bird	corvine bird	
jiggle	verb	2	Don't jiggle your finger while the nurse is putting on the bandage!	move to and fro	joggle; wiggle; move to and fro	shake; agitate; a slight irregular shaking motion	
junta	noun	2	The brutal military junta was installed by the CIA to protect American business interests.	a group of military officers who rule a country after seizing power	a group of military officers who rule a country after seizing power	clique; coterie; ingroup; inner circle; pack; camp	
justified	adjective	1	Do you think they would have been justified in carrying out their plan?	having words so spaced that lines have straight even margins	even; having words so spaced that lines have straight even margins		
karyotype	noun	2	A karyotype may be used to look for abnormalities in chromosome number or structure.	the appearance of the chromosomal makeup of a somatic cell in an individual or species (including the number and arrangement and size and structure of the chromosomes)	the appearance of the chromosomal makeup of a somatic cell in an individual or species	constitution; composition; physical composition; makeup; make-up	
kidnapping	noun	2	Unidentified agents of Emperor Trump are going around kidnapping protesters off the street.	(law) the unlawful act of capturing and carrying away a person against their will and holding them in false imprisonment	snatch; the unlawful act of capturing and carrying away a person against their will and holding them in false imprisonment	capture; seizure	
kindergarten	noun	2	I distinctly remember my Kindergarten teacher talking about her husband in class. Child abuse! Grooming!	a preschool for children age 4 to 6 to prepare them for primary school	a preschool for children age 4 to 6 to prepare them for primary school	preschool	
kirk	noun	2	The Kirk of Star Trek: The Original Series was nothing like the way he's written today.	a Scottish church	a Scottish church	church; church building	
knackered	adjective	2	Sorry, I can't come to the party tonight; my car's knackered and won't start.	extremely exhausted	drained; tired; extremely exhausted		
ladybug	noun	2	Ladybug, ladybug, fly away home. Your house is on fire and your children are gone.	small round bright-colored and spotted beetle that usually feeds on aphids and other insect pests	ladybeetle; lady beetle; ladybird; ladybird beetle; small round bright-colored and spotted beetle that usually feeds on aphids and other insect pests	beetle	
layman	noun	2	Mersenne Prime numbers are special in a way that no layman could ever explain.	a man who is not a clergyman or a professional person	a man who is not a clergyman or a professional person	layperson; secular; man; adult male	clergyman; man of the cloth
leafless	adjective	1	The rain came down, thick and fast, and pattered noisily among the leafless bushes.	having no leaves	aphyllous; defoliate; defoliated; scapose; having no leaves		leafy
legalization	noun	2	Tom did a dab to celebrate the legalization of cannabis in New York.	the act of making lawful	legalisation; legitimation; the act of making lawful	group action	
lev	noun	1	This is eight-month-old Lev. As with all babies, he puts everything in his mouth.	the basic unit of money in Bulgaria	the basic unit of money in Bulgaria	Bulgarian monetary unit	
levelness	noun	2	The inspector checked the levelness of the floor before approving the work.	The property of being the same height at all places; parallel to a flat ground.	The property of being the same height at all places; parallel to a flat ground.	straightness	
liger	noun	2	A liger is a cross between a male lion and a female tiger.	offspring of a male lion and a female tiger	offspring of a male lion and a female tiger	big cat; cat	
lightener	noun	2	Baking soda mixed with lemon juice makes a cheap and natural skin lightener.	any type of lightening agent that can be used to brighten the appearance of hair, skin, wood and other surfaces.	any type of lightening agent that can be used to brighten the appearance of hair, skin, wood and other surfaces.	substance	
livestock	noun	1	Livestock overgrazing can lead to outbreaks of ravenous locusts, according to a new study.	any animals kept for use or profit	stock; farm animal; any animals kept for use or profit	placental; placental mammal; eutherian; eutherian mammal	
loam	noun	2	The soil should be full of loam, a mixture of sand, silt, clay and organic material.	a rich soil consisting of a mixture of sand and clay and decaying organic materials	a rich soil consisting of a mixture of sand and clay and decaying organic materials	soil; dirt	
logo	noun	2	The sidebar is displayed on the edge of the page below the site logo.	a company emblem or device	a company emblem or device	trademark	
losses	noun	1	On Tisha B'Av, Jews mourn the losses of the First and Second Temples.	something lost (especially money lost at gambling)	losings; something lost	financial loss	
loutishness	noun	2	True, this is hardly the drink to inspire ‘Girls Gone Wild’ loutishness.	The state or quality of behaving like a troublemaker, often violent; like a rude violent person; like a yob.	The state or quality of behaving like a troublemaker, often violent; like a rude violent person; like a yob.	boorishness	
lubricant	noun	1	It can be used as a lubricant for machines or electronic parts.	a substance capable of reducing friction by making surfaces smooth or slippery	lubricator; lubricating substance; lube; a substance capable of reducing friction by making surfaces smooth or slippery	substance	
lumpiness	noun	2	The surface is distinctive in its lumpiness, random striations, and generally uneven texture.	The property of being full of lumps, not being smooth.	The property of being full of lumps, not being smooth.	consistency; consistence; substance; body	
luncheon	noun	2	Jones says this annual luncheon offers a chance to relax after months of promoting the movie.	a midday meal	lunch; tiffin; dejeuner; a midday meal	meal; repast	
lycopene	noun	2	Examples of antioxidants found in food include beta-carotene, lycopene, and vitamins A, C, and E.	carotenoid that makes tomatoes red; may lower the risk of prostate cancer	carotenoid that makes tomatoes red; may lower the risk of prostate cancer	carotenoid	
lymphatic	adjective	1	Lymphatic filariasis, more commonly known as elephantiasis, afflicts many of the world's most vulnerable communities.	of or relating to or produced by lymph	of or relating to or produced by lymph		
madame	noun	2	I've come from very far away, from Ath-Waghlis, and Madame hasn't finished getting dressed!	title used for a married Frenchwoman	title used for a married Frenchwoman	title; title of respect; form of address	
maggot	noun	2	Nobody dared to touch a maggot wound, a serious wound for a donkey.	the larva of the housefly and blowfly commonly found in decaying organic matter	the larva of the housefly and blowfly commonly found in decaying organic matter	grub	
malnutrition	noun	2	The autoimmune disorder causes abdominal pain, bloating, malnutrition and anemia, and increases the risk of cancer.	a state of poor nutrition; can result from insufficient or excessive or unbalanced diet or from inability to absorb foods	a state of poor nutrition; can result from insufficient or excessive or unbalanced diet or from inability to absorb foods	deficiency disease	
mammal	noun	1	The platypus, a small amphibious Austrian mammal, is a very shy animal.	any warm-blooded vertebrate having the skin more or less covered with hair; young are born alive except for the small subclass of monotremes and nourished with milk	any warm-blooded vertebrate having the skin more or less covered with hair; young are born alive except for the small subclass of monotremes and nourished with milk	vertebrate; craniate	
mammography	noun	2	Mammography can mean the difference between life and death for millions of women.	a diagnostic procedure to detect breast tumors by the use of X rays	a diagnostic procedure to detect breast tumors by the use of X rays	diagnostic procedure; diagnostic technique	
mangrove	noun	2	In El Salvador, climate change is stressing the country's mangrove forests.	a tropical tree or shrub bearing fruit that germinates while still on the tree and having numerous prop roots that eventually form an impenetrable mass and are important in land building	Rhizophora mangle; a tropical tree or shrub bearing fruit that germinates while still on the tree and having numerous prop roots that eventually form an impenetrable mass and are important in land building	angiospermous tree; flowering tree	
mannerism	noun	2	Mannerism favors compositional tension and instability rather than the balance and clarity of earlier Renaissance painting.	an art style in late 16th century Europe characterized by spatial incongruity and excessive elongation of the human figures.	an art style in late 16th century Europe characterized by spatial incongruity and excessive elongation of the human figures.	artistic style; idiom; a behavioral attribute that is distinctive and peculiar to an individual; a deliberate pretense or exaggerated display	
marten	noun	2	Marten are the most widespread and probably the most abundant of these predators in Southeast Alaska.	agile slender-bodied arboreal mustelids somewhat larger than weasels	agile slender-bodied arboreal mustelids somewhat larger than weasels	musteline mammal; mustelid; musteline	
mastiff	noun	2	Purchase a large Halloween costume for your Mastiff or a small one for your Chihuahua.	an old breed of powerful deep-chested smooth-coated dog used chiefly as a watchdog and guard dog	an old breed of powerful deep-chested smooth-coated dog used chiefly as a watchdog and guard dog	working dog	
matrilineally	adverb	2	Samaritan identity is inherited patrilineally, rather than matrilineally as with rabbinic Jews.	by descent through the female line	by descent through the female line		
maxilliped	noun	2	An appendage which is modified to assist in feeding is known as a maxilliped or gnathopod.	One of a set of three paired appendages on the thorax of a decapod crustacean, located just posterior to the maxillae and used in feeding.	gnathopod; One of a set of three paired appendages on the thorax of a decapod crustacean, located just posterior to the maxillae and used in feeding.	mouthpart	
mead	noun	2	A bloodthirsty creature named Grendel ravages the great mead hall of King Hrothgar.	made of fermented honey and water	made of fermented honey and water	brew; brewage	
medicaid	noun	2	I'm worried that taking on so many hours would cause me to lose Medicaid.	health care for the needy; a federally and state-funded program	health care for the needy; a federally and state-funded program	health care	
meltability	noun	2	It was demonstrated that high homogenization pressures resulted in poor stretchability and meltability of the cheese.	Capability of being reduced from a solid to a liquid state usually by heat.	Capability of being reduced from a solid to a liquid state usually by heat.	physical property	
memorable	adjective	2	Tom went out of his way to make their honeymoon truly memorable.	worth remembering	unforgettable; worth remembering		
mercenariness	noun	2	I do not care to tell you of his prevarication, of his mercenariness, his meanness, and his sponging.	The state or condition of being motivated by private gain.	The state or condition of being motivated by private gain.	disingenuousness	
merchant	noun	1	Al Pacino played Shylock in a version of The Merchant of Venice.	a businessperson engaged in retail trade	merchandiser; a businessperson engaged in retail trade	businessperson; bourgeois	
mesmerized	adjective	2	Maybe I shouldn't tell you this, but I am truly mesmerized by your beauty.	having your attention fixated as though by a spell	fascinated; hypnotized; hypnotised; mesmerised; spellbound; spell-bound; transfixed; enchanted; having your attention fixated as though by a spell		
messenger	noun	1	An alien messenger gave Noah advance notice of the imminent destruction of his planet.	a person who carries a message	courier; a person who carries a message	traveler; traveller	
metaphysics	noun	2	I've been meaning to read Kant's Groundwork of the Metaphysics of Morals.	the philosophical study of being and knowing	the philosophical study of being and knowing	philosophy	
microbe	noun	2	David Paige says it is important not to contaminate Mars with a microbe that could spread.	a minute life form (especially a disease-causing bacterium); the term is not in technical use	bug; germ; a minute life form; the term is not in technical use	microorganism; micro-organism	
microbiologist	noun	2	The University of Melbourne microbiologist explains how a vaccine combats a virus.	a specialist in microbiology	a specialist in microbiology	biologist; life scientist	
micrograph	noun	2	Seen here is a scanning electron micrograph of yogurt, revealing bacteria that can be used to promote health.	a graphic reproduction (as a photograph) of the image of an object formed by a microscope.	a graphic reproduction   of the image of an object formed by a microscope.	photograph; photo; exposure; picture; pic	
militancy	noun	2	Collateral damage caused by the strikes is fueling militancy in the region.	a militant aggressiveness	combativeness; militance; a militant aggressiveness	aggressiveness	
millionaire	noun	2	You're most likely closer to being homeless than you are to being a millionaire.	a person whose material wealth is valued at more than a million dollars	a person whose material wealth is valued at more than a million dollars	rich person; wealthy person; have; man; adult male	
milquetoast	noun	2	Taxation is the milquetoast, middle-of-the-road alternative to giving billionaires the old Romanov treatment. It's a compromise.	a timid man or boy considered childish or unassertive	sissy; pantywaist; pansy; milksop; a timid man or boy considered childish or unassertive	coward	
misogynist	noun	2	A chicken is not a bird, and a misogynist is not a person.	a misanthrope who dislikes women in particular	woman hater; a misanthrope who dislikes women in particular	misanthrope; misanthropist	
misogynistic	adjective	2	Regardless of your personal misogynistic hatred of the defendant, she did not break any laws.	hating women in particular	misogynous; ill-natured; hating women in particular		
mister	noun	1	Mister Mindon always ate simple meals, because he had problems with his stomach.	a form of address for a man	Mr; Mr.; a form of address for a man	title; title of respect; form of address	
mixologist	noun	2	He is an enthusiastic amateur chef, mixologist, birdwatcher and unicyclist, and likes to travel the world.	an employee who mixes and serves alcoholic drinks at a bar	bartender; barkeep; barkeeper; an employee who mixes and serves alcoholic drinks at a bar	employee	
mobster	noun	2	Meyer Lansky was a Jewish mobster and close associate of "Lucky" Luciano.	a criminal who is a member of gang	gangster; a criminal who is a member of gang	criminal; felon; crook; outlaw; malefactor	
mollusk	noun	1	The nautilus is a mollusk that uses jet propulsion to roam the ocean deep.	invertebrate having a soft unsegmented body usually enclosed in a shell	mollusc; shellfish; invertebrate having a soft unsegmented body usually enclosed in a shell	invertebrate	
monasticism	noun	2	Indeed monasticism was becoming popular, and the Merovingian period witnessed the foundation of numberless cloisters.	asceticism as a form of religious life; usually conducted in a community under a common rule and characterized by celibacy and poverty and obedience	asceticism as a form of religious life; usually conducted in a community under a common rule and characterized by celibacy and poverty and obedience	austerity; asceticism; nonindulgence	
monogamy	noun	2	If monogamy is your thing, great. It's not for everyone, though.	the practice or state of having only one spouse at a time	monogamousness; the practice or state of having only one spouse at a time	marriage; matrimony; union; spousal relationship; wedlock	
mons	noun	2	Mars has the largest volcano in the solar system, called Olympus Mons.	a mound of fatty tissue covering the pubic area in women	a mound of fatty tissue covering the pubic area in women	adipose tissue; fat; fatty tissue	
moss	noun	1	The rocks are covered by carpets of moss and beautiful ferns flank the pristine creek banks.	tiny leafy-stemmed flowerless plants	tiny leafy-stemmed flowerless plants	bryophyte; nonvascular plant	
murderer	noun	1	Media has tried to protect the name of Jordan Neely's psychopathic murderer, Daniel Penny.	a criminal who commits homicide (who performs the unlawful premeditated killing of another human being)	liquidator; manslayer; a criminal who commits homicide	criminal; felon; crook; outlaw; malefactor; killer; slayer	
musket	noun	1	We had the mental acumen, the efficacy of the bow and arrow, opposite the clumsy musket.	a muzzle-loading shoulder gun with a long barrel; formerly used by infantrymen	a muzzle-loading shoulder gun with a long barrel; formerly used by infantrymen	muzzle loader	
mutt	noun	2	Being "a mutt" is the most pure and natural state a dog can be in.	an inferior dog or one of mixed breed	cur; mongrel; an inferior dog or one of mixed breed	dog; domestic dog; Canis familiaris	
myopia	noun	2	Children who spend more time outdoors have a lower risk of myopia.	(ophthalmology) eyesight abnormality resulting from the eye's faulty refractive ability; distant objects appear blurred	nearsightedness; shortsightedness; eyesight abnormality resulting from the eye's faulty refractive ability; distant objects appear blurred	ametropia	hyperopia; hypermetropia; hypermetropy; farsightedness; longsightedness
mystique	noun	2	The show has lost a lot of its mystique over seven seasons.	an aura of heightened value or interest or meaning surrounding a person or thing	an aura of heightened value or interest or meaning surrounding a person or thing	air; aura; atmosphere	
nameplate	noun	2	The carriage paused at a fine residence with just a nameplate on the door.	a plate bearing a name	a plate bearing a name	plate	
narcissus	noun	2	If social media is any indication, we, like Narcissus of ancient myth, are surely self-obsessed creatures.	bulbous plant having erect linear leaves and showy yellow or white flowers either solitary or in clusters	bulbous plant having erect linear leaves and showy yellow or white flowers either solitary or in clusters	bulbous plant	
neoclassical	adjective	2	Early Biedermeier emphasized simple, curving lines in opposition to neoclassical and baroque elements.	characteristic of a revival of an earlier classical style	neoclassic; classical; classic; characteristic of a revival of an earlier classical style		
nephew	noun	2	Tom is unable to explain a Kabyle grammar lesson to his nephew.	a son of your brother or sister	a son of your brother or sister	kinsman	niece
neuroscience	noun	2	"Sustainable Happiness" melds the insights of psychiatry and neuroscience with meditation and other Buddhist spiritual disciplines.	the scientific study of the nervous system	the scientific study of the nervous system	neurobiology	
neutralism	noun	2	Neutralism is the lack of any interaction between two organisms or species in a shared habitat.	a policy of neutrality or nonalignment in international affairs	a policy of neutrality or nonalignment in international affairs	foreign policy	
newsreader	noun	2	Then, as the newsreader began a live interview, the channel was pulled from the airwaves.	someone who reads out broadcast news bulletin	news reader; someone who reads out broadcast news bulletin	newscaster	
niece	noun	2	Harry’s nephew, Prince George, will be a pageboy, and niece Princess Charlotte a bridesmaid.	a daughter of your brother or sister	a daughter of your brother or sister	kinswoman	nephew
niggard	noun	2	Niggard is she towards us, granting us little gain; still, we are proud to serve.	a selfish person who is unwilling to give or spend	skinflint; scrooge; churl; a selfish person who is unwilling to give or spend	hoarder	
nomadism	noun	2	Pastoral nomadism is a livelihood form that is ecologically adjusted at a particular level to the utilization of marginal resources.	The way of life of people who, having no fixed home, move around seasonally in search of food, water and grazing etc.	The way of life of people who, having no fixed home, move around seasonally in search of food, water and grazing etc.	life style; life-style; lifestyle; modus vivendi	
nudist	noun	2	Nudist colonies must have the lowest rates of pickpocketing in the world.	a person who practices nudity for reasons of health or religion	naturist; a person who practices nudity for reasons of health or religion	individualist	
nudity	noun	2	The people who claim to hate unnatural things sure do have a problem with nudity.	the state of being without clothing or covering of any kind	nakedness; nudeness; the state of being without clothing or covering of any kind	condition; status	
nursery	noun	2	His mother is a nursery school teacher and his father is a primary school teacher.	a child's room for a baby	baby's room; a child's room for a baby	child's room	
obesity	noun	2	To help combat obesity, some cities have banned unhealthful ingredients in restaurant food.	more than average fatness	fleshiness; corpulency; more than average fatness	fatness; fat; blubber; avoirdupois	
obituary	noun	2	I have never killed anyone, but I have read some obituary notices with great satisfaction.	a notice of someone's death; usually includes a short biography	obit; necrology; a notice of someone's death; usually includes a short biography	notice	
observing	adjective	1	Observing ironies and funny aspects of different situations improved his perspective on life.	quick to notice; showing quick and keen perception	observant; perceptive; quick to notice; showing quick and keen perception		
oddball	noun	2	Oddball sentences can help grammar and vocabulary stick in people's minds because they're memorable.	a person with an unusual or odd personality	eccentric; eccentric person; flake; geek; a person with an unusual or odd personality	actor; doer; worker	
odometer	noun	2	Tom set his car's odometer back before selling it to an unsuspecting buyer.	a meter that shows mileage traversed	mileometer; milometer; a meter that shows mileage traversed	meter	
olivine	noun	2	The garnets in the detritus are accompanied by zircon, spinel, corundum, cyanite, tourmaline, olivine, etc.	a mineral consisting of magnesium iron silicate; a source of magnesium	a mineral consisting of magnesium iron silicate; a source of magnesium	mineral	
omnivorous	adjective	2	The roadrunner gets its moisture largely from its omnivorous diet, which includes lizards and small rattlesnakes.	feeding on both plants and animals	all-devouring; feeding on both plants and animals		insectivorous; carnivorous; herbivorous
optimist	noun	2	I'm an optimist, and I think if you're a pessimist that's just an excuse for inaction.	a person disposed to take a favorable view of things	a person disposed to take a favorable view of things	actor; doer; worker	pessimist
optional	adjective	2	The nucleus and optional coda of a syllable are called the rime.	possible but not necessary; left to personal choice	elective; facultative; ex gratia; nonmandatory; nonobligatory; possible but not necessary; left to personal choice		obligatory
optionality	noun	2	The usual optionality of these tasks entails the risk of students not fulfilling them in an effective way.	Quality or state in which choice or discretion is allowed.	electiveness; Quality or state in which choice or discretion is allowed.	exemption; freedom	
ornithologist	noun	2	Olivia calls herself a bird-lover who hopes to one day become an ornithologist.	a zoologist who studies birds	bird watcher; a zoologist who studies birds	zoologist; animal scientist	
osmosis	noun	2	You need to do the homework. You can't learn by osmosis.	(biology, chemistry) diffusion of molecules through a semipermeable membrane from a place of higher concentration to a place of lower concentration until the concentration on both sides is equal	diffusion of molecules through a semipermeable membrane from a place of higher concentration to a place of lower concentration until the concentration on both sides is equal	diffusion	
overdraft	noun	2	I don't want to end up having to pay an overdraft fee.	a draft in excess of the credit balance	a draft in excess of the credit balance	draft; bill of exchange; order of payment	
overpraise	noun	2	The piano instructor believes in encouraging her students but avoids any overpraise that might make them complacent.	excessive or undeserved praise.	excessive or undeserved praise.	praise; congratulations; kudos; extolment; praise excessively	
overstatement	noun	2	Saying that place was sterile would be a bit of an overstatement.	making to seem more important than it really is	exaggeration; magnification; making to seem more important than it really is	misrepresentation; deceit; deception	understatement
painlessness	noun	2	Dr. Fry, who is present this evening, will bear witness to the painlessness of this operation.	The quality of being free from pain, without pain or trouble.	The quality of being free from pain, without pain or trouble.	gentleness; softness; mildness; Ease	
pains	noun	1	As you get older, you start getting more and more aches and pains.	an effortful attempt to attain a goal	striving; nisus; strain; an effortful attempt to attain a goal	attempt; effort; endeavor; endeavour; try	
paraphernalia	noun	2	Tom was pulled over and charged with speeding and possession of drug paraphernalia.	equipment consisting of miscellaneous articles needed for a particular operation or sport etc.	gear; appurtenance; equipment consisting of miscellaneous articles needed for a particular operation or sport etc.	equipment	
passenger	noun	1	The government is now requiring passenger buses to install a speed limiter.	a traveler riding in a vehicle (a boat or bus or car or plane or train etc.) who is not operating it	rider; a traveler riding in a vehicle   who is not operating it	traveler; traveller	
patching	noun	1	They’re emerging from basements, sweeping away rubble, patching windows and beginning to rebuild their lives.	the act of mending a hole in a garment by sewing a patch over it	the act of mending a hole in a garment by sewing a patch over it	repair; fix; fixing; fixture; mend; mending; reparation	
pathologist	noun	2	A speech pathologist might be able to help you with your speech impediment.	a doctor who specializes in medical diagnosis	diagnostician; a doctor who specializes in medical diagnosis	specialist; medical specialist	
patriciate	noun	2	The patriciate regarded patronage of the arts as a moral and social duty.	members of the patrician class.	members of the patrician class.	class; stratum; social class; socio-economic class	
penknife	noun	2	Roesler pulled his penknife from a coat pocket and began trimming his nails.	a small pocketknife; originally used to cut quill pens	a small pocketknife; originally used to cut quill pens	pocketknife; pocket knife	
pent	adjective	2	This is the result of many years of pent up anger and frustration.	closely confined	shut up; confined; closely confined		
percussionist	noun	2	Their father was a composer, and vodun percussionist, and their mother was a traditional singer.	a musician who plays percussion instruments	a musician who plays percussion instruments	musician; instrumentalist; player	
performing	noun	1	Tom wasn't really performing at the concert. That was just his hologram.	the performance of a part or role in a drama	acting; playing; playacting; the performance of a part or role in a drama	activity	
periphrastic	adjective	2	A periphrastic study in a worn-out poetical fashion, / Leaving one still with the intolerable wrestle / With words and meanings.	roundabout and unnecessarily wordy	circumlocutious; circumlocutory; ambagious; indirect; roundabout and unnecessarily wordy		
pessimist	noun	2	I'm an optimist, and I think if you're a pessimist that's just an excuse for inaction.	a person who expects the worst	a person who expects the worst	skeptic; sceptic; doubter	optimist
petal	noun	1	The working ants love the flowers and take them home, one petal at a time.	part of the perianth that is usually brightly colored	part of the perianth that is usually brightly colored	floral leaf	
petrol	noun	2	The shortage started when leaded petrol was recently phased out for unleaded petrol.	a volatile flammable mixture of hydrocarbons (hexane and heptane and octane etc.) derived from petroleum; used mainly as a fuel in internal-combustion engines	gasoline; gasolene; gas; used mainly as a fuel in internal-combustion engines	fuel; hydrocarbon	
petting	noun	1	When a cat or dog licks you, it's their equivalent of petting you.	affectionate play (or foreplay without contact with the genital organs)	caressing; cuddling; fondling; hugging; kissing; necking; smooching; snuggling; affectionate play	foreplay; arousal; stimulation	
phototelegraphy	noun	2	Ives then turned his attention to television, which he regard as merely a speeded-up form of phototelegraphy.	an early technology for the transmission of facsimiles.	an early technology for the transmission of facsimiles.	telecommunication; telecom	
pickled	adjective	1	Ginger — whether it's fresh, powdered or pickled — adds zest to all sorts of dishes.	(used of foods) preserved in a pickling liquid	preserved; preserved in a pickling liquid		
pinon	noun	2	The high, flat mountaintop is covered with many green juniper and pinon pine trees.	any of several low-growing pines of western North America	pinyon; any of several low-growing pines of western North America	pine; pine tree; true pine	
plagiarize	verb	2	My sentences are original: this is why those who shamelessly plagiarize me denounce themselves.	take without referencing from someone else's writing or speech; of intellectual property	plagiarise; lift; take without referencing from someone else's writing or speech; of intellectual property	steal; rip off; rip	
policeman	noun	1	To be a policeman or a minister in Algeria you have to be a thug.	a male member of a police force	a male member of a police force	man; adult male; police officer; officer	
pollination	noun	2	Without bee pollination, California's almond crop, for example, would be non-existent.	transfer of pollen from the anther to the stigma of a plant	pollenation; transfer of pollen from the anther to the stigma of a plant	fertilization; fertilisation; fecundation; impregnation	
popping	noun	1	A number of daily online Talmud studies and minyonim are popping up during the crisis.	a sharp explosive sound as from a gunshot or drawing a cork	pop; a sharp explosive sound as from a gunshot or drawing a cork	sound	
populous	adjective	2	Bangladesh is the third-most populous Muslim-majority state in the world.	densely populated	thickly settled; inhabited; densely populated		
porcupine	noun	2	Through a piece of linen he punched holes with a porcupine quill.	relatively large rodents with sharp erectile bristles mingled with the fur	hedgehog; relatively large rodents with sharp erectile bristles mingled with the fur	rodent; gnawer	
pornography	noun	2	Trans pornography enjoys the most popularity in the most transphobic U.S. states.	creative activity (writing or pictures or films etc.) of no literary or artistic value other than to stimulate sexual desire	porno; porn; erotica; smut; creative activity   of no literary or artistic value other than to stimulate sexual desire	creation; creative activity	
portal	noun	2	A portal typically has search engines and free email and chat rooms etc.	a site that the owner positions as an entrance to other sites on the internet	a site that the owner positions as an entrance to other sites on the internet	web site; website; internet site; site; a grand and imposing entrance (often extended metaphorically); a short vein that carries blood into the liver	
powerless	adjective	2	The international order has different rules for the powerful than for the powerless.	lacking power	impotent; ineffective; uneffective; ineffectual; weak; feeble; nerveless; helpless; incapacitated; low-powered; lacking power		powerful
primrose	noun	2	Once arrived in Canada, the settler soon found that he had no primrose path before him.	any of numerous short-stemmed plants of the genus Primula having tufted basal leaves and showy flowers clustered in umbels or heads	primula; any of numerous short-stemmed plants of the genus Primula having tufted basal leaves and showy flowers clustered in umbels or heads	herb; herbaceous plant	
proclitic	noun	2	The indefinite article ‘a’ is a proclitic, a word that wants to merge phonologically with the word that follows it.	a clitic that is associated with a following word.	a clitic that is associated with a following word.	clitic	
prolixity	noun	2	Sedulously avoid all polysyllabic profundity, pompous prolixity, psittaceous vacuity, ventriloquial verbosity, and vaniloquent vapidity.	boring verbosity	prolixness; windiness; long-windedness; wordiness; boring verbosity	verboseness; verbosity	
proponent	noun	2	Mordecai Noah was a prominent proponent of slavery in the United States.	a person who pleads for a cause or propounds an idea	advocate; advocator; exponent; a person who pleads for a cause or propounds an idea	actor; doer; worker	
prosecutor	noun	2	The International Criminal Court has sworn in a top international defense lawyer as its new prosecutor.	a government official who conducts criminal prosecutions on behalf of the state	prosecuting officer; prosecuting attorney; a government official who conducts criminal prosecutions on behalf of the state	official; functionary; lawyer; attorney	
proselytize	verb	2	The problem is that professors use their classrooms as political soap boxes to proselytize their views.	convert to another faith or religion	proselytise; convert to another faith or religion	convert	
proverb	noun	2	Why, then, does a proverb say: "A foreign rooster is pecked by everyone"?	a condensed but memorable saying embodying some important fact of experience that is taken as true by many people	adage; saw; byword; a condensed but memorable saying embodying some important fact of experience that is taken as true by many people	saying; expression; locution	
psilocin	noun	2	The mind-altering effects of psilocin are highly variable and subjective and resemble those of LSD and DMT.	a substituted tryptamine alkaloid and a serotonergic psychedelic substance, present in most psychedelic mushrooms together with its phosphorylated counterpart psilocybin.	psilocyn; psilotsin; a substituted tryptamine alkaloid and a serotonergic psychedelic substance, present in most psychedelic mushrooms together with its phosphorylated counterpart psilocybin.	alkaloid; hallucinogen; hallucinogenic drug; psychedelic drug; a hallucinogenic compound obtained from a mushroom	
psychiatry	noun	1	"Sustainable Happiness" melds the insights of psychiatry and neuroscience with meditation and other Buddhist spiritual disciplines.	the branch of medicine dealing with the diagnosis and treatment of mental disorders	psychopathology; psychological medicine; the branch of medicine dealing with the diagnosis and treatment of mental disorders	medicine; medical specialty	
puffin	noun	2	She's a little female puffin that has lived in the same crevice her whole life.	any of two genera of northern seabirds having short necks and brightly colored compressed bills	any of two genera of northern seabirds having short necks and brightly colored compressed bills	seabird; sea bird; seafowl	
puking	noun	2	The following day when I woke up, I started puking, and the puke was bloodstained.	the reflex act of ejecting the contents of the stomach through the mouth	vomit; vomiting; emesis; regurgitation; disgorgement; the reflex act of ejecting the contents of the stomach through the mouth	reflex; reflex response; reflex action; instinctive reflex; innate reflex; inborn reflex; unconditioned reflex; physiological reaction; expulsion; projection; ejection; forcing out	
pushchair	noun	2	She put her young girl in her pushchair and set off down the path.	a small vehicle with four wheels in which a baby or child is pushed around	baby buggy; baby carriage; carriage; perambulator; pram; stroller; go-cart; pusher; a small vehicle with four wheels in which a baby or child is pushed around	wheeled vehicle	
rabies	noun	2	The veterinarian is conducting research in Tanzania on a sustainable rabies vaccination program.	an acute viral disease of the nervous system of warm-blooded animals (usually transmitted by the bite of a rabid animal); rabies is fatal if the virus reaches the brain	hydrophobia; lyssa; madness; an acute viral disease of the nervous system of warm-blooded animals	zoonosis; zoonotic disease	
racialism	noun	2	Algerians support Palestine not out of humanism, but out of racialism and hatred of the Jew.	discriminatory or abusive behavior towards members of another race	racism; racial discrimination; discriminatory or abusive behavior towards members of another race	discrimination; favoritism; favouritism	
ragtag	noun	2	A ragtag group of anarchists is squatting in abandoned buildings in Boston.	disparaging terms for the common people	rabble; riffraff; disparaging terms for the common people	folk; folks; common people	
rainfall	noun	1	Rainfall is collected for volunteer-run gardens growing ferns, palmettos and bananas.	water falling in drops from vapor condensed in the atmosphere	rain; water falling in drops from vapor condensed in the atmosphere	precipitation; downfall	
ranginess	noun	2	Billy was tall, but his ranginess indicated a weight which could be easily handled.	The state of being slender and long of limb, lanky.	The state of being slender and long of limb, lanky.	slenderness; slightness; slimness; tallness	
razed	adjective	2	The conflagration, abetted by fuel that residents stored in their domiciles, razed tin-roofed shacks.	torn down and broken up	demolished; dismantled; destroyed; torn down and broken up		
reasonableness	noun	2	Without greater reasonableness by both parties we will never settle this matter!	moderation in expectations	moderation in expectations	moderation; moderateness; the state of having good sense and sound judgment; goodness of reason and judgment; the property of being moderate in price or expenditures; the quality of being plausible or acceptable to a reasonable person	
reassignment	noun	2	Included in this number is everything from body contouring to full gender reassignment.	assignment to a different duty	assignment to a different duty	assignment; duty assignment	
reborn	adjective	2	Berlin has been reborn after probably the most intense period of construction since the post-war period.	restored to new life and vigor	revitalized; revitalised; revived; restored to new life and vigor		
reclaimed	adjective	2	In Russia's far north, the city of Vorkuta is slowly being reclaimed by the Arctic tundra.	delivered from danger	rescued; saved; delivered from danger		
recruitment	noun	2	The most important step in the Bangladesh Bank recruitment process is the written test.	the act of getting recruits; enlisting people for the army (or for a job or a cause etc.)	enlisting; the act of getting recruits; enlisting people for the army	accomplishment; achievement	
recuperation	noun	2	The emperor is expected to remain in the hospital for a one month recuperation.	gradual healing (through rest) after sickness or injury	convalescence; recovery; gradual healing   after sickness or injury	healing	
reddish	adjective	1	Scientists say that the reddish hue of Mars surface is the result of oxidized iron—rust.	of a color at the end of the color spectrum (next to orange); resembling the color of blood or cherries or tomatoes or rubies	red; ruddy; blood-red; carmine; cerise; cherry; cherry-red; crimson; ruby; ruby-red; scarlet; chromatic; of a color at the end of the color spectrum; resembling the color of blood or cherries or tomatoes or rubies		
reddishness	noun	2	Embrace the reddishness of Marsala and pair it with greens and golds for holiday wrapping, cards, or other gifts.	The quality of being somewhat red.	The quality of being somewhat red.	red; redness	
rehearse	verb	2	The phenomenon of esprit de l'escalier is why I rehearse conversations in my head beforehand.	engage in a rehearsal (of)	practise; practice; engage in a rehearsal	perform; execute; do	
relevance	noun	1	The relevance of sport as a factor for integration of socially disadvantaged groups cannot be underestimated.	the relation of something to the matter at hand	relevancy; the relation of something to the matter at hand	connection; connexion; connectedness	irrelevancy
relief	noun	1	Was the relief supposed to be protection from future harm or compensation for past injury?	(law) redress awarded by a court	redress awarded by a court	damages; amends; indemnity; indemnification; restitution; redress; the feeling that comes when something burdensome is removed or reduced; the condition of being comfortable or relieved (especially after being relieved of distress); someone who takes the place of another (as when things get dangerous or difficult); assistance in time of difficulty; a pause for relaxation; a change for the better	
relocated	adjective	2	The nation whose land we're on was forcibly relocated to Oklahoma.	settled in a new location	resettled; settled; settled in a new location		
reluctantly	adverb	2	Mary reluctantly agreed to listen to another one of Tom's freestyle raps.	with reluctance	with reluctance		
remorse	noun	2	In court, he has never shown remorse, but has mumbled incoherently and has made strange gestures.	a feeling of deep regret (usually for some misdeed)	compunction; self-reproach; a feeling of deep regret	sorrow; regret; rue; ruefulness	
reprinting	noun	2	This is a reprinting of an article by Albert Memmi, a great Tunisian Jewish decolonial writer.	a publication (such as a book) that is reprinted without changes or editing and offered again for sale	reissue; reprint; a publication   that is reprinted without changes or editing and offered again for sale	publication	
reprisal	noun	2	You have a right to speak up about mistreatment without fear of reprisal.	a retaliatory action against an enemy in wartime	a retaliatory action against an enemy in wartime	retaliation; revenge	
requite	verb	2	There are labours which no salary can remunerate, services which no fees can requite.	make repayment for or return something	repay; make repayment for or return something	give	
researcher	noun	1	The study outlining the researcher’s findings has been published in the journal Ergonomics.	a scientist who devotes themself to doing research	research worker; investigator; a scientist who devotes themself to doing research	scientist	
respectfully	adverb	2	Might I respectfully suggest to the Town Council that they should adopt a policy of masterly inactivity?	in a respectful manner	in a respectful manner		
restricting	adjective	1	Restricting trans bathroom use leads to the sexual assault of trans people.	restricting the scope or freedom of action	confining; constraining; constrictive; limiting; restrictive		
riverside	noun	2	Opponents say the project will ruin a historically significant riverside site and harm the environment.	the bank of a river	riverbank; the bank of a river	bank	
roadrunner	noun	2	The roadrunner gets its moisture largely from its omnivorous diet, which includes lizards and small rattlesnakes.	speedy largely terrestrial bird found from California and Mexico to Texas	chaparral cock; Geococcyx californianus; speedy largely terrestrial bird found from California and Mexico to Texas	cuckoo	
rock	noun	1	Rock is a generic term for the range of styles that evolved out of rock'n'roll.	a genre of popular music originating in the 1950s; a blend of black rhythm-and-blues with white country-and-western	a genre of popular music originating in the 1950s; a blend of black rhythm-and-blues with white country-and-western	popular music; popular music genre; a lump or mass of hard consolidated mineral matter; material consisting of the aggregate of minerals like those making up the Earth's crust; (figurative) someone who is strong and stable and dependable; hard bright-colored stick candy (typically flavored with peppermint); pitching dangerously to one side; move back and forth or sideways; cause to move back and forth; be excellent or outstanding	
rooster	noun	2	Why, then, does a proverb say: "A foreign rooster is pecked by everyone"?	adult male chicken	cock; adult male chicken	chicken; Gallus gallus	
rubble	noun	2	They’re emerging from basements, sweeping away rubble, patching windows and beginning to rebuild their lives.	the remains of something that has been destroyed or broken up	debris; dust; junk; detritus; the remains of something that has been destroyed or broken up	rubbish; trash; scrap	
ruralism	noun	2	By ‘ruralism’ I mean the glorification of country life, and a dissatisfaction with urbanism.	Advocacy of rural life instead of urbanism or city living.	Advocacy of rural life instead of urbanism or city living.	movement; social movement; front; a rural idiom or expression; a rural characteristic or trait	
saliva	noun	1	What should I do after contact with someone else's blood or saliva?	a clear liquid secreted into the mouth by the salivary glands and mucous glands of the mouth; moistens the mouth and starts the digestion of starches	spit; spittle; moistens the mouth and starts the digestion of starches	secretion	
salmonella	noun	2	Further research is needed before a carbon nanotube biosensor for salmonella is available commercially.	rod-shaped Gram-negative enterobacteria; cause typhoid fever and food poisoning; can be used as a bioweapon	rod-shaped Gram-negative enterobacteria; cause typhoid fever and food poisoning; can be used as a bioweapon	enteric bacteria; enterobacteria; enterics	
sandstone	noun	1	Tucked under a sandstone overhang, Balcony House offers visitors a magnificent view of the surrounding countryside.	a sedimentary rock consisting of sand consolidated with some cement (clay or quartz etc.)	a sedimentary rock consisting of sand consolidated with some cement	arenaceous rock	
satiated	adjective	2	I just want people to go to bed with a satiated tummy.	supplied (especially fed) to satisfaction	satiate; jaded; satiable; satisfiable; supplied   to satisfaction		
satin	noun	2	The minstrels dress up in face paint and colorful satin costumes with fancy hats and parasols.	a smooth fabric of silk or rayon; has a glossy face and a dull back	a smooth fabric of silk or rayon; has a glossy face and a dull back	fabric; cloth; material; textile	
sauna	noun	2	Is it safe to use a sauna or jacuzzi if I'm pregnant?	a Finnish steam bath; steam is produced by pouring water over heated rocks	sweat room; a Finnish steam bath; steam is produced by pouring water over heated rocks	steam bath; steam room; vapor bath; vapour bath	
savior	noun	2	Do you have some time to talk about our lord and savior, Tom Jackson?	a person who rescues you from harm or danger	saviour; rescuer; deliverer; a person who rescues you from harm or danger	benefactor; helper	
saviour	noun	2	Do you believe in our lord and saviour, the Flying Spaghetti Monster?	a person who rescues you from harm or danger	savior; rescuer; deliverer; a person who rescues you from harm or danger	benefactor; helper	
saxophone	noun	2	A native Floridian, she began playing keyboards at age five, and saxophone at age eight.	a single-reed woodwind with a conical bore	sax; a single-reed woodwind with a conical bore	single-reed instrument; single-reed woodwind	
schadenfreude	noun	2	I couldn't resist a touch of schadenfreude when he was defeated so heavily in the election.	delight in another person's misfortune	delight in another person's misfortune	delight; delectation	
scorned	adjective	1	That he was not listened to, and his advice scorned and spurned, was not Machiavelli's fault.	treated with dislike or contempt	despised; detested; hated; unloved; treated with dislike or contempt		
scruff	noun	2	With his scruff and his leather jacket, Tom looked like a rebel without a cause.	the back side of the neck	nape; nucha; the back side of the neck	rear; backside; back end	
sealing	noun	1	Mary extended her little finger, sealing their agreement with a solemn pinky swear.	the act of treating something to make it repel water	waterproofing; the act of treating something to make it repel water	protection	
seaman	noun	2	The seaman had to clean the ship down to the copper bolts.	a man who serves as a sailor	mariner; tar; Jack-tar; Jack; old salt; seafarer; gob; sea dog; a man who serves as a sailor	sailor; man; adult male	
seaside	noun	2	A seaside aqua fitness workout isn’t just about exercise, water, sun and sea breezes.	the shore of a sea or ocean regarded as a resort	seaboard; the shore of a sea or ocean regarded as a resort	seashore; coast; seacoast; sea-coast	
secretariat	noun	2	Victory Holdsworth says the secretariat has put together a team to review the petition.	an administrative unit responsible for maintaining records and other secretarial duties; especially for international organizations	an administrative unit responsible for maintaining records and other secretarial duties; especially for international organizations	administrative unit; administrative body	
seedling	noun	2	It's the oldest tree seedling nursery run by the U.S. Department of Agriculture's Forest Service.	young plant or tree grown from a seed	young plant or tree grown from a seed	spermatophyte; phanerogam; seed plant	
selected	adjective	1	With all faces selected, use the Bevel tool to smooth out the edges of your cube.	chosen in preference to another	elect; elite; chosen in preference to another		
serviceman	noun	2	Three servicemen tend to a wounded serviceman who is supine on a hospital bed.	a man who serves in the armed forces; a member of a military force	man; military man; a man who serves in the armed forces; a member of a military force	military personnel; adult male	civilian
servitor	noun	2	But to-night the elderly servitor was solemn and unloquacious beyond his custom.	someone who performs the duties of an attendant for someone else	someone who performs the duties of an attendant for someone else	attendant; attender; tender	
sherbet	noun	2	In North America, the word "sherbet" refers to a sorbet with milk.	a frozen dessert made primarily of fruit juice and sugar, but also containing milk or egg-white or gelatin	sherbert; a frozen dessert made primarily of fruit juice and sugar, but also containing milk or egg-white or gelatin	frozen dessert	
shingles	noun	1	Shingles, a painful nerve infection, affects millions of people around the world each year.	eruptions along a nerve path often accompanied by severe neuralgia	herpes zoster; zoster; eruptions along a nerve path often accompanied by severe neuralgia	herpes	
shirtsleeve	noun	2	He wiped his hot forehead with his sweaty shirtsleeve, turning with a smile toward his mother.	the sleeve of a shirt	the sleeve of a shirt	sleeve; arm	
shook	noun	1	Are you as shook up as the most famous singer the world knows?	a disassembled barrel; the parts packed for storage or shipment	a disassembled barrel; the parts packed for storage or shipment	barrel; cask	
shylock	noun	2	Al Pacino played Shylock in a version of The Merchant of Venice.	someone who lends money at excessive rates of interest	usurer; loan shark; moneylender; someone who lends money at excessive rates of interest	lender; loaner; shark	
sickle	noun	2	Its teeth are in its belly; it's a sickle, stubborn; so, what could it be?	an edge tool for cutting grass or crops; has a curved blade and a short handle	reaping hook; reap hook; an edge tool for cutting grass or crops; has a curved blade and a short handle	edge tool	
sickliness	noun	2	He did well in school, despite his sickliness and despite the fact that Mama had become increasingly agitated with him.	The state or characteristic of weakness, incapacity, or physical distress due to poor health, especially of a chronic nature.	The state or characteristic of weakness, incapacity, or physical distress due to poor health, especially of a chronic nature.	infirmity; frailty; debility; feebleness; frailness; valetudinarianism	
signatory	noun	2	As a signatory to the treaty, Australia is bound by its terms.	someone who signs and is bound by a document	signer; someone who signs and is bound by a document	actor; doer; worker	
sine	noun	2	The trigonometric functions sine, cosine, and tangent relate the various sides and angles of a triangle.	ratio of the length of the side opposite the given angle to the length of the hypotenuse of a right-angled triangle	sin; ratio of the length of the side opposite the given angle to the length of the hypotenuse of a right-angled triangle	trigonometric function; circular function	
skittish	adjective	2	Tom's cat Felicity is skittish, but once you've befriended her, she won't leave you alone.	unpredictably excitable (especially of horses)	flighty; spooky; nervous; excitable; unpredictably excitable		
skull	noun	1	Her head was shaved and secured in a three-pronged skull clamp.	the bony skeleton of the head of vertebrates	the bony skeleton of the head of vertebrates	bone; os	
skyscraper	noun	2	For the astronomers it was like finding a skyscraper in the middle of a cornfield.	a very tall building with many stories	a very tall building with many stories	building; edifice	
smithsonite	noun	2	Smithsonite is a variably colored trigonal mineral which only rarely is found in well formed crystals.	a mineral ore of zinc.	zinc spar; a mineral ore of zinc.	mineral	
snifter	noun	2	He set the two snifter glasses side by side and tilted the bottle.	a globular glass with a small top; used for serving brandy	brandy glass; a globular glass with a small top; used for serving brandy	glass; drinking glass	
sorbet	noun	2	In North America, the word "sherbet" refers to a sorbet with milk.	an ice containing no milk but having a mushy consistency; usually made from fruit juice	water ice; an ice containing no milk but having a mushy consistency; usually made from fruit juice	ice; frappe	
spinel	noun	2	The garnets in the detritus are accompanied by zircon, spinel, corundum, cyanite, tourmaline, olivine, etc.	a hard glassy mineral consisting of an oxide of magnesium and aluminum; occurs in various colors that are used as gemstones	a hard glassy mineral consisting of an oxide of magnesium and aluminum; occurs in various colors that are used as gemstones	mineral	
spittoon	noun	2	Jim Poland—for such was the big man's name—growled and spat reflectively into a spittoon.	a receptacle for spit (usually in a public place)	cuspidor; a receptacle for spit	receptacle	
spokesman	noun	2	A spokesman has confirmed that the secretary's recommendation was sent to the president early Friday.	a male spokesperson	a male spokesperson	spokesperson; interpreter; representative; voice; man; adult male	
spokeswoman	noun	2	The high commissioner’s spokeswoman said the government had shown some willingness to initiate reforms.	a female spokesperson	a female spokesperson	spokesperson; interpreter; representative; voice; woman; adult female	
squeezable	adjective	2	The accordion is a boxlike instrument, a squeezable bellows with a keyboard.	capable of being easily compressed	compressible; soft; capable of being easily compressed		
stairs	noun	1	I was a bit tired, so I took the escalator instead of the stairs.	a flight of stairs or a flight of steps	steps	stairway; staircase	
stakeout	noun	2	I think we had a total of twenty-four inspectors on stakeout in private cars that night.	surveillance of some place or some person by the police (as in anticipation of a crime)	surveillance of some place or some person by the police	surveillance	
stamina	noun	2	The dogs also have great stamina — the mental and physical strength to work long hours.	enduring strength and energy	staying power; toughness; enduring strength and energy	endurance	
starfish	noun	2	There will be other conservation efforts, including combating coral-eating crown-of-thorns starfish and illegal fishing.	echinoderms characterized by five arms extending from a central disk	sea star; echinoderms characterized by five arms extending from a central disk	echinoderm	
starlight	noun	2	The moon rose and made the waste look colder, deader than under the starlight.	the light of the stars	the light of the stars	light; visible light; visible radiation	
stationery	noun	2	But there were not enough personnel, stationery or cameras to cope with the hastily arranged conference.	paper cut to an appropriate size for writing letters; usually with matching envelopes	letter paper; paper cut to an appropriate size for writing letters; usually with matching envelopes	writing paper	
stretchable	adjective	2	It's bendable, stretchable, transparent, super light. The best conductor of heat, the best conductor of electricity.	capable of being easily stretched and resuming former size or shape	stretchy; elastic; capable of being easily stretched and resuming former size or shape		
subcontinent	noun	2	Retroflex consonants are commonly found in the languages of the Indian subcontinent.	a large and distinctive landmass (as India or Greenland) that is a distinct part of some continent	a large and distinctive landmass   that is a distinct part of some continent	landmass; land mass	
suburb	noun	1	He wouldn't know a suburb unless he took a wrong turn.	a residential district located on the outskirts of a city	a residential district located on the outskirts of a city	residential district; residential area; community	
sumo	noun	2	Sumo, traditional Japanese wrestling, is attracting fans and participants in the United States.	a Japanese form of wrestling; you lose if you are forced out of a small ring or if any part of your body (other than your feet) touches the ground	a Japanese form of wrestling; you lose if you are forced out of a small ring or if any part of your body   touches the ground	wrestling; rassling; grappling; sport	
sunroom	noun	2	He found them tanning in the sunroom, their unclothed bodies evenly browned from invisible light.	a room enclosed largely with glass and affording exposure to the sun	sun parlor; sun parlour; sun porch; sunporch; sun lounge; solarium; a room enclosed largely with glass and affording exposure to the sun	room	
supermarket	noun	2	The aisles and checkout area of the Panda supermarket are usually packed with shoppers.	a large self-service grocery store selling groceries and dairy products and household goods	a large self-service grocery store selling groceries and dairy products and household goods	grocery store; grocery; food market; market	
supernova	noun	2	A supernova is the explosive death of a star, releasing massive energy.	a star that explodes and becomes extremely luminous in the process	a star that explodes and becomes extremely luminous in the process	star	
superpower	noun	2	Russia colonizing Ukraine has no impact on its ability to become a superpower again.	a state powerful enough to influence events throughout the world	world power; major power; great power; power; a state powerful enough to influence events throughout the world	state; nation; country; land; commonwealth; res publica; body politic	
supposedly	adverb	2	Amber Heard didn't even name Johnny Depp in the supposedly defamatory comments.	believed or reputed to be the case	purportedly; believed or reputed to be the case		
surname	noun	2	In French, a forename is sometimes joined to a surname by a hyphen.	the name used to identify the members of a family (as distinguished from each member's given name)	family name; cognomen; last name; the name used to identify the members of a family	name	
swami	noun	2	What kind of high-octane are you using in your crystal ball these days, Swami?	a Hindu religious teacher; used as a title of respect	a Hindu religious teacher; used as a title of respect	Hindu; Hindoo	
sweatshop	noun	2	Many Jews were employed in the garment industry, working under sweatshop conditions.	factory where workers do piecework for poor pay and are prevented from forming unions; common in the clothing industry	factory where workers do piecework for poor pay and are prevented from forming unions; common in the clothing industry	factory; mill; manufacturing plant; manufactory	
syllogistic	noun	2	Aristotelian syllogistic became known as ‘categorical syllogistic’ and the Peripatetic adaptation of Stoic syllogistic as ‘hypothetical syllogistic’.	in logic, the formal analysis of logical terms and operators and the structures that make it possible to infer true conclusions from given premises.	in logic, the formal analysis of logical terms and operators and the structures that make it possible to infer true conclusions from given premises.	logic; of or relating to or consisting of syllogism	
symbiosis	noun	2	We need to learn to live in symbiosis with our ecosystem again.	the relation between two different species of organisms that are interdependent; each gains benefits from the other	mutualism; the relation between two different species of organisms that are interdependent; each gains benefits from the other	mutuality; interdependence; interdependency	
synonymous	adjective	2	In popular culture the phrase “Allahu akbar” has become almost synonymous with terrorism.	(of words) meaning the same or nearly the same	similar; substitutable; meaning the same or nearly the same		antonymous
syzygy	noun	2	Syzygy is the alignment of three celestial bodies, in this case the Sun, Moon and Earth.	the straight line configuration of 3 celestial bodies (as the sun and earth and moon) in a gravitational system	the straight line configuration of 3 celestial bodies   in a gravitational system	physical phenomenon	
tailed	adjective	1	Although the young man realized he was being tailed and tried to escape, he was captured.	having a tail of a specified kind; often used in combination	caudate; caudated; having a tail of a specified kind; often used in combination		
tavern	noun	2	Back in the Phuthaditjaba Tavern, couples grope in corners, while Bob Marley serenades the darkness.	a building with a bar that is licensed to sell alcoholic drinks	tap house; a building with a bar that is licensed to sell alcoholic drinks	building; edifice	
taxpayer	noun	1	Charter schools get paid taxpayer money to deliver worse results than public schools.	someone who pays taxes	someone who pays taxes	payer; remunerator	
teenager	noun	1	This was one of Anne’s last diary entries as a carefree teenager.	a juvenile between the onset of puberty and maturity	adolescent; stripling; teen; a juvenile between the onset of puberty and maturity	juvenile; juvenile person	
tethered	adjective	2	The five-and-a-half-meter-diameter balloon is tethered with a winch cable to an airport pickup truck.	confined or restricted with or as if with a rope or chain	bound; confined or restricted with or as if with a rope or chain		
thallium	noun	2	In the United States, thallium has been restricted from use in rodenticides and depilatory cosmetics.	a soft grey malleable metallic element that resembles tin but discolors on exposure to air; it is highly toxic and is used in rodent and insect poisons; occurs in zinc blende and some iron ores	Tl; atomic number 81; a soft grey malleable metallic element that resembles tin but discolors on exposure to air; it is highly toxic and is used in rodent and insect poisons; occurs in zinc blende and some iron ores	metallic element; metal	
thankless	adjective	2	How sharper than a serpent's tooth it is / To have a thankless child!	not feeling or showing gratitude	ungrateful; unthankful; unappreciative; not feeling or showing gratitude	not likely to be rewarded	
theine	noun	2	You need a larger dose of theine than caffeine to achieve the same effect.	caffeine when present in tea.	caffeine when present in tea.	caffeine; caffein	
theocentrism	noun	2	Edwards's theocentrism suggests an inclusive rather than exclusive posture of God vis-à-vis the world.	the belief that God is the central aspect to our existence.	the belief that God is the central aspect to our existence.	philosophical doctrine; philosophical theory	
theoretician	noun	2	He wasn't a theoretician, she says, he was interested in the practical application of knowledge.	someone who theorizes (especially in science or art)	theorist; theorizer; theoriser; idealogue; someone who theorizes	intellectual; intellect	
thermonuclear	adjective	2	If a thermonuclear bomb hit that base, we'd be vaporized instantaneously.	using nuclear weapons based on fusion as distinguished from fission	nuclear; atomic; using nuclear weapons based on fusion as distinguished from fission		
threadiness	noun	2	The dropping is going better than I'd anticipated due to the threadiness of the yarn.	The state or quality of consisting of or bearing fibers or filaments.	The state or quality of consisting of or bearing fibers or filaments.	thinness; tenuity; slenderness	
thrilled	adjective	1	Tom wasn't exactly thrilled with the plan, but he agreed to go along with it.	feeling intense pleasurable excitement	excited; feeling intense pleasurable excitement		
thriller	noun	1	We made an escapist political thriller that we wanted to imbue with humanity and realism.	a suspenseful adventure story or play or movie	a suspenseful adventure story or play or movie	adventure story; heroic tale	
tiling	noun	1	On the slope of the roof two men were repairing the tiling.	the application of tiles to cover a surface	the application of tiles to cover a surface	application; coating; covering	
toddler	noun	2	Republicans have the mentality of a toddler who screams "YOU CHEATED!" whenever they lose.	a young child who is just beginning to walk	yearling; tot; bambino; a young child who is just beginning to walk	child; kid; youngster; minor; shaver; nipper; small fry; tiddler; tike; tyke; fry; nestling	
tongs	noun	2	Unable to find a spatula, Tom used tongs to flip the pancakes.	any of various devices for taking hold of objects; usually have two hinged legs with handles above and pointed hooks below	any of various devices for taking hold of objects; usually have two hinged legs with handles above and pointed hooks below	device	
toolshed	noun	2	Although the toolshed was so carefully locked, Ruth knew that the window could be opened.	a shed for storing tools	toolhouse; a shed for storing tools	shed	
topsoil	noun	2	A military veteran shows how his compost business helps to replenish precious topsoil.	the layer of soil on the surface	surface soil; the layer of soil on the surface	soil; dirt	
torque	noun	1	A dynamometer is a device that measures an engine’s power and torque.	a twisting force	torsion; a twisting force	force	
tourmaline	noun	2	The garnets in the detritus are accompanied by zircon, spinel, corundum, cyanite, tourmaline, olivine, etc.	a mineral that is a complex borosilicate and hydroxide of aluminum containing iron and magnesium and calcium and lithium and sodium; it is usually black but occurs in transparent colored forms that are used as gemstones	a mineral that is a complex borosilicate and hydroxide of aluminum containing iron and magnesium and calcium and lithium and sodium; it is usually black but occurs in transparent colored forms that are used as gemstones	transparent gem; mineral	
tracery	noun	2	To all of this new, strange music, Liszt and Chopin added the wonderful tracery of orientalism.	decoration consisting of an open pattern of interlacing ribs	decoration consisting of an open pattern of interlacing ribs	decoration; ornament; ornamentation	
trachoma	noun	2	We head to Kenya where trachoma, a preventable disease that can cause blindness, is prevalent.	a chronic contagious disease caused by a bacterium and marked by inflammation of the conjunctiva and cornea of the eye and the formation of scar tissue	a chronic contagious disease caused by a bacterium and marked by inflammation of the conjunctiva and cornea of the eye and the formation of scar tissue	eye disease	
trafficker	noun	2	Of course he's a trafficker; he openly admits to viewing women as property.	someone who promotes or exchanges goods or services for money	seller; marketer; vender; vendor; someone who promotes or exchanges goods or services for money	merchant; merchandiser	
trailing	noun	1	We found our way accidentally, trailing a dog walker during our allowed hour-long daily exercise.	the pursuit (of a person or animal) by following tracks or marks they left behind	tracking; the pursuit   by following tracks or marks they left behind	pursuit; chase; pursual; following	
transistor	noun	2	They said the smallest transistor currently used in a computer is ninety nanometers.	a semiconductor device capable of amplification	a semiconductor device capable of amplification	semiconductor device; semiconductor unit; semiconductor	
translate	verb	1	I have to translate when my in-laws from Austria visit the U.S.	restate (words) from one language into another language	interpret; render; restate   from one language into another language	repeat; reiterate; ingeminate; iterate; restate; retell; change from one form or medium into another; make sense of a language; bring to a certain spiritual state; change the position of (figures or bodies) in space without rotation; be equivalent in effect; be translatable, or be translatable in a certain way	
tribunal	noun	2	He is undermining and dishonoring genuine victims and their causes at this tribunal.	an assembly (including one or more judges) to conduct judicial business	court; judicature; an assembly   to conduct judicial business	assembly	
triceratops	noun	2	Pteranodons glided across the sky while hadrosaurs, iguanodonts, and triceratops grazed in the forests.	huge ceratopsian dinosaur having three horns and the neck heavily armored with a very solid frill	huge ceratopsian dinosaur having three horns and the neck heavily armored with a very solid frill	ceratopsian; horned dinosaur	
tripod	noun	2	It's not like that we put the tripod on the "Kanoun" hearth, stunned guy!	a three-legged rack used for support	a three-legged rack used for support	rack; stand	
tundra	noun	2	In Russia's far north, the city of Vorkuta is slowly being reclaimed by the Arctic tundra.	a vast treeless plain in the Arctic regions where the subsoil is permanently frozen	a vast treeless plain in the Arctic regions where the subsoil is permanently frozen	plain; field; champaign	
tutu	noun	2	However, Tutu was able, in the end, to fulfil her godfather’s wish.	very short skirt worn by ballerinas	ballet skirt; very short skirt worn by ballerinas	skirt	
twain	noun	2	"If you tell the truth, you don't have to remember anything," said Mark Twain.	two items of the same kind	couple; pair; twosome; brace; span; yoke; couplet; distich; duo; duet; dyad; duad; two items of the same kind	two; II; deuce	
typhoon	noun	2	Seven-year old Marvin stopped school when a typhoon washed away his family’s house.	a tropical cyclone occurring in the western Pacific or Indian oceans	a tropical cyclone occurring in the western Pacific or Indian oceans	cyclone	
ultraism	noun	2	Jorge Luis Borges declared that the ‘newest aesthetic’, Ultraism, is the poetic alternative to ‘the prevailing Rubenism and Anecdotalism’.	movement in Spanish and Spanish American poetry after World War I, characterized by a tendency to use free verse, complicated metrical innovations, and daring imagery and symbolism instead of traditional form and content.	movement in Spanish and Spanish American poetry after World War I, characterized by a tendency to use free verse, complicated metrical innovations, and daring imagery and symbolism instead of traditional form and content.	artistic movement; art movement	
umbelliferous	adjective	2	Chervil is an umbelliferous annual possessing aromatic leaves and somewhat resembling parsley in flavor.	relating to or belonging to plants of the family Umbelliferae	relating to or belonging to plants of the family Umbelliferae		
unashamed	adjective	2	While I'm unashamedly a conservative, I'm also unashamed to admit that science has proven these things.	used of persons or their behavior; feeling no shame	impenitent; unrepentant; unremorseful; audacious; barefaced; bodacious; bald-faced; brassy; brazen; brazen-faced; insolent; shameless; unblushing; unabashed; unembarrassed; used of persons or their behavior; feeling no shame		ashamed
unasked	adjective	2	A swift picture of the sort of women he would have in his bed sprang unasked into her mind.	uninvited	unrequested; uninvited		
unclothed	adjective	2	He found them tanning in the sunroom, their unclothed bodies evenly browned from invisible light.	not wearing clothing	unadorned; undecorated; bare; au naturel; naked; nude; bare-assed; bare-ass; in the altogether; in the buff; in the raw; raw; peeled; naked as a jaybird; stark naked; bare-breasted; braless; topless; bareheaded; bared; barelegged; bottomless; clothesless; garmentless; raimentless; en deshabille; in dishabille; exposed; uncovered; half-clothed; scantily clad; underclothed; mother-naked; naked as the day one was born; naked as the day you were born; in one's birthday suit; in your birthday suit; off-the-shoulder; seminude; starkers; stripped; unappareled; unattired; unclad; undressed; ungarbed; ungarmented; without a stitch; not wearing clothing		clothed; clad
uncontroversial	adjective	2	Throwing food at people is a very old, harmless, and uncontroversial form of protest.	not likely to arouse controversy	noncontroversial; unchallengeable; undisputed; unchallenged; unquestioned; agreed upon; stipulatory; not likely to arouse controversy		controversial
uneducated	adjective	2	The majority of Algerians vote for Islamists who are yet corrupt and uneducated.	not having a good education	illiterate; innumerate; noncivilized; noncivilised; unenlightened; uninformed; ignorant; nescient; unlearned; unlettered; undereducated; unschooled; untaught; untutored; unstudied; not having a good education		educated
unessential	adjective	2	Any unessential travel to affected countries must be called off or postponed to a later date.	not basic or fundamental	inessential; dispensable; expendable; extrinsic; secondary; unimportant; unnecessary; unneeded; accessorial; adscititious; incidental; nonessential; accidental; not basic or fundamental		
unhand	verb	2	"Unhand me, woman," said Peter, but she immediately took his arm again.	remove the hand from	remove the hand from	let go of; let go; release; relinquish	
unicyclist	noun	2	He is an enthusiastic amateur chef, mixologist, birdwatcher and unicyclist, and likes to travel the world.	a person who rides a unicycle	a person who rides a unicycle	pedaler; pedaller	
uninhabitable	adjective	2	None of our other problems are going to matter if the world becomes uninhabitable.	not fit for habitation	unlivable; unliveable; not fit for habitation		
universalist	adjective	2	Christianity and Islam are universalist religions, while Judaism is an ethnic religion.	of or relating to or tending toward universalism	of or relating to or tending toward universalism		
universality	noun	2	More universality or extensiveness is, then, one mark which the philosopher's conceptions must possess.	the quality of being universal; existing everywhere	catholicity; the quality of being universal; existing everywhere	generality; generalizability; generalisability	
unrefined	adjective	1	How can a refined girl be drawn to such an unrefined man?	(used of persons and their behavior) not refined; uncouth	inelegant; unfastidious; ungracious; unpolished; agrestic; artless; uncultivated; uncultured; boorish; loutish; neanderthal; neandertal; oafish; swinish; coarse; common; rough-cut; uncouth; vulgar; crass; ill-bred; bounderish; lowbred; rude; underbred; yokelish; low; robust; rough; rough-spoken; ungentlemanly; ungentlemanlike; unladylike; not refined	not refined or processed	refined
usefulness	noun	2	The usefulness of a sentence for language learners depends on what level each learner is at.	the quality of being of practical use	utility; the quality of being of practical use	quality	uselessness; inutility
utterance	noun	1	Mouths were too full for utterance but there was a unanimous bobbing of heads.	the use of uttered sounds for auditory communication	vocalization; the use of uttered sounds for auditory communication	auditory communication	
vandalism	noun	2	Not everyone dismisses these acts of vandalism as a trifle — a harmless prank.	willful wanton and malicious destruction of the property of others	hooliganism; malicious mischief; willful wanton and malicious destruction of the property of others	mischief; mischief-making; mischievousness; deviltry; devilry; devilment; rascality; roguery; roguishness; shenanigan; destruction; devastation	
vapidity	noun	2	Sedulously avoid all polysyllabic profundity, pompous prolixity, psittaceous vacuity, ventriloquial verbosity, and vaniloquent vapidity.	the quality of being vapid and unsophisticated	jejunity; jejuneness; tameness; vapidness; the quality of being vapid and unsophisticated	dullness	
vaporized	adjective	2	If a thermonuclear bomb hit that base, we'd be vaporized instantaneously.	converted into a gas or vapor	gasified; vapourised; volatilized; volatilised; gaseous; converted into a gas or vapor		
velveteen	noun	2	It was a boy dressed in ragged velveteen breeches, and thin discoloured shirt.	a usually cotton fabric with a short pile imitating velvet	a usually cotton fabric with a short pile imitating velvet	fabric; cloth; material; textile	
vented	adjective	1	Europeans have vented their frustration over rising prices and shrinking purchasing power.	supplied with a vent or vents for intake of air or discharge of gases	ventilated; supplied with a vent or vents for intake of air or discharge of gases		
verbosity	noun	2	Sedulously avoid all polysyllabic profundity, pompous prolixity, psittaceous vacuity, ventriloquial verbosity, and vaniloquent vapidity.	an expressive style that uses excessive or empty words	verboseness; an expressive style that uses excessive or empty words	expressive style; style	
veterinarian	noun	2	The veterinarian is conducting research in Tanzania on a sustainable rabies vaccination program.	a doctor who practices veterinary medicine	veterinary; veterinary surgeon; vet; a doctor who practices veterinary medicine	doctor; doc; physician; MD; Dr.; medico	
vigilantly	adverb	2	Every man who observes vigilantly and resolves steadfastly grows unconsciously into a genius.	in a watchful manner	watchfully; in a watchful manner		
vindictiveness	noun	2	We never ought to allow our instincts of justice to degenerate into mere vindictiveness.	a malevolent desire for revenge	vengefulness; a malevolent desire for revenge	malevolence; malignity	
viticulture	noun	2	The winemaker says sustainable viticulture is more than a set of farming practices.	the cultivation of grapes and grape vines; grape growing	viniculture; the cultivation of grapes and grape vines; grape growing	culture	
voicing	noun	1	Academics are voicing alarm that creationist ideas are replacing those of evolution.	the act of adjusting an organ pipe (or wind instrument) so that it conforms to the standards of tone and pitch and color	the act of adjusting an organ pipe   so that it conforms to the standards of tone and pitch and color	adjustment; registration; readjustment	
waiver	noun	2	Meanwhile, Malawi’s government says it plans to implement the visa-free waiver arrangement starting in January.	a formal written statement of relinquishment	release; discharge; a formal written statement of relinquishment	relinquishment; relinquishing	
warmer	noun	1	Warmer waters supercharge some marine life's reproduction rates, putting other species' very survival at risk.	device that heats water or supplies warmth to a room	heater; device that heats water or supplies warmth to a room	device	
warmonger	noun	2	I don't understand why Esther of all people would vote for such a warmonger.	a person who advocates war or warlike policies	militarist; a person who advocates war or warlike policies	actor; doer; worker	
warrior	noun	1	Hey, I am not a social justice warrior! I'm a social justice mage!	someone engaged in or experienced in warfare	someone engaged in or experienced in warfare	actor; doer; worker	
wastebasket	noun	2	These letters might readily have been consigned to the depths of the wastebasket unopened, unread.	a container with an open top; for discarded paper and other rubbish	wastepaper basket; waste-paper basket; waste basket; circular file; a container with an open top; for discarded paper and other rubbish	container	
wastewater	noun	2	The ultraviolet light disinfects wastewater so completely that bacteria and other harmful microorganisms cannot grow.	water mixed with waste matter	effluent; sewer water; water mixed with waste matter	waste; waste material; waste matter; waste product	
waterfront	noun	2	Flexible piping is very prominent at the rebuilt Higashinada sewage treatment plant on Kobe's waterfront.	the area of a city (such as a harbor or dockyard) alongside a body of water	the area of a city   alongside a body of water	city district	
watertightness	noun	2	When discussing watertightness of concrete, we must consider the two P's: porosity and permeability.	The condition of being so tightly made that water cannot enter or escape.	waterproofness; The condition of being so tightly made that water cannot enter or escape.	impermeability; impermeableness; impenetrability; imperviousness	
weakling	noun	2	"What is that weakling that you put on the picture?" replied Ssinistri.	a person who is physically weak and ineffectual	doormat; wuss; a person who is physically weak and ineffectual	person; individual; someone; somebody; mortal; soul	
wheelhouse	noun	2	As the campaign swings to the south, that should be right in his wheelhouse.	one's area of interest or expertise	one's area of interest or expertise	area; an enclosed compartment from which a vessel can be navigated	
whitening	noun	2	Carbamide peroxide is also used as a disinfectant and in dentistry for its teeth whitening effects.	changing to a lighter color	lightening; changing to a lighter color	change of color	
widowed	adjective	1	Either you kill yourself or I'll make sure to be widowed.	single because of death of the spouse	unmarried; single; single because of death of the spouse		
windbag	noun	2	He found the speeches tedious enough, and thought Sir John a dreadful windbag.	a boring person who talks a great deal about uninteresting topics	gasbag; a boring person who talks a great deal about uninteresting topics	bore; dullard	
windstorm	noun	2	My stream of consciousness is more like a waterfall in a windstorm.	a storm consisting of violent winds	a storm consisting of violent winds	storm; violent storm	
winemaker	noun	2	The winemaker says sustainable viticulture is more than a set of farming practices.	someone who makes wine	vintner; wine maker; someone who makes wine	maker; shaper	
wintriness	noun	2	The wintriness of the day got us into the mood for a snow fight.	The state or quality of being suggestive or characteristic of winter; cold, stormy.	The state or quality of being suggestive or characteristic of winter; cold, stormy.	regularity	
wittiness	noun	2	And the result would be that he would kill the wittiness of the lines by burlesque.	The quality of being clever, amusingly ingenious.	The quality of being clever, amusingly ingenious.	jocoseness; jocosity; merriness; humorousness; a message whose ingenuity or verbal skill or incongruity has the power to evoke laughter	
woodland	noun	1	Tom is a woodland elf and John is a dwarf from the mountains.	land that is covered with trees and shrubs	forest; timberland; timber; land that is covered with trees and shrubs	land; dry land; earth; ground; solid ground; terra firma; biome	
workforce	noun	2	Does anyone actually care about your grade point average after you graduate and enter the workforce?	the force of workers available	work force; manpower; hands; men; the force of workers available	force; personnel	
workingman	noun	2	The workingman has taken an advanced place in the struggle for the democratization of industry.	a male employee who performs manual or industrial labor	working man; workman; a male employee who performs manual or industrial labor	working person; man; adult male	
xenophobia	noun	2	Humanitarian organizations fear the ongoing impasse and the hostile rhetoric could heighten local xenophobia.	a fear of foreigners or strangers	a fear of foreigners or strangers	social phobia	
zircon	noun	2	The garnets in the detritus are accompanied by zircon, spinel, corundum, cyanite, tourmaline, olivine, etc.	a common mineral occurring in small crystals; chief source of zirconium; used as a refractory when opaque and as a gem when transparent	a common mineral occurring in small crystals; used as a refractory when opaque and as a gem when transparent	mineral	
