en	zh	ja	es	de
+ and − only	只有 + 和 −	+と−だけ	solo + y −	nur + und −
1 answer has a wrong letter.	有 1 个答案里有错字母。	1つの答えにまちがった文字があります。	Hay 1 respuesta con una letra mal.	1 Antwort hat einen falschen Buchstaben.
1 dagger	1 把短刃	短刀1本	1 daga	1 Dolch
1 empty ring; matches differ by play.	1 个空圆环；每局因走法而不同。	空のリングが1つ。対局は指し方しだいで変わります。	1 anillo vacío; las partidas cambian según el juego.	1 leerer Ring; die Partien unterscheiden sich durchs Spiel.
1 empty starting board; matches differ by play.	1 个空的开局棋盘；每局因走法而不同。	開始時は空の盤が1つ。対局は指し方しだいで変わります。	1 tablero inicial vacío; las partidas cambian según el juego.	1 leeres Startbrett; die Partien unterscheiden sich durchs Spiel.
1 guess left	还能猜错 1 次	残り1回	Te queda 1 intento	Noch 1 Versuch
1 hint	1 次提示	ヒント1回	1 pista	1 Tipp
1 letter given	给出 1 个字母	1文字があらかじめ入っている	1 letra dada	1 Buchstabe vorgegeben
1 letter is wrong, marked in red.	有 1 个字母填错了，已用红色标出。	1文字がまちがっています（赤で表示）。	Hay 1 letra mal, marcada en rojo.	1 Buchstabe ist falsch, rot markiert.
1 number has the wrong letter, marked in red.	有 1 个数字填错了字母，已用红色标出。	1つの数字の文字がまちがっています（赤で表示）。	1 número tiene la letra equivocada, marcado en rojo.	1 Zahl hat den falschen Buchstaben, rot markiert.
1 pass	1 轮	1回	1 pasada	1 Durchgang
1 rule variant	1 种规则变体	ルール1種類	1 variante de reglas	1 Regelvariante
1 square is wrong, marked in red.	有 1 格填错了，已用红色标出。	1マスがまちがっています（赤で表示）。	Hay 1 casilla mal, marcada en rojo.	1 Feld ist falsch, rot markiert.
1 standard starting board. Different move sequences and opponent choices create different matches.	1 种标准开局。不同的走法顺序和对手选择会形成不同的对局。	標準の開始局面が1つ。指し手や相手の選び方で、毎回ちがう対局になります。	1 tablero inicial estándar. Distintas secuencias de jugadas y respuestas del rival crean partidas distintas.	1 Standard-Startstellung. Verschiedene Zugfolgen und Antworten des Gegners ergeben verschiedene Partien.
1 star	1 颗星	星1	1 estrella	1 Stern
1 suit	1 种花色	1スート	1 palo	1 Farbe
1, 2 or 4 suits	1、2 或 4 种花色	1・2・4スート	1, 2 o 4 palos	1, 2 oder 4 Farben
12 themes	12 个主题	12のテーマ	12 temas	12 Themen
12 themes × 4 levels; 20 words per theme.	12 个主题 × 4 个难度；每个主题 20 个单词。	12テーマ × 4レベル。各テーマ20語。	12 temas × 4 niveles; 20 palabras por tema.	12 Themen × 4 Stufen; 20 Wörter pro Thema.
12 themes × 4 levels; 8/7/6/5 mistakes allowed.	12 个主题 × 4 个难度；允许猜错 8/7/6/5 次。	12テーマ × 4レベル。ミスは8/7/6/5回まで。	12 temas × 4 niveles; se permiten 8/7/6/5 fallos.	12 Themen × 4 Stufen; 8/7/6/5 Fehler erlaubt.
16×16 uses digits 1 to 16 in 4×4 boxes.	16×16 使用数字 1 到 16，分成 4×4 的宫。	16×16は1〜16の数字を4×4のボックスで使います。	El 16×16 usa los números del 1 al 16 en cajas de 4×4.	16×16 nutzt die Ziffern 1 bis 16 in 4×4-Kästen.
2 passes	2 轮	2回	2 pasadas	2 Durchgänge
2 rows cleared!	消除了 2 行！	2列消えました！	¡2 filas eliminadas!	2 Reihen abgeräumt!
2 spots · easy computer	2 个点 · 简单电脑	点2つ · やさしいコンピューター	2 puntos · ordenador fácil	2 Punkte · leichter Computer
2 suits	2 种花色	2スート	2 palos	2 Farben
2 to 5 starting spots against the computer.	对战电脑，起始 2 到 5 个点。	コンピューターと対戦、はじめの点は2〜5つ。	De 2 a 5 puntos iniciales contra el ordenador.	2 bis 5 Startpunkte gegen den Computer.
2048	2048	2048	2048	2048
2048 board	2048 棋盘	2048の盤	Tablero de 2048	2048-Brett
3 + 10 = 13. Tap the 3♥.	3 + 10 = 13。点 3♥。	3 + 10 = 13。3♥をタップしましょう。	3 + 10 = 13. Toca el 3♥.	3 + 10 = 13. Tippe auf die 3♥.
3 passes	3 轮	3回	3 pasadas	3 Durchgänge
3 spots · takes winning moves	3 个点 · 会走制胜的一步	点3つ · 勝てる手は逃しません	3 puntos · aprovecha las jugadas ganadoras	3 Punkte · nutzt Gewinnzüge
3×3 to 6×6 boards with goal tiles 512 to 8192.	3×3 到 6×6 的棋盘，目标方块 512 到 8192。	3×3〜6×6の盤、目標タイルは512〜8192。	Tableros de 3×3 a 6×6 con fichas objetivo de 512 a 8192.	3×3- bis 6×6-Bretter mit Zielkacheln von 512 bis 8192.
3×3 to 6×6 boxes; board size and computer strength rise together.	3×3 到 6×6 个方格；棋盘大小和电脑强度一起提升。	3×3〜6×6の箱。盤の大きさとコンピューターの強さがいっしょに上がります。	De 3×3 a 6×6 cajas; el tamaño del tablero y el nivel del ordenador suben juntos.	3×3 bis 6×6 Kästchen; Brettgröße und Computerstärke steigen gemeinsam.
3×4, 4×4, 4×5 and 5×6 boards of Mahjong pictures.	3×4、4×4、4×5 和 5×6 的麻将图案牌面。	麻雀牌の絵の3×4・4×4・4×5・5×6の盤。	Tableros de 3×4, 4×4, 4×5 y 5×6 con dibujos de mahjong.	Bretter mit Mahjong-Bildern in 3×4, 4×4, 4×5 und 5×6.
4 and 8! A new 2 appeared in an empty square.	4 和 8！空格里出现了一个新的 2。	4と8ができました！空いたマスに新しい2が出ました。	¡4 y 8! Ha aparecido un 2 nuevo en una casilla vacía.	4 und 8! Auf einem leeren Feld ist eine neue 2 erschienen.
4 difficulty levels; 120 original clues.	4 个难度；120 条原创提示。	4つの難易度。オリジナルのカギ120個。	4 niveles de dificultad; 120 pistas originales.	4 Schwierigkeitsstufen; 120 eigene Hinweise.
4 difficulty/layout presets; 24/48/72/96 tiles.	4 种难度/布局预设；24/48/72/96 张牌。	難易度・配置のプリセット4種。24/48/72/96枚。	4 niveles de dificultad/diseño; 24/48/72/96 fichas.	4 Schwierigkeits-/Layout-Vorgaben; 24/48/72/96 Steine.
4 pegs from 6 colors, duplicates allowed, 10 guesses × 4 code styles. Filled keys are the right color in the right place; open keys are the right color in the wrong place.	6 种颜色中的 4 颗钉，允许重复，10 次猜测 × 4 种密码风格。实心提示钉表示颜色和位置都对；空心提示钉表示颜色对、位置错。	6色から4本、同じ色の重複あり、10回の推測 × コードの出し方4種。塗りつぶしたキーは色も位置も正しく、輪郭だけのキーは色が正しく位置がちがいます。	4 clavijas de 6 colores, se pueden repetir, 10 intentos × 4 estilos de código. Las claves rellenas son color y lugar correctos; las huecas son el color correcto en otro lugar.	4 Stifte aus 6 Farben, Wiederholungen erlaubt, 10 Versuche × 4 Code-Arten. Gefüllte Schlüssel sind Farbe und Platz richtig; offene Schlüssel sind die richtige Farbe am falschen Platz.
4 spots · avoids losing replies	4 个点 · 会避开导致失败的回应	点4つ · 負ける返し手を避けます	4 puntos · evita respuestas perdedoras	4 Punkte · vermeidet Verliererzüge
4 suits	4 种花色	4スート	4 palos	4 Farben
48 logs. A boss every fifth	48 根圆木。每五关一个首领	丸太48本。5本ごとにボス	48 troncos. Un jefe cada cinco	48 Stämme. Jeder fünfte ein Boss
4×4 to 7×7 grids with arithmetic cages; one size per level.	4×4 到 7×7 的盘面，带算术笼；每个难度一种尺寸。	計算ケージのある4×4〜7×7の盤。レベルごとに1サイズ。	Cuadrículas de 4×4 a 7×7 con jaulas aritméticas; un tamaño por nivel.	4×4- bis 7×7-Gitter mit Rechenkäfigen; eine Größe pro Stufe.
4×4 to 7×7 grids with greater-than signs; one size per level.	4×4 到 7×7 的盘面，带大于小于号；每个难度一种尺寸。	不等号のある4×4〜7×7の盤。レベルごとに1サイズ。	Cuadrículas de 4×4 a 7×7 con signos de mayor que; un tamaño por nivel.	4×4- bis 7×7-Gitter mit Größer-als-Zeichen; eine Größe pro Stufe.
5 + 8 = 13. Tap the 5♦.	5 + 8 = 13。点 5♦。	5 + 8 = 13。5♦をタップしましょう。	5 + 8 = 13. Toca el 5♦.	5 + 8 = 13. Tippe auf die 5♦.
5 linked grids	5 个相连的盘面	5つがつながった盤	5 cuadrículas unidas	5 verbundene Gitter
5 overlapping 9×9 grids	5 个重叠的 9×9 盘面	重なった9×9の盤が5つ	5 cuadrículas de 9×9 superpuestas	5 überlappende 9×9-Gitter
5 overlapping 9×9 grids × 4 levels; each puzzle is proven to have one solution.	5 个重叠的 9×9 盘面 × 4 个难度；每道题都已证明只有一个解。	重なった9×9の盤5つ × 4レベル。どのパズルも答えがひとつであることを確認済み。	5 cuadrículas de 9×9 superpuestas × 4 niveles; cada puzzle tiene una única solución comprobada.	5 überlappende 9×9-Gitter × 4 Stufen; jedes Rätsel hat nachweislich genau eine Lösung.
5 spots · looks further	5 个点 · 看得更远	点5つ · もっと先まで読みます	5 puntos · piensa más jugadas	5 Punkte · denkt weiter voraus
52! theoretical deck orders, sampled by the generator; not every deal can be cleared.	理论上有 52! 种牌序，由生成器抽取；不是每局都能清空。	理論上は52!通りの並びがあり、その一部を作ります。すべての配り方がクリアできるわけではありません。	52! órdenes teóricos de baraja, muestreados por el generador; no todos los repartos se pueden despejar.	52! theoretische Reihenfolgen, vom Generator ausgewählt; nicht jedes Spiel lässt sich abräumen.
52! ≈ 8.07 × 10⁶⁷ theoretical deck orders; our seeded generator samples a subset, not all orders. Winnability is not guaranteed.	理论上有 52! ≈ 8.07 × 10⁶⁷ 种牌序；我们的生成器只抽取其中一部分，而不是全部。不保证每局都能赢。	理論上は52! ≈ 8.07 × 10⁶⁷通りの並びがあります。このアプリはその一部を作るもので、すべてではありません。クリアできるとはかぎりません。	En teoría hay 52! ≈ 8,07 × 10⁶⁷ órdenes de baraja; nuestro generador toma una parte, no todos. No se garantiza que se pueda ganar.	Theoretisch gibt es 52! ≈ 8,07 × 10⁶⁷ Kartenreihenfolgen; unser Generator nutzt nur einen Teil davon. Ein Sieg ist nicht garantiert.
5×5 to 8×8 number grids; one size per level.	5×5 到 8×8 的数字盘面；每个难度一种尺寸。	5×5〜8×8の数字の盤。レベルごとに1サイズ。	Cuadrículas numéricas de 5×5 a 8×8; un tamaño por nivel.	Zahlengitter von 5×5 bis 8×8; eine Größe pro Stufe.
5×5, 8×8, 10×10 and 12×12 pictures from row and column clues.	5×5、8×8、10×10 和 12×12 的图画，根据行列提示画出。	行と列のヒントから描く5×5・8×8・10×10・12×12の絵。	Dibujos de 5×5, 8×8, 10×10 y 12×12 a partir de pistas de filas y columnas.	Bilder in 5×5, 8×8, 10×10 und 12×12 aus Zeilen- und Spaltenhinweisen.
5♠ 4♠ is a same-suit run, so it moves as one. Tap the 5♠.	5♠ 4♠ 是同花色连牌，所以可以一起移动。点 5♠。	5♠ 4♠は同じマークの続きなので、まとめて動かせます。5♠をタップしましょう。	5♠ 4♠ es una escalera del mismo palo, así que se mueve entera. Toca el 5♠.	5♠ 4♠ ist eine gleichfarbige Folge und bewegt sich als Ganzes. Tippe auf die 5♠.
6×6 to 12×12 cross-sum boards; one size per level.	6×6 到 12×12 的交叉和盘面；每个难度一种尺寸。	6×6〜12×12のクロス合計の盤。レベルごとに1サイズ。	Tableros de sumas cruzadas de 6×6 a 12×12; un tamaño por nivel.	Kreuzsummen-Bretter von 6×6 bis 12×12; eine Größe pro Stufe.
8 magnetic stones each × 4 computer strengths.	每人 8 块磁石 × 4 种电脑强度。	それぞれ磁石8個 × コンピューターの強さ4段階。	8 imanes cada uno × 4 niveles del ordenador.	Je 8 Magnetsteine × 4 Computerstärken.
8 rule variants. Seven support 4×4, 6×6 and 9×9 × 4 levels; Classic, X, Jigsaw and Killer also come as 16×16. Plus custom grids from 4×4 to 16×16.	8 种规则变体。其中七种支持 4×4、6×6、9×9 × 4 个难度；经典、对角线、锯齿和杀手还有 16×16。另有 4×4 到 16×16 的自定义盘面。	8種類のルール。うち7種類は4×4・6×6・9×9 × 4レベル。クラシック・対角線・ジグソー・キラーは16×16もあります。さらに4×4〜16×16の自作の盤も。	8 variantes de reglas. Siete admiten 4×4, 6×6 y 9×9 × 4 niveles; Clásico, X, Irregular y Asesino también existen en 16×16. Además, cuadrículas propias de 4×4 a 16×16.	8 Regelvarianten. Sieben gibt es in 4×4, 6×6 und 9×9 × 4 Stufen; Klassisch, X, Puzzle und Killer auch als 16×16. Dazu eigene Gitter von 4×4 bis 16×16.
8 variants · 4×4 to 16×16 · custom grids	8 种玩法 · 4×4 到 16×16 · 自定义盘面	8種類 · 4×4〜16×16 · 自作の盤	8 variantes · de 4×4 a 16×16 · cuadrículas propias	8 Varianten · 4×4 bis 16×16 · eigene Gitter
8 variants, 4 sizes	8 种玩法，4 种尺寸	8種類・4サイズ	8 variantes, 4 tamaños	8 Varianten, 4 Größen
8×8/8, 9×9/10, 16×16/40 and 30×16/99 mines.	8×8/8 个雷、9×9/10、16×16/40 和 30×16/99。	8×8/地雷8、9×9/10、16×16/40、30×16/99。	8×8/8, 9×9/10, 16×16/40 y 30×16/99 minas.	8×8/8, 9×9/10, 16×16/40 und 30×16/99 Minen.
9×9 to 13×13 clue-free grids where numbers stand for letters × 4 levels.	9×9 到 13×13 的无提示盘面，数字代表字母 × 4 个难度。	数字が文字を表す、カギのない9×9〜13×13の盤 × 4レベル。	Cuadrículas sin pistas de 9×9 a 13×13 donde los números son letras × 4 niveles.	Hinweislose Gitter von 9×9 bis 13×13, in denen Zahlen für Buchstaben stehen × 4 Stufen.
@sep:, 	，	、	, 	, 
A 2-square × cage with a prime target (like 5× on a 5×5) must include 1.	两格的 × 笼子如果目标是质数（比如 5×5 里的 5×），一定包含 1。	2マスの×のケージで目標が素数なら（5×5の「5×」など）、必ず1が入ります。	Una jaula de × de dos casillas con un objetivo primo (como 5× en un 5×5) debe incluir el 1.	Ein ×-Käfig mit zwei Feldern und einem Primzahl-Ziel (wie 5× auf 5×5) muss die 1 enthalten.
A card is uncovered when no card from the row below overlaps it.	下一行没有牌压着它时，这张牌就算没被压住。	下の段のカードが重なっていなければ、そのカードは取れる状態です。	Una carta está descubierta cuando ninguna carta de la fila de abajo la tapa.	Eine Karte ist frei, wenn keine Karte aus der Reihe darunter sie überdeckt.
A close answer, like "cheap", gets one more try. What could you add to make it right?	像“便宜”这样接近的答案可以再试一次。补充什么能让它变成正确答案？	「安い」のようなおしい答えは、もう一度答えられます。何を足せば正解になるでしょう？	Una respuesta cercana, como «barato», tiene otro intento. ¿Qué añadirías para que sea correcta?	Eine knappe Antwort wie „billig“ bekommt noch einen Versuch. Was könntest du ergänzen, damit sie stimmt?
A color repeats, but not all four pegs are the same	有一种颜色重复，但四颗钉不会全是同一种	同じ色が重なりますが、4本とも同じ色にはなりません	Un color se repite, pero las cuatro clavijas no son iguales	Eine Farbe wiederholt sich, aber nicht alle vier Stifte sind gleich
A color that earns no key is not in the code.	一种颜色如果没有任何提示钉，就不在密码里。	キーがつかなかった色は、コードに入っていません。	Un color que no recibe ninguna clave no está en el código.	Eine Farbe ohne Schlüssel kommt im Code nicht vor.
A complete King-to-Ace run in one suit leaves the table. Clear all eight runs to win.	同一花色从 K 到 A 接满一列就会移出牌桌。清掉全部八列就赢了。	同じマークでキングからエースまでそろうと、場から取りのぞかれます。8列すべてそろえれば勝ちです。	Una escalera completa del rey al as de un palo sale de la mesa. Completa las ocho para ganar.	Eine vollständige Folge vom König bis zum Ass in einer Farbe verlässt den Tisch. Räume alle acht ab, um zu gewinnen.
A crossword without clues: every letter has been replaced by a number, and the same number always means the same letter. A few letters are given to start. Tap a square, then type the letter you think its number stands for; every square with that number fills in. Every across and down run of letters is a real word.	没有提示的填字游戏：每个字母都换成了数字，同一个数字总是代表同一个字母。开始时会给出几个字母。点一个格子，再输入你认为这个数字代表的字母；所有同一数字的格子都会一起填上。每一个横向和纵向的连续字母都是真实的单词。	カギのないクロスワードです。すべての文字が数字に置きかえられていて、同じ数字はいつも同じ文字を表します。はじめにいくつかの文字が入っています。マスをタップし、その数字が表すと思う文字を入力すると、同じ数字のマスがすべてうまります。たて・よこに続く文字はすべて本当の言葉です。	Un crucigrama sin pistas: cada letra se ha cambiado por un número, y el mismo número siempre es la misma letra. Al empezar se dan algunas letras. Toca una casilla y escribe la letra que crees que representa su número; se rellenan todas las casillas con ese número. Todas las filas y columnas de letras son palabras reales.	Ein Kreuzworträtsel ohne Hinweise: Jeder Buchstabe wurde durch eine Zahl ersetzt, und dieselbe Zahl steht immer für denselben Buchstaben. Zu Beginn sind ein paar Buchstaben vorgegeben. Tippe auf ein Feld und gib den Buchstaben ein, für den seine Zahl deiner Meinung nach steht; alle Felder mit dieser Zahl füllen sich. Jede waagerechte und senkrechte Buchstabenfolge ist ein echtes Wort.
A dagger that lands in a clear gap sticks and spins with the log. Hitting a dagger already there ends the run.	短刃落进空着的缺口就会扎住，并跟着圆木转。打到已经扎住的短刃，这一局就结束。	空いたすき間に入った短刀は刺さり、丸太と一緒に回ります。すでに刺さっている短刀に当たると、その回は終わりです。	Una daga que cae en un hueco libre se clava y gira con el tronco. Chocar con una daga que ya está acaba la partida.	Ein Dolch, der in eine freie Lücke trifft, bleibt stecken und dreht sich mit. Ein Treffer auf einen Dolch, der schon steckt, beendet den Lauf.
A digit can't repeat inside a cage.	笼子里的数字不能重复。	ケージの中で数字は重なりません。	Un número no puede repetirse dentro de una jaula.	Eine Ziffer darf sich in einem Käfig nicht wiederholen.
A digit can't repeat within one run.	同一段里的数字不能重复。	同じ並びの中で数字は重なりません。	Un número no puede repetirse dentro de un tramo.	In einem Block darf sich keine Ziffer wiederholen.
A digit in this box counts for both grids, so solving one grid helps the next.	这个宫里的数字同时属于两个盘面，所以解开一个就能帮助下一个。	このボックスの数字は両方の盤に数えるので、ひとつの盤を解くと次の盤も進みます。	Un número en esta caja cuenta para las dos cuadrículas, así que resolver una ayuda con la siguiente.	Eine Ziffer in diesem Kasten zählt für beide Gitter, also hilft das Lösen des einen beim nächsten.
A filled key means that color is in the right place. An open key means that color is in the code but in the wrong place.	实心提示钉表示颜色和位置都对。空心提示钉表示颜色在密码里，但位置不对。	塗りつぶしたキーは、色も位置も正しい印です。輪郭だけのキーは、色はコードにあるけれど位置がちがう印です。	Una clave rellena significa que ese color está en el lugar correcto. Una clave hueca significa que ese color está en el código, pero en otro lugar.	Ein gefüllter Schlüssel heißt: diese Farbe sitzt am richtigen Platz. Ein offener Schlüssel heißt: die Farbe ist im Code, aber am falschen Platz.
A filled square with a bar means the letter is in the right spot. A square with a dot means the word has that letter somewhere else. A faded square means the letter isn't in the word.	带横条的实心格表示字母位置正确。带圆点的格表示单词里有这个字母，但在别处。变淡的格表示单词里没有这个字母。	下に線がある塗られたマスは位置も正解。点のあるマスは、その文字が別の位置にあるという意味。薄いマスは単語にない文字です。	Una casilla rellena con una barra indica que la letra está en su sitio. Una con un punto, que la palabra tiene esa letra en otro lugar. Una atenuada, que la letra no está en la palabra.	Ein gefülltes Feld mit Strich heißt: Der Buchstabe steht richtig. Ein Feld mit Punkt: Das Wort hat den Buchstaben an anderer Stelle. Ein blasses Feld: Der Buchstabe kommt nicht vor.
A group! It locks in above the board.	一组！它锁定在棋盘上方。	グループ成立！盤の上に確定しました。	¡Un grupo! Se fija encima del tablero.	Eine Gruppe! Sie wird über dem Brett festgelegt.
A hint is shown under the sentence.	提示显示在句子下方。	ヒントは文の下に表示されます。	La pista aparece bajo la frase.	Der Tipp steht unter dem Satz.
A Latin square with greater-than signs.	带大于小于号的拉丁方阵。	不等号のあるラテン方陣。	Un cuadrado latino con signos de mayor que.	Ein lateinisches Quadrat mit Größer-als-Zeichen.
A letter used twice in your guess is only marked as often as the word really has it.	猜测里出现两次的字母，只会按单词里实际的次数标记。	予想の中で2回使った文字は、正解の単語に含まれる回数までしか印がつきません。	Una letra repetida en tu intento solo se marca tantas veces como aparece de verdad en la palabra.	Ein doppelt verwendeter Buchstabe wird nur so oft markiert, wie er wirklich im Wort vorkommt.
A letter was revealed.	已揭示一个字母。	文字をひとつ表示しました。	Se ha revelado una letra.	Ein Buchstabe wurde aufgedeckt.
A loop needs a waypoint to go around.	画圈需要一个绕行的途经点。	ループには、回りこむための経由点が必要です。	Un bucle necesita un punto de paso para rodear.	Eine Schleife braucht einen Wegpunkt, um den sie herumführt.
A loop needs a waypoint: tap an empty point near the spot.	画环需要经过点：在这个点附近点一个空位置。	輪には経由点が必要です。点の近くの空いた所をタップしてください。	Un lazo necesita un punto de paso: toca un sitio vacío cerca del punto.	Eine Schleife braucht einen Wegpunkt: Tippe auf eine freie Stelle nahe dem Punkt.
A man that reaches the far row is crowned King; that ends the turn. Kings move and capture backwards too, one square at a time.	普通棋子走到对面最后一行就升为王，这一回合随即结束。王也可以向后走和吃子，每次一格。	いちばん奥の列に着いた駒はキングになり、その手番は終わります。キングは後ろにも1マスずつ進んだり取ったりできます。	Un peón que llega a la última fila se corona Dama y el turno termina. Las damas también se mueven y capturan hacia atrás, de una en una casilla.	Ein Stein, der die hinterste Reihe erreicht, wird zur Dame gekrönt; damit endet der Zug. Damen ziehen und schlagen auch rückwärts, ein Feld nach dem anderen.
A new spot sprouted in the middle. It already has two line ends, so it has 1 left.	中间长出了一个新点。它已经连了两个线头，所以只剩 1 个。	まん中に新しい点が生えました。すでに線の端が2つあるので、残りは1です。	Ha brotado un punto nuevo en el centro. Ya tiene dos extremos de línea, así que le queda 1.	In der Mitte ist ein neuer Punkt gesprossen. Er hat schon zwei Linienenden, also bleibt ihm 1.
A new spot sprouts in the middle of every line you draw.	你画的每条线中间都会长出一个新点。	引いた線のまん中に、新しい点が生えます。	En el centro de cada línea que traces brota un punto nuevo.	In der Mitte jeder gezogenen Linie sprießt ein neuer Punkt.
A number that touches exactly as many covered squares as its value: they're all mines.	如果一个数字周围未翻开的格子数正好等于这个数字，那它们全是地雷。	数字と同じ数だけしか閉じたマスに接していなければ、それらはすべて地雷です。	Si un número toca exactamente tantas casillas cubiertas como su valor, todas son minas.	Berührt eine Zahl genau so viele verdeckte Felder, wie sie angibt, sind das alles Minen.
A number whose mines are all flagged: its other neighbours are safe.	如果一个数字周围的地雷都已插旗，它的其他邻格就是安全的。	数字の周りの地雷にすべて旗が立っていれば、ほかのとなりは安全です。	Si todas las minas de un número tienen bandera, sus demás vecinas son seguras.	Sind alle Minen einer Zahl markiert, sind ihre übrigen Nachbarn sicher.
A one of dots: not a match, so both turn back. Remember where they were!	是一筒：不是一对，所以两张都翻回去了。记住它们的位置！	「一筒」でした。ペアではないので2枚とも裏に戻ります。場所を覚えておきましょう！	Un uno de círculos: no hacen pareja, así que las dos se giran. ¡Recuerda dónde estaban!	Eine Punkte-Eins: kein Paar, also werden beide wieder umgedreht. Merk dir, wo sie lagen!
A one-square cage gives its answer. Tap the cage marked 1.	一格的笼子直接给出答案。点标着 1 的笼子。	1マスのケージは答えがそのまま書かれています。「1」のケージをタップしましょう。	Una jaula de una casilla da su respuesta. Toca la jaula marcada con 1.	Ein Käfig mit einem Feld verrät die Antwort. Tippe auf den Käfig mit der 1.
A one-square cage is free: its total is its digit. Tap the cage marked 2.	只有一格的笼子白送：它的总和就是它的数字。点标着 2 的笼子。	1マスのケージはすぐわかります。合計がそのまま数字です。「2」のケージをタップしましょう。	Una jaula de una casilla es gratis: su total es su número. Toca la jaula marcada con 2.	Ein Käfig mit einem Feld ist geschenkt: Seine Summe ist seine Ziffer. Tippe auf den Käfig mit der 2.
A one-square cage simply gives its digit. Easy puzzles use only + and −.	只有一格的笼子直接给出数字。简单难度只用 + 和 −。	1マスのケージはその数字そのものです。かんたんなパズルは+と−だけです。	Una jaula de una casilla da su número directamente. Los puzzles fáciles solo usan + y −.	Ein Käfig mit einem Feld gibt einfach seine Ziffer an. Leichte Rätsel nutzen nur + und −.
A pair! It stays face up. Keep going until every pair is found.	一对！它们会保持正面朝上。继续找，直到找出所有对子。	ペアです！表のまま残ります。すべてのペアが見つかるまで続けましょう。	¡Pareja! Se queda boca arriba. Sigue hasta encontrarlas todas.	Ein Paar! Es bleibt offen. Mach weiter, bis alle Paare gefunden sind.
A red dragon.	是红中。	「中」です。	Un dragón rojo.	Ein roter Drache.
A right answer scores 2, or 1 if you used a hint. A close answer gets one more try and scores 1.	答对得 2 分，用了提示得 1 分。接近的答案可以再试一次，得 1 分。	正解は2点、ヒントを使うと1点。おしい答えはもう一度答えられて1点です。	Una respuesta correcta da 2 puntos, o 1 si usaste una pista. Una cercana tiene otro intento y da 1.	Eine richtige Antwort bringt 2 Punkte, mit Tipp 1. Eine knappe bekommt noch einen Versuch und bringt 1.
A round log spins in the centre. Tap to throw a dagger from the stack straight up into the rim. It sticks and spins with the log. If it hits a dagger already there, it bounces off and the run ends. Stick every dagger and the log bursts. Apples and coins on the rim score extra. Some logs start with daggers already stuck. Endless stages speed up, reverse, and change pattern. The level map has 48 logs, a boss every fifth, and stars for the fruit you take.	一根圆木在中央旋转。点按，把刀堆上的短刃笔直投进边缘。短刃会扎住，并跟着圆木一起转。如果打到已经扎住的短刃，它会弹开，这一局就结束。把短刃全部扎上，圆木就会裂开。边缘上的苹果和金币额外加分。有的圆木一开始就扎着短刃。无尽关卡会加速、反向，并改变转法。关卡图有 48 根圆木，每五关一个首领，摘到的果子记为星星。	丸い丸太が中央で回ります。タップすると、束の短刀が縁へまっすぐ飛びます。刺さって丸太と一緒に回ります。すでに刺さっている短刀に当たると跳ね返り、その回は終わりです。短刀をすべて刺すと丸太が割れます。縁のリンゴとコインは追加点です。最初から短刀が刺さっている丸太もあります。エンドレスは速くなり、逆回転し、回り方も変わります。レベル選択には丸太が48本あり、5本ごとにボス、取った果実が星になります。	Un tronco redondo gira en el centro. Toca para lanzar una daga de la pila en línea recta al borde. Se clava y gira con el tronco. Si choca con una daga ya clavada, rebota y la partida termina. Clava todas las dagas y el tronco estalla. Las manzanas y las monedas del borde suman puntos. Algunos troncos empiezan con dagas ya clavadas. Las fases sin fin se aceleran, invierten el giro y cambian de patrón. El mapa tiene 48 troncos, un jefe cada cinco, y estrellas por la fruta que tomas.	Ein runder Stamm dreht sich in der Mitte. Tippe, um einen Dolch aus dem Stapel gerade nach oben in den Rand zu werfen. Er bleibt stecken und dreht sich mit. Trifft er einen Dolch, der schon steckt, prallt er ab und der Lauf ist vorbei. Stecken alle Dolche, birst der Stamm. Äpfel und Münzen am Rand geben Extra-Punkte. Manche Stämme starten mit schon steckenden Dolchen. Endlos-Runden werden schneller, drehen um und wechseln das Muster. Die Levelkarte hat 48 Stämme, jeden fünften einen Boss, und Sterne für das Obst.
A round log spins in the centre. Tap to throw the next dagger from the stack straight up into its rim.	一根圆木在中央旋转。点按，把刀堆里的下一把短刃笔直投进边缘。	丸い丸太が中央で回ります。タップすると、束の次の短刀が縁へまっすぐ飛びます。	Un tronco redondo gira en el centro. Toca para lanzar la siguiente daga de la pila en línea recta a su borde.	Ein runder Stamm dreht sich in der Mitte. Tippe, um den nächsten Dolch aus dem Stapel gerade nach oben in den Rand zu werfen.
A row filled from edge to edge disappears and scores; clearing several rows at once scores more.	从一边填满到另一边的行会消失并得分；一次消除多行得分更多。	端から端までうまった列は消えて得点になります。一度に何列も消すと、さらに高得点です。	Una fila llena de lado a lado desaparece y puntúa; eliminar varias a la vez da más puntos.	Eine Reihe, die von Rand zu Rand gefüllt ist, verschwindet und bringt Punkte; mehrere Reihen auf einmal bringen mehr.
A rule variant changes how you play. A setting changes the difficulty, size or theme. Neither counts unique boards. You can keep starting games without reaching a final level; finite content can eventually repeat.	规则变体改变玩法；设置改变难度、尺寸或主题。两者都不等于不同盘面的数量。你可以一直开始新游戏，没有最终关卡；不过有限的内容终究可能重复。	ルールの種類は遊び方を、設定は難易度・サイズ・テーマを変えます。どちらも異なる盤の数ではありません。最終レベルはなく、いくらでも新しいゲームを始められますが、限られた内容はいずれ繰り返すこともあります。	Una variante de reglas cambia cómo se juega. Un ajuste cambia la dificultad, el tamaño o el tema. Ninguno cuenta tableros distintos. Puedes seguir empezando partidas sin llegar a un nivel final; el contenido limitado puede acabar repitiéndose.	Eine Regelvariante ändert, wie du spielst. Eine Einstellung ändert Schwierigkeit, Größe oder Thema. Beides zählt keine einzigartigen Bretter. Du kannst immer neue Spiele starten, ohne ein letztes Level zu erreichen; begrenzte Inhalte können sich irgendwann wiederholen.
A saying is hidden in the grid. The letters above each column belong somewhere in that column, in a different order. Tap a square, then tap one of its column's letters to drop it in. Black squares separate words, and words never break across lines. Sayings are proverbs or public-domain quotations.	盘面里藏着一句话。每一列上方的字母都属于这一列，但顺序被打乱了。点一个格子，再点这一列上方的一个字母，把它放进去。黑格用来分隔词语，词语不会跨行断开。这些话都是谚语或公有领域的名言。	盤の中にことわざが隠れています。各列の上にある文字は、その列のどこかに入りますが、順番はばらばらです。マスをタップしてから、その列の文字をタップして落とし入れます。黒いマスは言葉の区切りで、言葉が行をまたいで切れることはありません。ことわざや、著作権の切れた名言を使っています。	En la cuadrícula se esconde una frase. Las letras sobre cada columna van en esa columna, pero en otro orden. Toca una casilla y luego una letra de su columna para dejarla caer. Las casillas negras separan palabras, y ninguna palabra se corta entre líneas. Las frases son refranes o citas de dominio público.	Im Gitter versteckt sich ein Spruch. Die Buchstaben über jeder Spalte gehören irgendwo in diese Spalte, nur in anderer Reihenfolge. Tippe auf ein Feld und dann auf einen Buchstaben seiner Spalte, um ihn hineinfallen zu lassen. Schwarze Felder trennen Wörter, und Wörter werden nie über Zeilen getrennt. Die Sprüche sind Sprichwörter oder gemeinfreie Zitate.
A sign between two squares shows which is larger. The open side of < or > faces the larger digit; ∧ and ∨ work the same up and down.	两格之间的符号表示哪个更大。< 或 > 的开口朝向较大的数；∧ 和 ∨ 在上下方向同理。	2つのマスの間の記号は、どちらが大きいかを表します。<や>の開いている側が大きい数字です。∧と∨も上下で同じです。	Un signo entre dos casillas indica cuál es mayor. El lado abierto de < o > mira al número mayor; ∧ y ∨ funcionan igual arriba y abajo.	Ein Zeichen zwischen zwei Feldern zeigt, welches größer ist. Die offene Seite von < oder > zeigt zur größeren Ziffer; ∧ und ∨ funktionieren genauso nach oben und unten.
A small board: eight words, two threads. Four of these are fruits. Tap FIG.	一个小棋盘：八个单词，两组。其中四个是水果。点 FIG。	小さな盤です。8語で2グループ。このうち4語は果物です。FIG をタップ。	Un tablero pequeño: ocho palabras, dos hilos. Cuatro son frutas. Toca FIG.	Ein kleines Brett: acht Wörter, zwei Fäden. Vier davon sind Obst. Tippe auf FIG.
A spot can have at most three line ends; a full spot is out of play.	一个点最多连三个线头；满了的点就不能再用了。	1つの点につながる線の端は3つまで。いっぱいになった点はもう使えません。	Un punto admite como mucho tres extremos de línea; un punto lleno queda fuera de juego.	Ein Punkt verträgt höchstens drei Linienenden; ein voller Punkt ist aus dem Spiel.
A square is in two cages.	有一格同时在两个笼子里。	1つのマスが2つのケージに入っています。	Una casilla está en dos jaulas.	Ein Feld liegt in zwei Käfigen.
A square next to a shaded square must stay white. Circle the middle 2 to remember that (in the game, tap twice).	紧挨着涂黑格子的格子必须保持白色。给中间的 2 画圈记住这一点（在游戏里点两下）。	黒マスのとなりは白のままです。真ん中の2に丸をつけて覚えておきましょう（ゲームでは2回タップ）。	Una casilla junto a una sombreada debe quedar blanca. Rodea el 2 del centro para recordarlo (en el juego, toca dos veces).	Ein Feld neben einem schwarzen Feld muss weiß bleiben. Kreise die mittlere 2 ein, um dir das zu merken (im Spiel: zweimal tippen).
A square that is smaller than a neighbour can't hold the largest digit, and a larger one can't hold 1.	比邻格小的格子不可能是最大的数，比邻格大的格子不可能是 1。	となりより小さいマスにいちばん大きな数字は入らず、大きいマスには1が入りません。	Una casilla menor que su vecina no puede tener el número más alto, y una mayor no puede tener el 1.	Ein Feld, das kleiner als sein Nachbar ist, kann nicht die größte Ziffer haben, und ein größeres nicht die 1.
A, N and T	A、N 和 T	A、N、T	A, N y T	A, N und T
About	关于	このアプリについて	Acerca de	Über
about 160 givens	约 160 个已知数	最初の数字 約160個	unos 160 números dados	etwa 160 Vorgaben
about 185 givens	约 185 个已知数	最初の数字 約185個	unos 185 números dados	etwa 185 Vorgaben
about 215 givens	约 215 个已知数	最初の数字 約215個	unos 215 números dados	etwa 215 Vorgaben
Accent	强调色	アクセント	Acento	Akzent
Aces go straight to a foundation. Tap the A♠.	A 直接放上基础堆。点 A♠。	エースはそのまま組札に置けます。A♠をタップしましょう。	Los ases van directos a una base. Toca el A♠.	Asse kommen direkt auf einen Ablagestapel. Tippe auf das A♠.
Across	横向	ヨコ	Horizontales	Waagerecht
across sum {0}	横向和 {0}	ヨコの合計{0}	suma horizontal {0}	waagerechte Summe {0}
across {0}	横向 {0}	ヨコ{0}	horizontal {0}	waagerecht {0}
Acrostic	藏头词	頭文字パズル	Acróstico	Akrostichon
Active and paused games. Each one is saved, so you can pick up where you left off.	正在进行和暂停的游戏。每一局都已保存，可以从上次的地方继续。	プレイ中・中断中のゲームです。どれも保存されているので、続きから遊べます。	Partidas activas y en pausa. Todas están guardadas para que sigas donde lo dejaste.	Laufende und pausierte Spiele. Jedes ist gespeichert, du machst einfach dort weiter, wo du aufgehört hast.
Add Windoku windows	加入 Windoku 窗口	ウィンドクの窓を追加	Añadir ventanas Windoku	Windoku-Fenster hinzufügen
Added digits until only one answer is left.	已加入数字，直到只剩一个答案。	答えがひとつになるまで数字を加えました。	Se añadieron números hasta que solo queda una solución.	Ziffern ergänzt, bis nur noch eine Lösung übrig ist.
adjective	形容词	形容詞	adjetivo	Adjektiv
After every move a new 2 (sometimes a 4) appears in an empty square.	每走一步，空格里会出现一个新的 2（有时是 4）。	1手ごとに、空いたマスに新しい2（ときどき4）が現れます。	Tras cada movimiento aparece un 2 nuevo (a veces un 4) en una casilla vacía.	Nach jedem Zug erscheint eine neue 2 (manchmal eine 4) auf einem leeren Feld.
After every word the real meaning is shown. If the judge got it wrong, tap I was right.	每个词之后都会显示真正的意思。如果判定错了，点“我答对了”。	各語のあとに本当の意味が表示されます。判定がまちがっていたら「正解だった」をタップ。	Después de cada palabra se muestra su significado real. Si el juez se equivocó, toca Tenía razón.	Nach jedem Wort wird die echte Bedeutung gezeigt. Lag die Bewertung falsch, tippe auf Ich hatte recht.
all directions, including backward	所有方向，包括倒着的	すべての方向（逆向きも）	en todas las direcciones, también al revés	in alle Richtungen, auch rückwärts
All eight runs complete!	八列全部完成！	8列すべてそろいました！	¡Las ocho escaleras completas!	Alle acht Reihen fertig!
All finished games	所有完成的游戏	終わったゲームすべて	Todas las terminadas	Alle beendeten Spiele
All four suits · the classic challenge	全部四种花色 · 经典挑战	4スートすべて · 定番の挑戦	Los cuatro palos · el reto clásico	Alle vier Farben · die klassische Herausforderung
All four threads found!	四组全部找到！	4つとも発見！	¡Encontraste los cuatro hilos!	Alle vier Fäden gefunden!
All four threads, no mistakes!	四组全部找到，一次都没错！	4つともノーミスで発見！	¡Los cuatro hilos, sin errores!	Alle vier Fäden, ohne Fehler!
All pairs found in {0} turns!	用 {0} 回合找到了所有配对！	{0}回ですべてのペアを見つけました！	¡Todas las parejas en {0} turnos!	Alle Paare in {0} Runden gefunden!
All tiles start face down. Turn over two at a time; matching pictures stay up. Find every pair in as few turns as you can.	所有牌一开始都是背面朝上。每次翻开两张；图案相同的会留着正面朝上。用尽量少的回合找出所有配对。	牌はすべて裏向きで始まります。2枚ずつめくり、同じ絵なら表のまま残ります。できるだけ少ない回数で、すべてのペアを見つけましょう。	Todas las fichas empiezan boca abajo. Da la vuelta a dos cada vez; si el dibujo coincide, se quedan boca arriba. Encuentra todas las parejas en el menor número de turnos.	Alle Steine liegen zu Beginn verdeckt. Deck immer zwei auf; gleiche Bilder bleiben offen. Finde alle Paare in möglichst wenigen Runden.
All tiles start face down. Turn over two per turn.	所有牌一开始都是背面朝上。每回合翻开两张。	牌ははじめすべて裏向きです。1回に2枚めくります。	Todas las fichas empiezan boca abajo. Da la vuelta a dos por turno.	Alle Steine liegen anfangs verdeckt. Pro Zug deckst du zwei auf.
All unshaded squares must stay connected in one area.	所有没涂黑的格子必须连成一片。	白いマスはすべて、ひとつながりでなければなりません。	Todas las casillas sin sombrear deben seguir unidas en una sola zona.	Alle weißen Felder müssen in einer Fläche zusammenhängen.
Allowed, but 6♣ 5♥ is mixed, so the two can't move together later. Same-suit runs from King to Ace leave the table.	可以，但 6♣ 5♥ 花色不同，之后就不能一起移动了。同花色从 K 到 A 的连牌才会离开牌桌。	置けますが、6♣ 5♥はマークがちがうので、あとでまとめて動かせません。場から消えるのは、同じマークのキングからエースまでの列です。	Se permite, pero 6♣ 5♥ está mezclado y no podrán moverse juntas después. Las escaleras del mismo palo del rey al as salen de la mesa.	Erlaubt, aber 6♣ 5♥ ist gemischt, die beiden können später nicht zusammen ziehen. Gleichfarbige Folgen vom König bis zum Ass verlassen den Tisch.
An empty area opens by itself, bordered by numbers.	一片空白区域自动翻开了，边缘是一圈数字。	空白の範囲が自動で開き、そのふちに数字が並びました。	Se abre sola una zona vacía, rodeada de números.	Ein leerer Bereich öffnet sich von selbst, umrandet von Zahlen.
An empty column is precious: use it to rearrange runs.	空列很宝贵：用它来重新整理连牌。	空いた列は貴重です。列の並べかえに使いましょう。	Una columna vacía es un tesoro: úsala para reordenar escaleras.	Eine leere Spalte ist wertvoll: Nutze sie, um Folgen umzuordnen.
An open square's number counts the mines in the eight squares around it. An empty square has none, and its neighbours open automatically.	翻开的格子上的数字，表示周围八格里有几颗地雷。空白格周围没有地雷，它的邻格会自动翻开。	開いたマスの数字は、周りの8マスにある地雷の数です。空白のマスの周りには地雷がなく、となりのマスが自動で開きます。	El número de una casilla abierta cuenta las minas de las ocho casillas que la rodean. Una casilla vacía no tiene ninguna y sus vecinas se abren solas.	Die Zahl eines offenen Feldes zählt die Minen in den acht Feldern ringsum. Ein leeres Feld hat keine, und seine Nachbarn öffnen sich von selbst.
And 6 − 2 = 4 fills the last square. Check: 3 + 4 = 7 matches the bottom clue.	而 6 − 2 = 4 填好最后一格。验算：3 + 4 = 7，和下面的提示一致。	最後のマスは6 − 2 = 4。確認：3 + 4 = 7で、下のヒントと合います。	Y 6 − 2 = 4 rellena la última casilla. Comprueba: 3 + 4 = 7 coincide con la pista de abajo.	Und 6 − 2 = 4 füllt das letzte Feld. Probe: 3 + 4 = 7 passt zum unteren Hinweis.
And its partner.	再点和它配对的那张。	そしてもう1枚。	Y su pareja.	Und seinen Partner.
And PLUM.	还有 PLUM。	そして PLUM。	Y PLUM.	Und PLUM.
And the 10♠ to clear the pyramid.	再点 10♠，清空金字塔。	そして10♠で、ピラミッドがなくなります。	Y el 10♠ para eliminar la pirámide.	Und die 10♠, um die Pyramide abzuräumen.
Animals	动物	動物	Animales	Tiere
Another red dragon, and you know where the first one is.	又是一张红中，而你知道第一张在哪里。	また「中」です。1枚目の場所はわかっていますね。	Otro dragón rojo, y ya sabes dónde está el primero.	Noch ein roter Drache, und du weißt, wo der erste liegt.
Answer	答案	答え	Respuesta	Antwort
Answer every clue. Read down the first letters of the answers to spell a hidden word. Tap a clue, type its answer and press Enter. Hint reveals one letter of the chosen answer.	回答每一条提示。把各个答案的第一个字母从上往下读，就能拼出一个隐藏的词。点一条提示，输入答案后按“确定”。提示会揭示所选答案中的一个字母。	すべてのカギに答えましょう。答えの最初の文字を上から読むと、隠れた言葉になります。カギをタップして答えを入力し、「決定」を押します。ヒントを使うと、選んだ答えの文字がひとつ表示されます。	Responde a todas las pistas. Lee de arriba abajo la primera letra de cada respuesta para formar una palabra oculta. Toca una pista, escribe la respuesta y pulsa Aceptar. La pista revela una letra de la respuesta elegida.	Beantworte jeden Hinweis. Lies die Anfangsbuchstaben der Antworten von oben nach unten, dann ergibt sich ein Geheimwort. Tippe auf einen Hinweis, gib die Antwort ein und drück Eingabe. Ein Tipp deckt einen Buchstaben der gewählten Antwort auf.
answers of {0}–{1} letters	答案 {0}–{1} 个字母	答えは{0}〜{1}文字	respuestas de {0}–{1} letras	Antworten mit {0}–{1} Buchstaben
Anti-king	反王步	アンチキング	Antirrey	Anti-König
Anti-knight	反马步	アンチナイト	Anticaballo	Anti-Springer
Any	全部	すべて	Cualquiera	Alle
Any card may be placed on a card one rank higher, whatever its suit.	任何牌都可以放在比它大一的牌上，花色不限。	どのカードも、マークに関係なく1つ大きいカードの上に置けます。	Cualquier carta puede ir sobre otra de un valor más alto, sea del palo que sea.	Jede Karte darf auf eine um eins höhere Karte gelegt werden, egal welcher Farbe.
Any code, including repeats	任何密码，可以有重复颜色	繰り返しを含む、どんなコードでも	Cualquier código, repeticiones incluidas	Jeder Code, auch mit Wiederholungen
any five letters	任意五个字母	どんな5文字でもOK	cualquier combinación de cinco letras	beliebige fünf Buchstaben
Appearance	外观	外観	Apariencia	Aussehen
Applewood	苹果木	リンゴの木	Madera de manzano	Apfelholz
Arcade	街机	アーケード	Arcade	Arcade
Arithmetic cages	算术笼	計算ケージ	Jaulas aritméticas	Rechenkäfige
Arrow	箭头	アロー	Flecha	Pfeil
as few givens as unique allows	在保证唯一解的前提下尽量少的已知数	答えがひとつになる最少の数字	los mínimos números dados que permite la solución única	so wenige Vorgaben wie die Eindeutigkeit erlaubt
Avoid drawing the third side of a box: your opponent will take it.	别画一个方格的第三条边：对手会拿走它。	箱の3本目の辺を引かないようにしましょう。相手に取られます。	Evita trazar el tercer lado de una caja: tu rival se la quedará.	Zieh keine dritte Seite eines Kästchens: Sonst holt es sich dein Gegner.
Avoid swiping in the direction that pulls your big tile out of its corner.	别往会把大方块拉出角落的方向滑。	大きなタイルが角から出てしまう方向には、スワイプしないようにしましょう。	Evita deslizar hacia donde tu ficha grande saldría de su esquina.	Wische nicht in die Richtung, die deine große Kachel aus ihrer Ecke zieht.
Avoids handing you boxes	避免把方格送给你	あなたに箱を渡さないようにします	Evita regalarte cajas	Vermeidet, dir Kästchen zu schenken
Baby animals	动物宝宝	動物の赤ちゃん	Crías de animales	Tierbabys
Back	返回	戻る	Atrás	Zurück
Back to the game	回到游戏	ゲームに戻る	Volver al juego	Zurück zum Spiel
Background	背景	背景	Fondo	Hintergrund
Based on {0}	基于{0}	{0}がもと	Basado en {0}	Basiert auf {0}
Best score	最高分	ハイスコア	Mejor puntuación	Höchste Punktzahl
Best tile {0}	最大方块 {0}	最高タイル {0}	Mejor ficha {0}	Beste Kachel {0}
Best times	最佳用时	ベストタイム	Mejores tiempos	Bestzeiten
Best {0}	最佳 {0}	ベスト {0}	Mejor {0}	Beste {0}
Birch	桦木	白樺	Abedul	Birke
Birds	鸟	鳥	Aves	Vögel
black	黑	黒	negra	schwarz
black disc	黑棋	黒い石	ficha negra	schwarzer Stein
Black square	黑格	黒マス	Casilla negra	Schwarzes Feld
blank	空白	空白	en blanco	leer
Block	方块	ブロック	Bloque	Block
blocked	被挡住	取れない	bloqueada	blockiert
blocked gap	被挡住的缺口	ふさがったすき間	hueco tapado	verdeckte Lücke
Blocked tiles are drawn darker.	被挡住的牌颜色较暗。	取れない牌は暗く表示されます。	Las fichas bloqueadas se ven más oscuras.	Blockierte Steine sind dunkler dargestellt.
Blocks fall one at a time. Move and rotate them to fill whole rows; full rows disappear and score. Tap the board to rotate, drag sideways to move, swipe down to drop, or use the buttons. The game speeds up every 10 rows.	方块一个接一个落下。移动和旋转它们来填满整行；填满的行会消除并得分。点棋盘旋转，左右拖动移动，向下滑动落下，也可以用按钮。每消除 10 行速度会加快。	ブロックがひとつずつ落ちてきます。動かしたり回したりして横一列をうめましょう。うまった列は消えて点になります。盤をタップで回転、横にドラッグで移動、下にスワイプで落下。ボタンでも操作できます。10列消すごとにスピードが上がります。	Los bloques caen de uno en uno. Muévelos y gíralos para completar filas enteras; las filas llenas desaparecen y suman puntos. Toca el tablero para girar, arrastra a los lados para mover, desliza hacia abajo para soltar o usa los botones. Cada 10 filas, el juego se acelera.	Die Blöcke fallen einzeln herunter. Verschiebe und drehe sie, um ganze Reihen zu füllen; volle Reihen verschwinden und bringen Punkte. Tippe aufs Brett zum Drehen, zieh seitlich zum Verschieben, wische nach unten zum Fallenlassen oder nutze die Knöpfe. Alle 10 Reihen wird es schneller.
Blue	蓝色	青	Azul	Blau
Blue peg	蓝色钉	青のピン	Clavija azul	Blauer Stift
Board	棋盘	盤	Tablero	Brett
Board and strategy	棋盘与策略	ボードと戦略	Tablero y estrategia	Brett und Strategie
Board cleared!	牌面已清空！	全部取りました！	¡Tablero vacío!	Brett geleert!
Board cleared! Real layouts have many layers, so order matters: think before you match.	牌面清空了！真正的牌阵有很多层，所以顺序很重要：配对前先想一想。	盤が空になりました！本番の配置は何層もあるので、順番が大切です。取る前によく考えましょう。	¡Tablero vacío! Las disposiciones reales tienen muchas capas, así que el orden importa: piensa antes de emparejar.	Brett abgeräumt! Echte Aufbauten haben viele Schichten, also zählt die Reihenfolge: Erst denken, dann paaren.
Board dark squares	棋盘深色格	盤の暗いマス	Casillas oscuras del tablero	Dunkle Brettfelder
Board light squares	棋盘浅色格	盤の明るいマス	Casillas claras del tablero	Helle Brettfelder
Board size	棋盘大小	盤の大きさ	Tamaño del tablero	Brettgröße
Bold cages show a target and an operation (+ − × ÷). The digits in the cage must make the target with it.	粗线笼子标有目标数和运算（+ − × ÷）。笼子里的数字要用这个运算得到目标数。	太線のケージには目標の数と計算（+ − × ÷）が書かれています。ケージの数字でその計算をすると、目標の数になります。	Las jaulas gruesas muestran un objetivo y una operación (+ − × ÷). Los números de la jaula deben dar el objetivo con ella.	Fett umrandete Käfige zeigen ein Ziel und eine Rechenart (+ − × ÷). Die Ziffern im Käfig müssen damit das Ziel ergeben.
Boneyard {0}	牌堆 {0}	山 {0}	Pozo {0}	Talon {0}
Boom — you hit a mine	轰——踩到雷了	ドカン！地雷をふみました	¡Bum! Has pisado una mina	Bumm – du hast eine Mine erwischt
Boss	首领	ボス	Jefe	Boss
Both diagonals	两条对角线	両対角線	Ambas diagonales	Beide Diagonalen
Both full rows vanished and everything above moved down.	两行满行都消失了，上面的全部往下移。	うまった2列が消え、その上がすべて下に落ちました。	Las dos filas llenas han desaparecido y todo lo de encima ha bajado.	Beide vollen Reihen sind verschwunden, und alles darüber ist nach unten gerutscht.
Both long diagonals also hold each digit once.	两条长对角线上也不能有重复的数字。	2本の長い対角線にも、それぞれの数字が1回ずつ入ります。	Las dos diagonales largas también contienen cada número una vez.	Auch die beiden langen Diagonalen enthalten jede Ziffer einmal.
Both long diagonals hold each digit once.	两条长对角线上每个数字只出现一次。	2本の長い対角線に、それぞれの数字が1回ずつ入ります。	Las dos diagonales largas contienen cada número una vez.	Beide langen Diagonalen enthalten jede Ziffer einmal.
Both main diagonals must also hold each digit once.	两条主对角线上的数字也不能重复。	2本の主対角線にも、それぞれの数字が1回ずつ入ります。	Las dos diagonales principales también deben contener cada número una vez.	Auch die beiden Hauptdiagonalen müssen jede Ziffer einmal enthalten.
Bottom left	左下	左下	Abajo a la izquierda	Unten links
Bottom right	右下	右下	Abajo a la derecha	Unten rechts
Boxes are replaced by irregular regions with thick borders.	宫被粗线围成的不规则区域取代。	ボックスの代わりに、太線で囲まれた変形ブロックがあります。	Las cajas se sustituyen por regiones irregulares con bordes gruesos.	Statt Kästen gibt es unregelmäßige Regionen mit dicken Rändern.
Break a hidden code of four colored pegs.	破解由四颗色钉组成的隐藏密码。	4つの色ピンの隠れたコードを当てよう。	Descifra un código oculto de cuatro clavijas de colores.	Knacke einen versteckten Code aus vier farbigen Stiften.
Break the code	破解密码	暗号を解け	Descifra el código	Knack den Code
Break the computer's secret code of four colored pegs, chosen from six colors. The same color may appear more than once. You have ten guesses. Filled key pegs count colors in the right place. Open key pegs count colors that belong in the code but sit in the wrong place. The keys are only counts. Tap a color, then Guess.	破解电脑的四色钉密码，颜色从六种里选。同一种颜色可以出现多次。你有十次猜测。实心提示钉数的是颜色和位置都对的。空心提示钉数的是颜色在密码里、但位置不对的。提示钉只给出数量。点一种颜色，再点“猜测”。	コンピューターの秘密のコードを当てます。4本の色ピンで、色は6色から。同じ色が何度でも使えます。推測は10回。塗りつぶしたキーは、色も位置も正しい数です。輪郭だけのキーは、色はコードにあるけれど位置がちがう数です。キーは数だけを伝えます。色をタップしてから「推理」。	Descifra el código secreto del ordenador: cuatro clavijas de color, elegidas entre seis colores. El mismo color puede repetirse. Tienes diez intentos. Las claves rellenas cuentan colores en el lugar correcto. Las claves huecas cuentan colores que están en el código, pero en otro lugar. Las claves solo dan cantidades. Toca un color y luego Probar.	Knacke den geheimen Code des Computers: vier farbige Stifte, gewählt aus sechs Farben. Dieselbe Farbe darf mehrfach vorkommen. Du hast zehn Versuche. Gefüllte Schlüssel zählen Farben am richtigen Platz. Offene Schlüssel zählen Farben, die im Code sind, aber am falschen Platz. Die Schlüssel sind nur Zahlen. Tippe eine Farbe an und dann auf Raten.
Bright game colors, chunky rounded shapes and violet felt	明亮的游戏色彩，圆润厚实的造型，紫色桌布	明るいゲームカラー、ぽってり丸い形、紫のフェルト	Colores vivos, formas redondeadas y gruesas y tapete violeta	Kräftige Spielfarben, runde, gewichtige Formen und violetter Filz
Build any grid from 4×4 to 16×16: draw your own regions, add cages, odd/even squares, extra groups and special rules. The checker makes sure a grid has exactly one answer before you play it.	设计 4×4 到 16×16 的任意盘面：画出自己的区域，加入笼子、奇偶格、额外组和特殊规则。检查器会确认盘面恰好只有一个答案，然后才能开始玩。	4×4から16×16まで、好きな盤を作れます。自分でブロックを描き、ケージ、奇数・偶数のマス、追加グループ、特別ルールを加えましょう。遊ぶ前に、答えがちょうどひとつかチェッカーが確かめます。	Crea cualquier cuadrícula de 4×4 a 16×16: dibuja tus propias regiones y añade jaulas, casillas par/impar, grupos extra y reglas especiales. El comprobador se asegura de que tenga una única solución antes de jugarla.	Baue beliebige Gitter von 4×4 bis 16×16: Zeichne eigene Regionen und füge Käfige, gerade/ungerade Felder, Zusatzgruppen und Sonderregeln hinzu. Vor dem Spielen prüft der Prüfer, dass es genau eine Lösung gibt.
Build runs down from King to Ace in one suit; a finished run leaves the table. You may place a card on any card one rank higher, but only same-suit runs move together. Tap the stock to deal a card onto every column (no column may be empty). Tap a card to pick it up, then tap where it goes, or tap it again to move it to the best spot.	从 K 到 A 按同一花色依次往下排，完成的一整列会离开桌面。任何牌都可以放在比它大一点的牌上，但只有同花色的连续牌才能一起移动。点牌堆会给每一列发一张牌（每列都不能是空的）。点一张牌拿起来，再点目标位置；或者再点一次，把它移到最佳位置。	同じスートでキングからエースまで順に下へ並べます。そろった列は場から消えます。どのカードも1つ上の数のカードに重ねられますが、まとめて動かせるのは同じスートの並びだけです。山札をタップすると全部の列に1枚ずつ配られます（空いた列があると配れません）。カードをタップして持ち上げ、置き場所をタップ。もう一度タップすると、いちばん良い場所へ動きます。	Forma escaleras descendentes del rey al as de un mismo palo; cada escalera completa sale de la mesa. Puedes poner una carta sobre cualquier otra un punto más alta, pero solo las escaleras del mismo palo se mueven juntas. Toca el mazo para repartir una carta en cada columna (ninguna puede estar vacía). Toca una carta para cogerla y luego el destino, o tócala otra vez para llevarla al mejor sitio.	Bilde absteigende Reihen von König bis Ass in einer Farbe; eine fertige Reihe verlässt den Tisch. Du darfst jede Karte auf eine um eins höhere legen, aber nur Reihen derselben Farbe lassen sich zusammen bewegen. Tippe auf den Stapel, um auf jede Spalte eine Karte zu geben (keine Spalte darf leer sein). Tippe eine Karte an, um sie aufzunehmen, und dann ihr Ziel, oder tippe sie erneut an, um sie auf den besten Platz zu legen.
Build the foundation at the top from Ace to King in one suit. Below, columns build down in alternating colours.	上面的基础堆按同一花色从 A 叠到 K。下面的牌列红黑交替往下接。	上の組札は、同じマークでエースからキングへ重ねます。下の列は色を交互に小さい数字を重ねます。	La base de arriba se construye del as al rey en un palo. Abajo, las columnas bajan alternando colores.	Oben baust du den Ablagestapel in einer Farbe vom Ass bis zum König auf. Unten gehen die Spalten abwärts mit wechselnden Farben.
Building a puzzle with one solution…	正在生成只有一个答案的谜题…	答えがひとつのパズルを作っています…	Creando un puzzle con una única solución…	Ein Rätsel mit genau einer Lösung wird erstellt …
Built from rules each game and checked to have exactly one way to sort the words; decoys grow with the level.	每局都按规则生成，并检查确保只有一种分法；干扰项随难度增加。	毎回ルールから作られ、分け方がひとつだけであることを確認済み。レベルが上がるとひっかけが増えます。	Se crea a partir de reglas en cada partida y se comprueba que solo haya una forma de ordenar las palabras; los señuelos aumentan con el nivel.	Wird jede Runde aus Regeln gebaut und darauf geprüft, dass es genau eine Sortierung gibt; die Köder nehmen mit der Stufe zu.
C and H	C 和 H	C と H	C y H	C und H
C(28,7) × C(21,7) theoretical ordered-player opening hands; boneyard order adds variation. Exact generator coverage not measured.	理论上有 C(28,7) × C(21,7) 种双方起手牌组合；牌堆顺序又增加了变化。未统计生成器实际覆盖的范围。	理論上の配り方はC(28,7) × C(21,7)通りで、山の順番でさらに変化します。実際にどこまで作れるかは測っていません。	C(28,7) × C(21,7) manos iniciales teóricas por jugador; el orden del pozo añade variedad. No se ha medido la cobertura real del generador.	C(28,7) × C(21,7) theoretische Starthände; die Talon-Reihenfolge bringt weitere Abwechslung. Die tatsächliche Abdeckung ist nicht gemessen.
Cage layouts and operations vary per puzzle; exact unique-grid count not measured.	每道题的笼子布局和运算都不同；未统计不同盘面的确切数量。	ケージの配置と計算はパズルごとに変わります。異なる盤の正確な数は測っていません。	La disposición de las jaulas y las operaciones cambian en cada puzzle; no se ha medido el número exacto de cuadrículas distintas.	Käfiganordnung und Rechenarten ändern sich je Rätsel; die genaue Zahl verschiedener Gitter ist nicht gemessen.
Cage total	笼子总和	ケージの合計	Total de la jaula	Käfigsumme
cage {0}	笼子 {0}	ケージ{0}	jaula {0}	Käfig {0}
Cage {0} can't add up to {1}: its {2} different digits make between {3} and {4}	笼子 {0} 的和不可能是 {1}：它的 {2} 个不同数字之和在 {3} 到 {4} 之间	ケージ{0}は合計{1}になりません。ちがう数字{2}個の合計は{3}〜{4}です	La jaula {0} no puede sumar {1}: sus {2} números distintos suman entre {3} y {4}	Käfig {0} kann nicht {1} ergeben: Seine {2} verschiedenen Ziffern ergeben zwischen {3} und {4}
Cage {0} can't add up to {1}: its {2} different digits make between {3} and {4}.	笼子 {0} 的总和不可能是 {1}：{2} 个不同数字的和只能在 {3} 到 {4} 之间。	ケージ{0}は合計{1}にできません。ちがう数字{2}個の合計は{3}〜{4}です。	La jaula {0} no puede sumar {1}: sus {2} números distintos suman entre {3} y {4}.	Käfig {0} kann nicht {1} ergeben: {2} verschiedene Ziffern ergeben zwischen {3} und {4}.
Cage {0} has more squares than there are digits.	笼子 {0} 的格数比可用的数字还多。	ケージ{0}のマスが数字の種類より多くなっています。	La jaula {0} tiene más casillas que números hay.	Käfig {0} hat mehr Felder, als es Ziffern gibt.
Cage {0} is damaged.	笼子 {0} 已损坏。	ケージ{0}が壊れています。	La jaula {0} está dañada.	Käfig {0} ist beschädigt.
Cage {0} is split into separate pieces.	笼子 {0} 被分成了几块。	ケージ{0}が離れた部分に分かれています。	La jaula {0} está dividida en trozos separados.	Käfig {0} besteht aus getrennten Teilen.
Cages	笼子	ケージ	Jaulas	Käfige
Cages add up to their corner numbers	笼子加起来等于角上的数	ケージの合計は角の数	Las jaulas suman el número de su esquina	Käfige ergeben ihre Eckzahlen
Cages that add up	笼子里的数字相加	ケージの数字を足す	Jaulas que suman	Käfige mit Summen
cages up to {0} cells	笼子最多 {0} 格	ケージは最大{0}マス	jaulas de hasta {0} casillas	Käfige mit bis zu {0} Feldern
Calcudoku	聪明格	カルクドク	Calcudoku	Calcudoku
Cancel	取消	キャンセル	Cancelar	Abbrechen
Captured!	吃掉了！	取りました！	¡Capturada!	Geschlagen!
Captures are compulsory, and a multi-jump must be finished.	能吃子时必须吃，连跳也必须跳完。	取れる駒があれば必ず取ります。連続で飛べるときは最後まで飛びます。	Capturar es obligatorio y los saltos múltiples deben completarse.	Schlagen ist Pflicht, und ein Mehrfachsprung muss zu Ende geführt werden.
Card back	牌背	カードの裏	Dorso de las cartas	Kartenrücken
Card back pattern	牌背图案	カードの裏の模様	Dibujo del dorso	Muster des Kartenrückens
Cards and tiles	纸牌与麻将	カードと牌	Cartas y fichas	Karten und Steine
Cards go on a card one rank higher. Only same-suit runs move together.	牌要放在比它大一的牌上。只有同花色的连牌能一起移动。	カードは1つ大きいカードの上に置きます。まとめて動かせるのは同じマークの続きだけです。	Las cartas van sobre una de un valor más alto. Solo las escaleras del mismo palo se mueven juntas.	Karten kommen auf eine um eins höhere Karte. Nur gleichfarbige Folgen bewegen sich zusammen.
Careful with money	花钱谨慎	お金に慎重	Cuidadoso con el dinero	Vorsichtig mit Geld
Careful: 1 stone would snap to it. Tap again to place anyway.	小心：会有 1 块磁石吸过来。仍要放就再点一下。	注意：磁石が1個くっつきます。それでも置くならもう一度タップ。	Cuidado: se le pegaría 1 imán. Toca otra vez para colocarlo igualmente.	Vorsicht: 1 Stein würde anschnappen. Tippe noch einmal, um trotzdem zu legen.
Careful: {0} stones would snap to it. Tap again to place anyway.	小心：会有 {0} 块磁石吸过来。仍要放就再点一下。	注意：磁石が{0}個くっつきます。それでも置くならもう一度タップ。	Cuidado: se le pegarían {0} imanes. Toca otra vez para colocarlo igualmente.	Vorsicht: {0} Steine würden anschnappen. Tippe noch einmal, um trotzdem zu legen.
categories and one word-play group, a few decoys	类别加一组文字游戏，少量干扰项	カテゴリーと言葉遊び1つ、ひっかけ少し	categorías y un grupo de juego de palabras, pocos señuelos	Kategorien und eine Wortspiel-Gruppe, wenige Köder
Center	中间	中央	Centro	Mitte
Chains of signs (a < b < c) pin digits quickly.	一连串的符号（a < b < c）能很快确定数字。	記号が続く所（a < b < c）では、数字がすぐに決まります。	Las cadenas de signos (a < b < c) fijan números rápidamente.	Ketten von Zeichen (a < b < c) legen Ziffern schnell fest.
Change	更改	変更	Cambiar	Ändern
change color	更改颜色	色を変更	cambiar color	Farbe ändern
Charred	焦木	焦げ	Carbonizado	Verkohlt
Cheap describes prices; frugal describes a person's habits.	“便宜”形容价格；frugal 形容人的习惯。	「安い」は値段のこと。frugal は人の習慣のことです。	Barato describe precios; frugal describe los hábitos de una persona.	Billig beschreibt Preise; frugal beschreibt die Gewohnheiten eines Menschen.
Check	检查	チェック	Comprobar	Prüfen
Check for mistakes	检查错误	まちがいをチェック	Buscar errores	Auf Fehler prüfen
Checkers	西洋跳棋	チェッカー	Damas	Dame
Checking…	检查中…	確認中…	Comprobando…	Wird geprüft …
Chess pieces	国际象棋棋子	チェスの駒	Piezas de ajedrez	Schachfiguren
Choose a log	选一根圆木	丸太を選ぶ	Elige un tronco	Wähle einen Stamm
Choose any opening square; it and its neighbors will be safe.	任选一个格子开局，它和周围的格子都是安全的。	最初のマスはどこでも選べます。そのマスと周りは安全です。	Elige cualquier casilla para empezar: ella y sus vecinas serán seguras.	Wähle ein beliebiges Startfeld: Es und seine Nachbarn sind sicher.
Choose two matching free tiles.	选择两张相同的空闲牌。	同じ絵柄の空いている牌を2つ選んでください。	Elige dos fichas libres iguales.	Wähle zwei gleiche freie Steine.
circled	已画圈	丸	rodeada	eingekreist
Circles hold odd digits.	圆圈里填奇数。	丸には奇数が入ります。	Los círculos llevan números impares.	Kreise enthalten ungerade Ziffern.
Clang	当啷	カキン	Clang	Klirr
Classic	经典	クラシック	Clásico	Klassisch
Classics	经典	クラシック	Clásicos	Klassiker
Clear	清除	クリア	Borrar	Leeren
Clear all games	全部清除	すべて消去	Borrar todo	Alles löschen
Clear all started and finished games	清除所有已开始和已完成的游戏	始めたゲームと終わったゲームをすべて消去	Borrar todas las partidas empezadas y terminadas	Alle begonnenen und beendeten Spiele löschen
Clear digits	清除所有数字	数字をすべて消す	Borrar números	Ziffern leeren
Clear every started and finished game?	清除所有已开始和已完成的游戏？	始めたゲームと終わったゲームをすべて消去しますか？	¿Borrar todas las partidas empezadas y terminadas?	Alle begonnenen und beendeten Spiele löschen?
Clear every tile to win. If no free pair is left, the game is stuck; use Undo or start again.	清空所有牌就赢了。如果已经没有可配对的自由牌，就卡住了；可以撤销或重新开始。	すべての牌を取れば勝ちです。取れるペアがなくなったら手詰まり。元に戻すか、やり直しましょう。	Retira todas las fichas para ganar. Si no queda ninguna pareja libre, te has atascado; usa Deshacer o empieza de nuevo.	Räume alle Steine ab, um zu gewinnen. Gibt es kein freies Paar mehr, steckst du fest; nimm Züge zurück oder fang neu an.
Clear finished games and high scores	清除已完成的游戏和最高纪录	終わったゲームとハイスコアを消去	Borrar partidas terminadas y récords	Beendete Spiele und Bestleistungen löschen
Clear regions	清除区域	ブロックを消す	Borrar regiones	Regionen leeren
Clear selection	清除选择	選択を解除	Quitar selección	Auswahl aufheben
Clear the board by matching pairs of free tiles.	把自由的牌两两配对，清空牌面。	取れる牌をペアでそろえて、盤を空にしましょう。	Vacía el tablero emparejando fichas libres.	Räume das Brett ab, indem du freie Steine paarweise entfernst.
Clear the field	清除雷区	地雷原をクリア	Despeja el campo	Räume das Feld
Clear the pyramid by removing pairs of uncovered cards that add up to 13: Ace 1, Jack 11, Queen 12. Kings count 13 and go on their own. A card is uncovered when no card overlaps it from the row below. Tap the stock to turn a card; the top waste card can pair with the pyramid.	把没有被压住、加起来等于 13 的两张牌一对对拿走，清空金字塔：A 算 1，J 算 11，Q 算 12。K 算 13，可以单独拿走。一张牌下一行没有牌压着它，就是没被压住。点牌堆翻一张牌；弃牌堆最上面的牌可以和金字塔里的牌配对。	上にかぶさっていないカードを、足して13になる2枚ずつ取ってピラミッドを崩します。Aは1、Jは11、Qは12。Kは13なので1枚で取れます。下の段のカードに重なっていなければ、そのカードは取れます。山札をタップするとカードがめくれ、捨て札のいちばん上もピラミッドのカードと組めます。	Despeja la pirámide quitando parejas de cartas descubiertas que sumen 13: el as vale 1, la jota 11 y la reina 12. Los reyes valen 13 y se quitan solos. Una carta está descubierta si ninguna carta de la fila de abajo la tapa. Toca el mazo para girar una carta; la de arriba del descarte puede emparejarse con la pirámide.	Räume die Pyramide ab, indem du Paare freiliegender Karten entfernst, die zusammen 13 ergeben: Ass 1, Bube 11, Dame 12. Könige zählen 13 und gehen allein. Eine Karte liegt frei, wenn keine Karte der Reihe darunter sie überdeckt. Tippe auf den Stapel, um eine Karte aufzudecken; die oberste Ablagekarte kann mit der Pyramide ein Paar bilden.
Clear the whole pyramid to win. You choose how many passes through the stock you get.	清空整个金字塔就赢了。牌堆能翻几轮由你决定。	ピラミッドをすべて取りのぞけば勝ちです。山札を何周できるかは自分で選べます。	Elimina toda la pirámide para ganar. Tú eliges cuántas vueltas puedes dar al mazo.	Räume die ganze Pyramide ab, um zu gewinnen. Du wählst, wie oft du den Stapel durchgehen darfst.
Clear your history?	清除你的记录？	履歴を消去しますか？	¿Borrar tu historial?	Verlauf löschen?
Close	接近	おしい	Casi	Knapp
Close the boxes	围出方格	箱を閉じよう	Cierra las cajas	Schließe die Kästchen
Close! Say a little more about what it means.	很接近！再多说一点它的意思。	おしい！意味をもう少しくわしく答えてみましょう。	¡Casi! Explica un poco más lo que significa.	Knapp! Sag noch etwas mehr darüber, was es bedeutet.
Close. One more try.	很接近。再试一次。	おしい。もう一度どうぞ。	Casi. Otro intento.	Knapp. Noch ein Versuch.
Close: "cheap"	接近：“便宜”	おしい：「安い」	Casi: «barato»	Knapp: „billig“
Close: 1 point.	接近：1 分。	おしい：1点。	Casi: 1 punto.	Knapp: 1 Punkt.
Clothes	衣服	服	Ropa	Kleidung
Clue	提示	カギ	Pista	Hinweis
Clue answers whose first letters spell a hidden word × 4 levels.	各答案的首字母拼出一个隐藏的词 × 4 个难度。	答えの頭文字が隠れた言葉になる × 4レベル。	Respuestas cuyas primeras letras forman una palabra oculta × 4 niveles.	Antworten, deren Anfangsbuchstaben ein Geheimwort ergeben × 4 Stufen.
clue {0}	提示 {0}	カギ{0}	pista {0}	Hinweis {0}
Clue {0}: {1}	提示 {0}：{1}	カギ{0}：{1}	Pista {0}: {1}	Hinweis {0}: {1}
Code cracked!	密码破解了！	暗号が解けました！	¡Código descifrado!	Code geknackt!
Code cracker	数字填字	数字クロスワード	Crucigrama cifrado	Codewort-Rätsel
Coded {0}	密文 {0}	暗号{0}	Cifrada {0}	Verschlüsselt {0}
coded {0}	密文 {0}	暗号{0}	cifrada {0}	verschlüsselt {0}
Coded {0} · type its letter	密码字母 {0} · 输入它的字母	暗号 {0} · 文字を入力	Cifrada {0} · escribe su letra	Verschlüsselt {0} · gib den Buchstaben ein
Color {0}	颜色 {0}	色 {0}	Color {0}	Farbe {0}
Colorful game tiles	彩色游戏方块	カラフルなゲームタイル	Mosaicos de colores	Bunte Spielkacheln
Colors	颜色	色	Colores	Farben
Column 1 says 2, and rows 2 and 3 already fill two squares in it, so its other squares are empty. Switch to Cross mode.	第 1 列是 2，第 2 行和第 3 行已经在这一列涂了两格，所以其他格子都是空的。切换到打叉模式。	1列目は「2」で、2行目と3行目ですでに2マス塗られているので、ほかのマスは空きです。バツモードに切り替えましょう。	La columna 1 dice 2, y las filas 2 y 3 ya pintan dos casillas en ella, así que las demás están vacías. Cambia al modo Tachar.	Spalte 1 sagt 2, und Zeile 2 und 3 füllen darin schon zwei Felder, also sind die übrigen leer. Wechsle in den Kreuz-Modus.
Column 5 is the same, so its spare squares are crossed too.	第 5 列也一样，所以它多余的格子也打上叉。	5列目も同じなので、残りのマスにもバツがつきます。	La columna 5 es igual, así que sus casillas sobrantes también se tachan.	Spalte 5 ist genauso, also werden ihre übrigen Felder auch abgekreuzt.
column {0}	第 {0} 列	{0}列	la columna {0}	Spalte {0}
Column {0}	第 {0} 列	{0}列目	Columna {0}	Spalte {0}
Column {0} letter {1}	第 {0} 列字母 {1}	{0}列目の文字{1}	Columna {0}, letra {1}	Spalte {0}, Buchstabe {1}
Column {0}, drop a disc	第 {0} 列，落一枚棋子	{0}列目、コマを落とす	Columna {0}, soltar una ficha	Spalte {0}, eine Scheibe fallen lassen
Column {0}, full	第 {0} 列，已满	{0}列目、いっぱい	Columna {0}, llena	Spalte {0}, voll
Column {0}, {1}	第 {0} 列，{1}	{0}列目、{1}	Columna {0}, {1}	Spalte {0}, {1}
Column {0}, {1} face up	第 {0} 列，{1} 张正面朝上	{0}列目、表向き{1}枚	Columna {0}, {1} boca arriba	Spalte {0}, {1} offen
Common Threads	共同线索	コモン・スレッド	Hilos comunes	Gemeinsame Fäden
Completed	已完成	完了	Terminadas	Abgeschlossen
Computer	电脑	コンピューター	Ordenador	Computer
Computer checkers	电脑的棋子	コンピューターの駒	Fichas del ordenador	Steine des Computers
Computer is thinking…	电脑正在思考…	コンピューターが考えています…	El ordenador está pensando…	Der Computer überlegt …
Computer move interrupted. Tap Resume computer or Undo.	电脑的回合被中断。点“继续电脑”或“撤销”。	コンピューターの手番が中断されました。「コンピューター再開」か「元に戻す」をタップしてください。	Se interrumpió el turno del ordenador. Toca Reanudar ordenador o Deshacer.	Der Zug des Computers wurde unterbrochen. Tippe auf „Computer fortsetzen“ oder „Rückgängig“.
Computer strength	电脑强度	コンピューターの強さ	Nivel del ordenador	Stärke des Computers
Computer won	电脑获胜	コンピューターの勝ち	Ganó el ordenador	Der Computer hat gewonnen
Computer {0}	电脑 {0}	コンピューター {0}	Ordenador {0}	Computer {0}
computer {0}	电脑的{0}	コンピューターの{0}	{0} del ordenador	{0} des Computers
computer's disc	电脑的棋子	コンピューターのコマ	ficha del ordenador	Scheibe des Computers
computer's piece	电脑的棋子	コンピューターの駒	pieza del ordenador	Stein des Computers
computer's stone	电脑的磁石	コンピューターの石	piedra del ordenador	Stein des Computers
Computer's turn	电脑的回合	コンピューターの番	Turno del ordenador	Der Computer ist dran
Computer: {0}	电脑：{0}	コンピューター：{0}	Ordenador: {0}	Computer: {0}
conflict	有冲突	重複あり	conflicto	Konflikt
Connect Four	四子棋	四目並べ	Conecta 4	Vier gewinnt
Continue	继续	続ける	Continuar	Weiter
Continue Sudoku	继续数独	ナンプレのつづき	Continuar sudoku	Sudoku fortsetzen
Continue your big grid	继续你的大盘面	大きな盤のつづき	Continuar tu cuadrícula grande	Großes Gitter fortsetzen
Continue your game	继续你的游戏	ゲームのつづき	Continuar tu partida	Spiel fortsetzen
Continue {0}	继续{0}	{0}を続ける	Continuar {0}	{0} fortsetzen
Copy grid code	复制盘面代码	盤のコードをコピー	Copiar código de cuadrícula	Gitter-Code kopieren
Copy theme code	复制主题代码	テーマコードをコピー	Copiar código del tema	Design-Code kopieren
Corner roundness: {0} dp	圆角：{0} dp	角の丸み：{0} dp	Redondez de esquinas: {0} dp	Eckenrundung: {0} dp
Corners can never be flipped back; they're valuable.	角上的棋子永远不会被翻回去，非常宝贵。	角の石は二度とひっくり返されません。とても大事です。	Las esquinas nunca se pueden voltear; son muy valiosas.	Ecken können nie zurückgedreht werden; sie sind wertvoll.
Correct!	正确！	正解！	¡Correcto!	Richtig!
Correct. Work across the grids and use the shared boxes to pass digits between them.	正确。在各个盘面之间来回解题，利用共享的宫传递数字。	正解。盤から盤へ解き進め、共有のボックスを使って数字を受け渡しましょう。	Correcto. Trabaja con todas las cuadrículas y usa las cajas compartidas para pasar números entre ellas.	Richtig. Arbeite dich durch die Gitter und nutze die gemeinsamen Kästen, um Ziffern weiterzugeben.
Costs very little	价格很低	値段がとても安い	Cuesta muy poco	Kostet sehr wenig
Couldn't calculate a hint. Please try again.	无法计算提示，请再试一次。	ヒントを計算できませんでした。もう一度お試しください。	No se pudo calcular una pista. Inténtalo de nuevo.	Es konnte kein Tipp berechnet werden. Bitte versuch es noch einmal.
Couldn't check this position. Try again.	无法检查这个局面，请再试一次。	この状態を確認できませんでした。もう一度お試しください。	No se pudo comprobar esta posición. Inténtalo de nuevo.	Diese Stellung konnte nicht geprüft werden. Versuch es noch einmal.
Couldn't create a game. Please try again.	无法生成游戏，请再试一次。	ゲームを作れませんでした。もう一度お試しください。	No se pudo crear una partida. Inténtalo de nuevo.	Es konnte kein Spiel erstellt werden. Bitte versuch es noch einmal.
Couldn't create a puzzle. Please try again.	无法生成谜题，请再试一次。	パズルを作れませんでした。もう一度お試しください。	No se pudo crear un puzzle. Inténtalo de nuevo.	Es konnte kein Rätsel erstellt werden. Bitte versuch es noch einmal.
Couldn't create a verified game. Please try again.	无法生成经过验证的游戏，请再试一次。	検証済みのゲームを作れませんでした。もう一度お試しください。	No se pudo crear una partida verificada. Inténtalo de nuevo.	Es konnte kein geprüftes Spiel erstellt werden. Bitte versuch es noch einmal.
Couldn't fill this grid. Check the regions and rules first.	无法填好这个盘面。请先检查区域和规则。	この盤は埋められませんでした。先にブロックとルールを確認してください。	No se pudo rellenar esta cuadrícula. Revisa antes las regiones y las reglas.	Dieses Gitter ließ sich nicht füllen. Prüf zuerst die Regionen und Regeln.
Couldn't find a hint. Try again.	找不到提示，请再试一次。	ヒントが見つかりませんでした。もう一度お試しください。	No se encontró ninguna pista. Inténtalo de nuevo.	Kein Tipp gefunden. Versuch es noch einmal.
Couldn't finish checking	无法完成检查	確認しきれませんでした	No se pudo terminar la comprobación	Prüfung nicht abgeschlossen
Couldn't generate this puzzle. Please try again.	无法生成这个谜题，请再试一次。	パズルを作れませんでした。もう一度お試しください。	No se pudo generar este puzzle. Inténtalo de nuevo.	Dieses Rätsel konnte nicht erstellt werden. Bitte versuch es noch einmal.
Couldn't load your game. Please try again.	无法载入你的游戏，请再试一次。	ゲームを読み込めませんでした。もう一度お試しください。	No se pudo cargar tu partida. Inténtalo de nuevo.	Dein Spiel konnte nicht geladen werden. Bitte versuch es noch einmal.
Couldn't make regions for this size.	无法为这个尺寸生成区域。	このサイズではブロックを作れませんでした。	No se pudieron crear regiones para este tamaño.	Für diese Größe ließen sich keine Regionen erstellen.
Couldn't read your theme settings. Using the default theme.	无法读取你的主题设置，已改用默认主题。	テーマ設定を読みこめませんでした。標準のテーマを使います。	No se pudieron leer tus ajustes de tema. Se usará el tema predeterminado.	Deine Design-Einstellungen konnten nicht gelesen werden. Das Standarddesign wird verwendet.
Couldn't restore this game. Start a new one to recover.	无法恢复这局游戏。开始新的一局即可。	このゲームを復元できませんでした。新しいゲームを始めてください。	No se pudo recuperar esta partida. Empieza otra.	Dieses Spiel ließ sich nicht wiederherstellen. Starte ein neues.
Couldn't restore this game. You can start a new one.	无法恢复这局游戏。你可以开始新的一局。	このゲームを復元できませんでした。新しいゲームを始めてください。	No se pudo recuperar esta partida. Puedes empezar otra.	Dieses Spiel ließ sich nicht wiederherstellen. Du kannst ein neues beginnen.
Couldn't restore this game. You can start a new puzzle.	无法恢复这局游戏。你可以开始一个新谜题。	このゲームを復元できませんでした。新しいパズルを始めてください。	No se pudo recuperar esta partida. Puedes empezar un puzzle nuevo.	Dieses Spiel ließ sich nicht wiederherstellen. Du kannst ein neues Rätsel beginnen.
Couldn't restore this puzzle. Start a new one to recover.	无法恢复这个谜题。开始一个新谜题即可。	このパズルを復元できませんでした。新しいパズルを始めてください。	No se pudo recuperar este puzzle. Empieza uno nuevo.	Dieses Rätsel ließ sich nicht wiederherstellen. Starte ein neues.
Couldn't save game data. Please try again.	无法保存游戏数据，请再试一次。	ゲームデータを保存できませんでした。もう一度お試しください。	No se pudieron guardar los datos. Inténtalo de nuevo.	Spieldaten konnten nicht gespeichert werden. Bitte versuch es noch einmal.
Couldn't save progress. Tap Save to retry.	无法保存进度。点“保存”重试。	進行状況を保存できませんでした。「保存」をタップして再試行してください。	No se pudo guardar el progreso. Toca Guardar para reintentarlo.	Fortschritt konnte nicht gespeichert werden. Tippe auf Speichern, um es erneut zu versuchen.
Couldn't save your theme settings. Try again.	无法保存你的主题设置，请重试。	テーマ設定を保存できませんでした。もう一度お試しください。	No se pudieron guardar tus ajustes de tema. Inténtalo de nuevo.	Deine Design-Einstellungen konnten nicht gespeichert werden. Versuch es noch einmal.
Couldn't save. Tap Save to retry.	无法保存。点“保存”重试。	保存できませんでした。「保存」をタップして再試行してください。	No se pudo guardar. Toca Guardar para reintentarlo.	Speichern ging nicht. Tippe auf Speichern, um es erneut zu versuchen.
Couldn't undo. Your game is unchanged.	无法撤销，游戏保持原样。	元に戻せませんでした。ゲームはそのままです。	No se pudo deshacer. Tu partida sigue igual.	Rückgängig ging nicht. Dein Spiel bleibt unverändert.
Count the moves left: each spot has 3 lives, and every move uses 2 and adds 1.	算算还剩几步：每个点有 3 条命，每走一步用掉 2 条，再添 1 条。	残りの手数を数えましょう。点には命が3つずつあり、1手ごとに2つ使って1つ増えます。	Cuenta los movimientos que quedan: cada punto tiene 3 vidas y cada jugada gasta 2 y añade 1.	Zähl die restlichen Züge: Jeder Punkt hat 3 Leben, jeder Zug verbraucht 2 und fügt 1 hinzu.
Count the sides of each box. Every line except the far right of the bottom-right box makes a third side.	数一数每个方格的边。除了右下方格最右边那条线，其他每条线都会成为第三条边。	それぞれの箱の辺を数えましょう。右下の箱のいちばん右の線以外は、どれも3本目の辺になります。	Cuenta los lados de cada caja. Todas las líneas, salvo la del extremo derecho de la caja de abajo a la derecha, serían un tercer lado.	Zähl die Seiten jedes Kästchens. Jede Linie außer der ganz rechts am Kästchen unten rechts wäre eine dritte Seite.
Counted as right.	已算作答对。	正解として数えました。	Contada como correcta.	Als richtig gezählt.
Countries	国家	国	Países	Länder
covered	被压住	重なっている	tapada	verdeckt
Covered square	未翻开的格子	閉じたマス	Casilla cubierta	Verdecktes Feld
Crack the code	破解密码	暗号を解こう	Descifra el código	Knacke den Code
Cracked	裂木	ひび割れ	Agrietado	Rissig
Create	创建	作成	Crear	Erstellen
Create theme	创建主题	テーマを作成	Crear tema	Design erstellen
Credits and licenses	致谢与许可	クレジットとライセンス	Créditos y licencias	Danksagungen und Lizenzen
Cross	打叉	バツ	Tachar	Kreuz
Cross marks squares you know are empty.	打叉用来标记确定是空的格子。	バツは空きとわかったマスの印です。	Tachar marca las casillas que sabes que están vacías.	Kreuz markiert Felder, die sicher leer sind.
Cross mode: tap or drag to mark empty squares.	打叉模式：点或拖动来标记空格。	バツモード：タップかなぞって空きマスに印をつけます。	Modo tachar: toca o arrastra para marcar casillas vacías.	Kreuz-Modus: Tippe oder wische, um leere Felder zu markieren.
Cross sums	交叉求和	クロス合計	Sumas cruzadas	Kreuzsummen
Cross sums: runs of squares add up to their clues.	交叉求和：一段段格子加起来等于提示数。	クロス合計：並んだマスの合計がヒントの数になります。	Sumas cruzadas: los tramos de casillas suman sus pistas.	Kreuzsummen: Blöcke von Feldern ergeben ihre Hinweise.
crossed	已打叉	バツ	tachada	angekreuzt
Crossword	填字游戏	クロスワード	Crucigrama	Kreuzworträtsel
Crowned King! Kings can also move backwards.	升王了！王也可以向后走。	キングになりました！キングは後ろにも動けます。	¡Coronada! Las damas también pueden ir hacia atrás.	Zur Dame gekrönt! Damen können auch rückwärts ziehen.
Cryptogram	密码谜题	暗号パズル	Criptograma	Kryptogramm
Currencies	货币	通貨	Monedas	Währungen
Custom grid editor	自定义盘面编辑器	盤エディター	Editor de cuadrículas	Gitter-Editor
Custom grids	自定义盘面	自作の盤	Cuadrículas propias	Eigene Gitter
Custom themes start from a built-in theme. Pick your own table, card back, tile, board and accent colors, then share the code.	自定义主题从内置主题开始。挑选你自己的桌面、牌背、麻将牌、棋盘和强调色，然后分享代码。	オリジナルテーマは組み込みテーマから作ります。テーブル、カードの裏、牌、盤、アクセントの色を選んで、コードを共有しましょう。	Los temas propios parten de uno integrado. Elige los colores de la mesa, el dorso de las cartas, las fichas, el tablero y el acento, y comparte el código.	Eigene Designs beginnen mit einem eingebauten Design. Wähle Farben für Tisch, Kartenrücken, Steine, Brett und Akzent und teile dann den Code.
dagger to throw	待投的短刃	投げる短刀	daga para lanzar	Dolch zum Werfen
Dances	舞蹈	ダンス	Bailes	Tänze
Dark	深色	ダーク	Oscuro	Dunkel
Dark mode	深色模式	ダークモード	Modo oscuro	Dunkler Modus
Dashed cages add up to their totals without repeating a digit.	虚线笼子里的数字相加等于标出的总和，且不能重复。	点線のケージの数字は、重ならずに合計の数になります。	Las jaulas de trazos suman su total sin repetir números.	Gestrichelte Käfige ergeben ihre Summe ohne doppelte Ziffern.
Dashed cages show a total in their corner. The digits inside a cage add up to that total.	虚线笼子的角上写着总和。笼子里的数字加起来等于这个数。	点線のケージの角に合計が書かれています。ケージの中の数字を足すと、その合計になります。	Las jaulas de trazos muestran un total en su esquina. Los números de dentro suman ese total.	Gestrichelte Käfige zeigen eine Summe in der Ecke. Die Ziffern darin ergeben diese Summe.
Deal restarted.	已重新开始本局。	配牌をやり直しました。	Reparto reiniciado.	Die Runde beginnt von vorn.
Definitions, example sentences, synonyms and opposites in Word Meaning	“词义”中的释义、例句、同义词和反义词	「言葉の意味」の定義、例文、類義語、対義語	Definiciones, frases de ejemplo, sinónimos y antónimos de Significado	Definitionen, Beispielsätze, Synonyme und Gegenteile in Wortbedeutung
Delete	删除	削除	Borrar	Löschen
Delete theme	删除主题	テーマを削除	Eliminar tema	Design löschen
Delete this grid?	删除这个盘面？	この盤を削除しますか？	¿Eliminar esta cuadrícula?	Dieses Gitter löschen?
Delete this theme?	删除这个主题？	このテーマを削除しますか？	¿Eliminar este tema?	Dieses Design löschen?
Deselect	取消选择	選択解除	Deseleccionar	Auswahl aufheben
Design your own Sudoku	设计你自己的数独	自分だけのナンプレを作ろう	Diseña tu propio sudoku	Entwirf dein eigenes Sudoku
Diagonal X	对角线	対角線	Diagonal X	Diagonal-X
Diagonally touching squares can't share a digit.	斜着相邻的格子不能填相同的数字。	ななめにとなり合うマスには、同じ数字が入りません。	Las casillas que se tocan en diagonal no pueden tener el mismo número.	Diagonal benachbarte Felder dürfen nicht dieselbe Ziffer haben.
Difficulty	难度	難易度	Dificultad	Schwierigkeit
Digit {0}	数字 {0}	数字 {0}	Número {0}	Ziffer {0}
digit {0}	数字 {0}	数字{0}	número {0}	Ziffer {0}
Digit {0}, {1} left	数字 {0}，还剩 {1} 个	数字{0}、残り{1}	Número {0}, quedan {1}	Ziffer {0}, noch {1}
Digits	数字	数字	Números	Ziffern
Digits along each arrow add up to its circled digit.	每支箭头上的数字加起来等于圆圈里的数字。	矢印に沿った数字の合計が、丸の中の数字になります。	Los números de cada flecha suman el número del círculo.	Die Ziffern entlang jedes Pfeils ergeben die Ziffer im Kreis.
Digits can't repeat inside a cage.	笼子里的数字不能重复。	ケージの中で数字は重なりません。	Los números no pueden repetirse dentro de una jaula.	Ziffern dürfen sich in einem Käfig nicht wiederholen.
Digits may repeat inside a cage as long as they're in different rows and columns.	只要在不同的行和列，笼子里的数字可以重复。	行と列がちがえば、ケージの中で数字が重なってもかまいません。	Los números pueden repetirse dentro de una jaula si están en filas y columnas distintas.	Ziffern dürfen sich im Käfig wiederholen, solange sie in verschiedenen Zeilen und Spalten stehen.
Digits run from 1 up to the size. Sizes without a box shape (5, 7, 11, 13) need drawn regions.	数字从 1 一直到尺寸大小。没有整齐宫格的尺寸（5、7、11、13）需要自己画区域。	数字は1からサイズの数までです。箱の形に分けられないサイズ（5・7・11・13）は、ブロックを描く必要があります。	Los números van del 1 al tamaño. Los tamaños sin forma de caja (5, 7, 11, 13) necesitan regiones dibujadas.	Die Ziffern gehen von 1 bis zur Größe. Größen ohne Kastenform (5, 7, 11, 13) brauchen gezeichnete Regionen.
Digits strictly increase along each thermometer from its bulb.	沿着温度计从球部开始，数字严格递增。	温度計の丸い部分から先へ、数字はだんだん大きくなります。	Los números aumentan a lo largo de cada termómetro desde su bulbo.	Entlang jedes Thermometers steigen die Ziffern ab der Kugel streng an.
Discs fall straight down to the lowest empty space in the column you choose.	棋子会垂直落到你所选那一列最下面的空位。	コマは選んだ列の一番下の空きまでまっすぐ落ちます。	Las fichas caen en línea recta al hueco más bajo de la columna que elijas.	Scheiben fallen senkrecht auf den untersten freien Platz der gewählten Spalte.
Doesn't like wasting money	不喜欢浪费钱	お金をむだにしたくない	No le gusta malgastar el dinero	Verschwendet ungern Geld
Domino {0} and {1}	骨牌 {0} 和 {1}	ドミノ {0}と{1}	Ficha {0} y {1}	Domino {0} und {1}
Domino {0}–{1}	骨牌 {0}–{1}	ドミノ {0}–{1}	Ficha {0}–{1}	Domino {0}–{1}
Dominoes	多米诺骨牌	ドミノ	Dominó	Domino
Don't draw a third side on any box, or your opponent takes it. Only one line is safe now: find it.	不要给任何方格画上第三条边，否则对手会拿走它。现在只有一条线是安全的：找到它。	どの箱にも3本目の辺を引かないように。引くと相手に取られます。いま安全な線は1本だけ。見つけましょう。	No traces el tercer lado de ninguna caja, o tu rival se la quedará. Ahora solo hay una línea segura: encuéntrala.	Zieh bei keinem Kästchen die dritte Seite, sonst holt es dein Gegner. Jetzt ist nur eine Linie sicher: Finde sie.
Don't let them snap	别让它们吸在一起	くっつけないで	Que no se peguen	Lass sie nicht zusammenschnappen
Don't rush low cards to the foundations if you still need them to build on.	如果还要用小牌来接牌，就别急着把它们放上基础堆。	まだ重ねるのに使う小さいカードは、あわてて組札に送らないようにしましょう。	No te precipites a subir cartas bajas a las bases si aún las necesitas para construir.	Leg niedrige Karten nicht vorschnell ab, wenn du sie noch zum Anlegen brauchst.
Don't waste a stock card that the pyramid will need later.	别浪费金字塔之后还需要的牌堆牌。	ピラミッドであとで必要になる山札のカードを、むだに使わないようにしましょう。	No malgastes una carta del mazo que la pirámide necesitará más tarde.	Verschwende keine Stapelkarte, die die Pyramide später noch braucht.
Dot	点	点	Punto	Punkt
Dots and Boxes	点格棋	ドット・アンド・ボックス	Puntos y cajas	Käsekästchen
Dots and boxes board	点格棋棋盘	ドット・アンド・ボックスの盤	Tablero de Puntos y cajas	Käsekästchen-Brett
Dots and boxes board, {0} of {1} lines drawn	点格棋盘，已画 {0}/{1} 条线	ドット・アンド・ボックスの盤、{1}本中{0}本引いた	Tablero de puntos y cajas, {0} de {1} líneas trazadas	Käsekästchen-Brett, {0} von {1} Linien gezogen
Double-six draw	双六摸牌局	ダブルシックスのドロー	Doble seis, a robar	Doppel-Sechs mit Ziehen
Double-six Draw dominoes against the computer; each player starts with seven tiles and you lead.	和电脑玩双六摸牌多米诺；每人开局七张骨牌，你先出。	ダブルシックスのドロー・ドミノでコンピューターと対戦します。はじめの手札は7枚ずつで、あなたが先手です。	Dominó robado con doble seis contra el ordenador; cada jugador empieza con siete fichas y sales tú.	Doppel-Sechs-Domino mit Nachziehen gegen den Computer; jeder beginnt mit sieben Steinen, und du fängst an.
Double-six Draw Dominoes, one hand against the computer. Seven tiles each; you lead with any tile. Match a tile to either end of the chain. When no tile fits, draw until one fits or the boneyard is empty, then pass. Empty your hand to win; if both pass, fewer remaining pips wins (equal pips draws). Select a tile, then Left or Right. The computer cannot see your tiles.	双六多米诺摸牌局，和电脑打一局。每人七张牌，你先出任意一张。牌要接在链的任意一端。没有能接的牌时，一直摸到能接或牌堆摸完，然后过。先出完手牌的人获胜；如果双方都过，剩余点数少的获胜（点数相同则平局）。选一张牌，再选“左”或“右”。电脑看不到你的牌。	ダブルシックスのドロードミノで、コンピューターと1回戦を行います。それぞれ7枚ずつ持ち、あなたが好きな牌から始めます。列のどちらかの端に合う牌をつなげます。出せる牌がなければ、出せる牌が来るか山がなくなるまで引き、それでもだめならパスです。先に手牌をなくせば勝ち。両方パスなら、残りの目の少ない方が勝ち（同じなら引き分け）。牌を選んでから「左」か「右」を選びます。コンピューターにはあなたの牌は見えません。	Dominó doble seis a robar, una mano contra el ordenador. Siete fichas cada uno; empiezas tú con cualquier ficha. Une una ficha a cualquiera de los extremos de la cadena. Si no encaja ninguna, roba hasta que encaje una o se vacíe el pozo, y entonces pasa. Gana quien se queda sin fichas; si ambos pasan, gana quien tiene menos puntos (con los mismos, empate). Elige una ficha y luego Izquierda o Derecha. El ordenador no ve tus fichas.	Doppel-Sechs-Domino mit Ziehen, eine Runde gegen den Computer. Jeder hat sieben Steine; du beginnst mit einem beliebigen. Lege einen Stein an ein Ende der Kette an. Passt keiner, ziehst du, bis einer passt oder der Talon leer ist, dann passt du. Wer zuerst keine Steine mehr hat, gewinnt; passen beide, gewinnt, wer weniger Augen übrig hat (gleich viele: Unentschieden). Wähle einen Stein und dann Links oder Rechts. Der Computer sieht deine Steine nicht.
Double-six Draw, 1 hand × 4 computer strengths.	双六摸牌局，1 局 × 4 种电脑强度。	ダブルシックスのドロー、1回戦 × コンピューターの強さ4段階。	Doble seis a robar, 1 mano × 4 niveles del ordenador.	Doppel-Sechs mit Ziehen, 1 Runde × 4 Computerstärken.
Down	纵向	タテ	Verticales	Senkrecht
down sum {0}	纵向和 {0}	タテの合計{0}	suma vertical {0}	senkrechte Summe {0}
down {0}	纵向 {0}	タテ{0}	vertical {0}	senkrecht {0}
Drag along a row or column to paint several squares in one move.	沿着一行或一列拖动，一次就能涂好几格。	行や列に沿ってなぞると、一度に何マスも塗れます。	Arrastra por una fila o columna para pintar varias casillas de una vez.	Wische entlang einer Zeile oder Spalte, um mehrere Felder auf einmal zu malen.
Draw	平局	引き分け	Empate	Unentschieden
Draw 1	翻 1 张	1枚めくり	Robar 1	1 ziehen
Draw 3	翻 3 张	3枚めくり	Robar 3	3 ziehen
draw a tile	摸一张牌	牌を1枚引く	roba una ficha	zieh einen Stein
Draw any grid from 4×4 to 16×16 with your own regions, cages, odd/even squares, extra groups and rules. Every grid is checked for exactly one answer before you play.	画出 4×4 到 16×16 的任意盘面，加入你自己的区域、笼子、奇偶格、额外组和规则。每个盘面在开始玩之前都会检查是否恰好只有一个答案。	4×4から16×16まで、自分のブロック・ケージ・奇数偶数マス・追加グループ・ルールで好きな盤を描けます。遊ぶ前に、答えがちょうどひとつかどうか必ず確認します。	Dibuja cualquier cuadrícula de 4×4 a 16×16 con tus propias regiones, jaulas, casillas par/impar, grupos extra y reglas. Antes de jugar, se comprueba que tenga una única solución.	Zeichne beliebige Gitter von 4×4 bis 16×16 mit eigenen Regionen, Käfigen, geraden/ungeraden Feldern, Zusatzgruppen und Regeln. Vor dem Spielen wird geprüft, dass es genau eine Lösung gibt.
Draw from the boneyard	从牌堆里摸牌	山から引く	Robar del pozo	Aus dem Vorrat ziehen
Draw it.	画出来。	引きましょう。	Trázalo.	Zieh sie.
Draw line	画线	線を引く	Trazar línea	Linie ziehen
Draw lines between dots; complete boxes to claim them.	在点之间画线；围成方格就归你。	点と点の間に線を引き、箱を完成させて自分のものにしましょう。	Traza líneas entre puntos; cierra cajas para quedártelas.	Ziehe Linien zwischen Punkten; schließe Kästchen, um sie zu erobern.
Draw lines between neighbouring dots. Close a box's fourth side to claim it and move again.	在相邻的点之间画线。封上方格的第四条边就能得到它，并再走一步。	となり合う点の間に線を引きます。箱の4本目の辺を閉じると自分のものになり、もう一度引けます。	Traza líneas entre puntos vecinos. Cierra el cuarto lado de una caja para quedártela y volver a jugar.	Ziehe Linien zwischen benachbarten Punkten. Schließ die vierte Seite eines Kästchens, um es zu bekommen und noch einmal zu ziehen.
Draw mode	翻牌方式	めくり方	Modo de robo	Ziehmodus
Draw the line.	画线。	線を引きましょう。	Traza la línea.	Zieh die Linie.
Drawing the fourth side of a box claims it, and you move again.	画上一个方格的第四条边，这个方格就归你，而且你可以再走一步。	箱の4本目の辺を引くとその箱はあなたのもので、もう一度線を引けます。	Si trazas el cuarto lado de una caja, te la quedas y vuelves a jugar.	Wer die vierte Seite eines Kästchens zieht, bekommt es und ist noch einmal dran.
Drawn line	已画的线	引いた線	Línea trazada	Gezogene Linie
drop a disc	落一枚棋子	コマを落とす	soltar una ficha	eine Scheibe fallen lassen
Drop discs and line up four in a row.	落下棋子，连成四子。	コマを落として4つ並べよう。	Suelta fichas y alinea cuatro.	Wirf Scheiben und bilde eine Viererreihe.
Drop it into the gap.	让它落进空隙。	すき間に落としましょう。	Suéltala en el hueco.	Lass es in die Lücke fallen.
Drop the letters	把字落到格子里	文字を落とそう	Deja caer las letras	Lass die Buchstaben fallen
Dropquote	落字格言	落ち文字パズル	Frase en columnas	Buchstabenfall
Drops almost at random	几乎随便落子	ほとんどでたらめに落とします	Suelta casi al azar	Wirft fast zufällig
Each clue lists the runs of filled squares in that row or column, in order, with gaps between runs.	每条提示按顺序列出该行或该列中连续涂色格的长度，各段之间有空隔。	ヒントは、その行や列で続けて塗るマスの長さを順番に表します。かたまりの間には空きがあります。	Cada pista indica, en orden, los tramos de casillas pintadas de su fila o columna, con huecos entre ellos.	Jeder Hinweis nennt der Reihe nach die Blöcke gefüllter Felder in dieser Zeile oder Spalte, mit Lücken dazwischen.
Each game has its own short guided tutorial. They're optional: pick any game to learn it, or come back any time.	每款游戏都有简短的引导教程，可选可不选：挑一个游戏来学，或者随时回来看看。	どのゲームにも短いガイド付きチュートリアルがあります。やるかどうかは自由です。好きなゲームを選んで覚えるか、いつでも戻ってきてください。	Cada juego tiene su propio tutorial guiado y corto. Son opcionales: elige el juego que quieras aprender o vuelve cuando quieras.	Jedes Spiel hat sein eigenes kurzes, geführtes Tutorial. Alles freiwillig: Wähl ein Spiel zum Lernen aus oder schau jederzeit wieder vorbei.
Each game's start screen also lets you choose. Only timed wins count towards best times.	每个游戏的开始界面也可以选择。只有计时模式的胜利会计入最佳用时。	各ゲームの開始画面でも選べます。ベストタイムに入るのはタイムありの勝利だけです。	También puedes elegir en la pantalla de inicio de cada juego. Solo las victorias con tiempo cuentan para los mejores tiempos.	Du kannst das auch im Startbildschirm jedes Spiels wählen. Nur Siege mit Zeit zählen für Bestzeiten.
Each grid follows normal Sudoku rules: every row, column and 3×3 box holds 1–9 once.	每个盘面都遵循普通数独规则：每行、每列、每个 3×3 宫都包含 1–9 各一次。	どの盤もふつうのナンプレのルールです。どの行・列・3×3のボックスにも1〜9が1回ずつ入ります。	Cada cuadrícula sigue las reglas normales: cada fila, columna y caja de 3×3 contiene del 1 al 9 una vez.	Jedes Gitter folgt den normalen Sudoku-Regeln: Jede Zeile, Spalte und jeder 3×3-Kasten enthält 1–9 einmal.
Each hint uses one from your wallet. You have {0}. Win a game to earn more: 1 on the easiest level up to 4 on the hardest, plus 1 for each tutorial you finish.	每次提示会用掉 1 次。你现在有 {0} 次。赢得游戏可以获得更多：最简单难度 1 次，最难的 4 次；每完成一个教程再得 1 次。	ヒントを使うたびに1回分へります。今は{0}回分あります。勝つと増えます（いちばんやさしいレベルで1回、いちばん難しいレベルで4回）。チュートリアルを終えるたびにさらに1回もらえます。	Cada pista gasta una de tu reserva. Tienes {0}. Gana partidas para conseguir más: 1 en el nivel más fácil y hasta 4 en el más difícil, y 1 más por cada tutorial que termines.	Jeder Tipp kostet einen aus deinem Vorrat. Du hast {0}. Gewinne Spiele, um mehr zu verdienen: 1 auf der leichtesten bis 4 auf der schwersten Stufe, dazu 1 für jedes beendete Tutorial.
Each letter of a saying has been swapped for another letter. Tap a coded letter, then type the letter you think it stands for; every copy of that coded letter updates. No letter stands for itself.	一句话里的每个字母都被换成了另一个字母。点一个密码字母，再输入你认为它代表的字母；同一个密码字母会全部一起更新。没有哪个字母代表它自己。	ことわざの文字が、それぞれ別の文字に置きかえられています。暗号の文字をタップし、それが表すと思う文字を入力すると、同じ暗号文字がすべて変わります。自分自身を表す文字はありません。	Cada letra de una frase se ha cambiado por otra. Toca una letra cifrada y escribe la que crees que representa; se actualizan todas sus copias. Ninguna letra se representa a sí misma.	Jeder Buchstabe eines Spruchs wurde gegen einen anderen getauscht. Tippe auf einen verschlüsselten Buchstaben und gib den ein, für den er deiner Meinung nach steht; alle gleichen verschlüsselten Buchstaben ändern sich mit. Kein Buchstabe steht für sich selbst.
Each log's spin is a fixed timed program, so the same log always turns the same way. Endless logs are numbered and keep getting tighter. There is no final endless log.	每根圆木的旋转都是固定的计时程序，所以同一根总是同样地转。无尽圆木有编号，并且越来越紧。无尽没有最后一根。	各丸太の回転は決まった時間の程序なので、同じ丸太はいつも同じ回り方です。エンドレスの丸太には番号があり、どんどん厳しくなります。最後の1本はありません。	El giro de cada tronco es un programa de tiempo fijo, así que el mismo tronco gira siempre igual. Los troncos sin fin van numerados y se vuelven más justos. No hay un último tronco sin fin.	Die Drehung jedes Stamms ist ein festes Zeitprogramm, darum dreht sich derselbe Stamm immer gleich. Endlos-Stämme sind nummeriert und werden immer enger. Es gibt keinen letzten Endlos-Stamm.
Each number is how many squares that region has; every region needs {0}.	每个数字表示该区域有几格；每个区域都需要 {0} 格。	数字はそのブロックのマス数です。どのブロックも{0}マス必要です。	Cada número indica cuántas casillas tiene la región; todas necesitan {0}.	Jede Zahl zeigt, wie viele Felder die Region hat; jede Region braucht {0}.
Endless	无尽	エンドレス	Sin fin	Endlos
Endless high score, or 48 logs	无尽高分，或 48 根圆木	エンドレスのハイスコア、または丸太48本	Puntuación sin fin, o 48 troncos	Endlos-Bestwert, oder 48 Stämme
Endless keeps going as the spin reverses, speeds up, slows, stops, or wobbles. The level map has 48 logs, a boss every fifth, and stars for fruit.	无尽会一直继续：旋转会反向、加速、减速、停住或来回摆。关卡图有 48 根圆木，每五关一个首领，果子记为星星。	エンドレスは続きます。回転は反転、加速、減速、停止、ゆらぎをします。レベル選択には丸太が48本、5本ごとにボス、果実が星です。	Sin fin sigue: el giro se invierte, acelera, frena, se detiene o bambolea. El mapa tiene 48 troncos, un jefe cada cinco, y estrellas por la fruta.	Endlos geht weiter, während die Drehung umkehrt, schneller oder langsamer wird, anhält oder wackelt. Die Levelkarte hat 48 Stämme, jeden fünften einen Boss, und Sterne für Obst.
Exact gaps	正好的空隙	ぴったりすき間	Huecos exactos	Passgenaue Lücken
Fast reversal	快速换向	速い反転	Cambio rápido	Schneller Richtungswechsel
Four colors, each used once. The colors in play are marked.	四种颜色，每种用一次。本局用到的颜色会标出来。	4色を1回ずつ。この対局で使う色は印がつきます。	Cuatro colores, cada uno una vez. Los colores de la partida están marcados.	Vier Farben, jede einmal. Die Farben dieser Runde sind markiert.
Each outlined cage sums to its corner number, with no repeats.	每个框出的笼子里数字之和等于角上的数，且不能重复。	囲まれたケージの数字は、角の数の合計になり、重なりません。	Cada jaula marcada suma el número de su esquina, sin repetir.	Jeder umrandete Käfig ergibt seine Eckzahl, ohne Wiederholung.
Each round has eight words, each shown in a sentence that uses it.	每轮有八个单词，每个都放在使用它的句子里。	1ラウンドは8語で、それぞれその言葉を使った文といっしょに出てきます。	Cada ronda tiene ocho palabras, cada una en una frase que la usa.	Jede Runde hat acht Wörter, jedes in einem Satz, der es verwendet.
Each round shows eight words, each used in a sentence. Words can have several meanings: explain the meaning used in this sentence, in your own words. A right answer scores 2 (1 if you used a hint); a close one gets a second try and scores 1. After each word you see the meaning used here. If the judge got it wrong, tap I was right.	每轮有八个单词，每个都用在一个句子里。单词可能有多种意思：请用自己的话解释它在这个句子中的意思。答对得2分（用了提示得1分）；接近的答案可以再试一次，得1分。每个词之后都会显示它在这里的意思。如果判定错了，点“我答对了”。	1ラウンドは8語で、それぞれ文の中で使われています。単語には複数の意味があります。この文での意味を自分の言葉で説明しましょう。正解は2点（ヒント使用時は1点）、おしい答えは再挑戦できて1点です。各語のあとに、この文での意味が表示されます。判定がまちがっていたら「正解だった」をタップ。	Cada ronda muestra ocho palabras en una frase. Una palabra puede tener varios significados: explica con tus propias palabras el que tiene en esta frase. Una respuesta correcta da 2 puntos (1 con pista); una cercana permite otro intento y da 1. Después verás el significado usado aquí. Si la evaluación se equivocó, toca Tenía razón.	Jede Runde zeigt acht Wörter in einem Satz. Wörter können mehrere Bedeutungen haben: Erkläre mit eigenen Worten die Bedeutung in diesem Satz. Eine richtige Antwort bringt 2 Punkte (1 mit Tipp); eine knappe bekommt einen zweiten Versuch und bringt 1. Danach siehst du die hier verwendete Bedeutung. Bei einer falschen Bewertung tippe auf Ich hatte recht.
Each row, column and box of a 9×9 grid adds up to 45; compare that with the cages inside it.	9×9 盘面的每行、每列、每宫的和都是 45；把它和里面笼子的总和比较一下。	9×9の盤では、どの行・列・ボックスも合計45です。中のケージの合計とくらべてみましょう。	En un 9×9, cada fila, columna y caja suma 45; compáralo con las jaulas que contiene.	Auf einem 9×9-Gitter ergibt jede Zeile, Spalte und jeder Kasten 45; vergleiche das mit den Käfigen darin.
Each row, column and outlined region holds 1–{0} once.	每一行、每一列和每个框出的区域都要恰好包含 1–{0} 各一次。	どの行・列・太線のブロックにも、1〜{0}が1回ずつ入ります。	Cada fila, columna y región marcada contiene del 1 al {0} una sola vez.	Jede Zeile, Spalte und umrandete Region enthält 1–{0} genau einmal.
Each row, each column and each outlined box must contain every digit exactly once.	每一行、每一列和每个框出的宫，都必须恰好包含每个数字一次。	どの行・列・太線のボックスにも、それぞれの数字がちょうど1回ずつ入ります。	Cada fila, cada columna y cada caja marcada deben contener cada número exactamente una vez.	Jede Zeile, jede Spalte und jeder umrandete Kasten muss jede Ziffer genau einmal enthalten.
Each run of white squares across or down adds up to the clue at its start. The number above the slash is the across total; below it, the down total.	每一段横向或纵向的白格，加起来都等于开头的提示数。斜线上方的数是横向总和，下方的是纵向总和。	ヨコやタテに並んだ白いマスの合計は、その始まりにあるヒントの数です。斜線の上の数がヨコ、下の数がタテの合計です。	Cada tramo de casillas blancas, horizontal o vertical, suma la pista de su inicio. El número sobre la barra es el total horizontal; el de debajo, el vertical.	Jeder waagerechte oder senkrechte Block weißer Felder ergibt den Hinweis an seinem Anfang. Die Zahl über dem Schrägstrich ist die waagerechte Summe, die darunter die senkrechte.
Each white run adds up to its clue. Across totals sit above the slash in the square to the left of a run, down totals below the slash above it.	每一段白格都加起来等于它的提示数。横向总和写在这一段左边格子的斜线上方，纵向总和写在上面格子的斜线下方。	白いマスの並びの合計はヒントの数になります。ヨコの合計は並びの左のマスの斜線の上、タテの合計は並びの上のマスの斜線の下にあります。	Cada tramo blanco suma su pista. Los totales horizontales están sobre la barra de la casilla a la izquierda del tramo, y los verticales, bajo la barra de la casilla de encima.	Jeder weiße Block ergibt seinen Hinweis. Waagerechte Summen stehen über dem Schrägstrich im Feld links vom Block, senkrechte unter dem Schrägstrich im Feld darüber.
Earn hints through play	通过游戏赚取提示	プレイしてヒントを獲得	Ganar pistas jugando	Tipps durch Spielen verdienen
Easier levels start with more digits and signs.	越简单的难度，一开始给出的数字和符号越多。	やさしいレベルほど、最初から入っている数字と記号が多くなります。	Los niveles más fáciles empiezan con más números y signos.	Leichtere Stufen beginnen mit mehr Ziffern und Zeichen.
East wind	东风	東	Viento del este	Ostwind
Easy	简单	かんたん	Fácil	Leicht
Easy gives 5 lives, Medium and Hard 4, Expert 3. Hint shows one group's thread.	简单有 5 条命，中等和困难 4 条，专家 3 条。提示会显示一组的共同点。	ライフは「かんたん」5、「ふつう」と「むずかしい」4、「エキスパート」3。ヒントで1グループの共通点がわかります。	Fácil da 5 vidas, Media y Difícil 4, Experto 3. La pista muestra el hilo de un grupo.	Leicht gibt 5 Leben, Mittel und Schwer 4, Experte 3. Der Tipp zeigt den Faden einer Gruppe.
Easy gives 7 guesses and takes any five letters; Medium and up only take words from the list. Hard and Expert make you reuse letters you've found, and Expert gives 5 guesses.	简单难度有 7 次机会，任意五个字母都可以；中等及以上只接受词表里的词。困难和专家要求继续使用已找到的字母，专家只有 5 次机会。	「かんたん」は7回でどんな5文字でもOK。「ふつう」以上は単語リストの語のみ。「むずかしい」と「エキスパート」では見つけた文字を使い続け、「エキスパート」は5回です。	Fácil da 7 intentos y admite cualquier combinación de cinco letras; de Media en adelante solo valen palabras de la lista. En Difícil y Experto debes reutilizar las letras encontradas, y Experto da 5 intentos.	Leicht gibt 7 Versuche und nimmt beliebige fünf Buchstaben; ab Mittel zählen nur Wörter aus der Liste. Auf Schwer und Experte musst du gefundene Buchstaben weiterverwenden, und Experte gibt 5 Versuche.
Easy · 3×3	简单 · 3×3	かんたん · 3×3	Fácil · 3×3	Leicht · 3×3
Edit	编辑	編集	Editar	Bearbeiten
Edit theme	编辑主题	テーマを編集	Editar tema	Design bearbeiten
Empty	空	空き	Vacía	Leer
empty	空	空き	vacía	leer
Empty pile	空牌堆	空の山	Montón vacío	Leerer Stapel
empty space	空位	空き	hueco vacío	freier Platz
Empty your hand to win. If both players are stuck, the lower total of pips in hand wins (equal is a draw).	出完手牌就赢了。如果双方都卡住了，手里点数总和较小的一方赢（相同则平局）。	手札をなくせば勝ちです。どちらも出せなくなったら、手札の目の合計が少ない方の勝ち（同じなら引き分け）。	Vacía tu mano para ganar. Si los dos os atascáis, gana quien tenga menos puntos en la mano (empate si son iguales).	Leere deine Hand, um zu gewinnen. Stecken beide fest, gewinnt die kleinere Augensumme auf der Hand (gleich ist unentschieden).
English draughts	英式跳棋	英国式チェッカー	Damas inglesas	Englisches Dame
English draughts: jump and capture the computer's pieces.	英式跳棋：跳过并吃掉电脑的棋子。	チェッカー（イギリス式）：コンピューターの駒を飛びこえて取りましょう。	Damas inglesas: salta y captura las piezas del ordenador.	Englische Dame: Überspringe und schlage die Steine des Computers.
English/American Checkers: you are the dark pieces at the bottom and move first. Men move and capture diagonally forward; Kings also move backward. Captures are mandatory and multiple jumps must finish. Reaching the far row crowns a man and ends its turn. No legal move loses. Threefold repetition or 40 moves each without a capture or man move draws automatically. Tap a piece, then a marked destination.	英式/美式跳棋：你执下方的深色棋子，先走。普通棋子只能斜着向前走和吃子；王棋还能向后。必须吃子，连跳必须跳完。走到最后一行的棋子会升为王棋，并结束本回合。无路可走就输。同一局面出现三次，或双方各走 40 步都没有吃子或普通棋子移动，自动判和。点一个棋子，再点标出的目标位置。	英国式・米国式チェッカー：あなたは下側の暗い色の駒で、先手です。駒はななめ前に進み、ななめ前の駒を取ります。キングは後ろにも動けます。取れるときは必ず取り、連続ジャンプも最後まで続けます。いちばん奥の列に着いた駒はキングになり、その手番は終わります。動ける手がなければ負けです。同じ局面が3回出るか、おたがい40手の間、駒を取らず普通の駒も動かさなければ、自動的に引き分けになります。駒をタップしてから、印のついた場所をタップします。	Damas inglesas/americanas: juegas con las piezas oscuras de abajo y mueves primero. Los peones mueven y capturan en diagonal hacia delante; las damas también hacia atrás. Capturar es obligatorio y los saltos múltiples deben completarse. Al llegar a la última fila, un peón corona y termina su turno. Quien no puede mover, pierde. La triple repetición o 40 movimientos por bando sin capturas ni avances de peón es tablas automáticas. Toca una pieza y luego un destino marcado.	Englisches/amerikanisches Dame: Du spielst die dunklen Steine unten und ziehst zuerst. Steine ziehen und schlagen schräg nach vorn; Damen auch rückwärts. Schlagen ist Pflicht, und Mehrfachsprünge müssen zu Ende gezogen werden. Wer die gegnerische Grundreihe erreicht, wird zur Dame, und der Zug endet. Wer nicht ziehen kann, verliert. Dreifache Wiederholung oder 40 Züge pro Seite ohne Schlagen oder Steinzug ergeben automatisch Remis. Tippe auf einen Stein und dann auf ein markiertes Ziel.
English/American rules × 4 computer strengths.	英式/美式规则 × 4 种电脑强度。	英国式・米国式ルール × コンピューターの強さ4段階。	Reglas inglesas/americanas × 4 niveles del ordenador.	Englische/amerikanische Regeln × 4 Computerstärken.
Enter	确定	決定	Enter	Enter
Enter it.	输入它。	入れましょう。	Escríbelo.	Gib sie ein.
Enter the digit.	输入数字。	数字を入れましょう。	Escribe el número.	Gib die Ziffer ein.
Erase	擦除	消す	Borrar	Löschen
Erase digit	擦除数字	数字を消す	Borrar número	Ziffer löschen
Error	错误	エラー	Error	Fehler
Every neighbour of a shaded square stays white; circle it.	涂黑格子的每个邻格都保持白色；给它们画圈。	黒マスのとなりはすべて白のまま。丸をつけておきましょう。	Todas las vecinas de una casilla sombreada quedan blancas; rodéalas.	Jeder Nachbar eines schwarzen Feldes bleibt weiß; kreise ihn ein.
Every picture can be solved by logic alone, so it has exactly one answer.	每幅图都能只靠逻辑解开，所以只有一个答案。	どの絵も論理だけで解けるので、答えはひとつです。	Todos los dibujos se resuelven solo con lógica, así que tienen una única solución.	Jedes Bild lässt sich allein mit Logik lösen und hat daher genau eine Lösung.
Every puzzle has exactly one solution, so it can always be solved by logic.	每道题都只有一个解，所以总能靠逻辑解开。	どのパズルも答えはひとつなので、必ず論理で解けます。	Cada puzzle tiene una única solución, así que siempre se resuelve con lógica.	Jedes Rätsel hat genau eine Lösung und lässt sich daher immer mit Logik lösen.
Every puzzle has exactly one solution.	每道题都只有一个解。	どのパズルも答えはひとつです。	Cada puzzle tiene una única solución.	Jedes Rätsel hat genau eine Lösung.
Every row, column and box holds each digit once.	每行、每列、每宫的数字都不重复。	どの行・列・ボックスにも、それぞれの数字が1回ずつ入ります。	Cada fila, columna y caja contiene cada número una vez.	Jede Zeile, Spalte und jeder Kasten enthält jede Ziffer einmal.
Every swipe slides all tiles as far as they go. Equal tiles that meet merge into their sum.	每次滑动都会让所有方块滑到底。相同的方块相遇就合并成它们的和。	スワイプするたびに、すべてのタイルが端まで動きます。同じ数字が出会うと合計になります。	Cada deslizamiento mueve todas las fichas hasta el fondo. Las fichas iguales que se encuentran se unen en su suma.	Jedes Wischen schiebt alle Kacheln so weit wie möglich. Gleiche Kacheln, die sich treffen, verschmelzen zu ihrer Summe.
Every trapped disc flips to Black. One move can flip several lines.	被夹住的棋子全部翻成黑色。一步可以翻好几条线。	はさまれた石はすべて黒になります。1手で何列もひっくり返せます。	Todas las fichas atrapadas pasan a negras. Un movimiento puede voltear varias líneas.	Jeder eingeschlossene Stein wird schwarz. Ein Zug kann mehrere Linien umdrehen.
Everyday	日常	日常	Día a día	Alltag
everyday words	日常词汇	よく使う言葉	palabras cotidianas	Alltagswörter
Everything is correct.	全部正确。	すべて正解です。	Todo es correcto.	Alles ist richtig.
Exact generated-puzzle count not measured; no finite level list.	未统计能生成的谜题确切数量；没有有限的关卡列表。	作れるパズルの正確な数は測っていません。レベルに終わりはありません。	No se ha medido el número exacto de puzzles; no hay lista de niveles finita.	Die genaue Zahl erzeugbarer Rätsel ist nicht gemessen; es gibt keine endliche Levelliste.
Exact generated-puzzle count not measured; no finite level list. Custom grids are unlimited.	未统计能生成的谜题确切数量；没有有限的关卡列表。自定义盘面数量不限。	作れるパズルの正確な数は測っていません。レベルに終わりはありません。自作の盤は無制限です。	No se ha medido el número exacto de puzzles; no hay lista de niveles finita. Las cuadrículas propias son ilimitadas.	Die genaue Zahl erzeugbarer Rätsel ist nicht gemessen; es gibt keine endliche Levelliste. Eigene Gitter sind unbegrenzt.
Exactly one answer, and it can be solved step by step without guessing.	恰好只有一个答案，而且可以一步步推理解出，不用猜。	答えはちょうどひとつ。推測なしで、一歩ずつ解けます。	Tiene una única solución y se puede resolver paso a paso sin adivinar.	Genau eine Lösung, Schritt für Schritt ohne Raten lösbar.
Exactly one answer. It needs harder techniques than simple deductions.	恰好只有一个答案，但需要比简单推理更难的技巧。	答えはちょうどひとつ。簡単な推理より難しいテクニックが必要です。	Tiene una única solución, pero requiere técnicas más difíciles que las deducciones simples.	Genau eine Lösung. Sie braucht schwierigere Techniken als einfache Schlüsse.
Exactly.	正是。	そのとおり。	Exacto.	Genau.
Expert	专家	エキスパート	Experto	Experte
Explain eight words in your own words × 4 levels, from everyday to rare.	用自己的话解释八个词 × 4 个难度，从日常到生僻。	8語の意味を自分の言葉で説明 × 4レベル（日常語からめずらしい言葉まで）。	Explica ocho palabras con tus palabras × 4 niveles, de cotidianas a raras.	Erkläre acht Wörter in eigenen Worten × 4 Stufen, von alltäglich bis selten.
Explain what a word means in your own words.	用你自己的话解释一个词的意思。	言葉の意味を自分の言葉で説明しよう。	Explica con tus palabras lo que significa una palabra.	Erkläre in eigenen Worten, was ein Wort bedeutet.
Extra group {0} has more than {1} squares, so it can't hold different digits.	额外组 {0} 超过 {1} 格，不可能全填不同的数字。	追加グループ{0}は{1}マスより多いので、すべてちがう数字にはできません。	El grupo extra {0} tiene más de {1} casillas, así que no puede tener números distintos.	Zusatzgruppe {0} hat mehr als {1} Felder und kann daher keine verschiedenen Ziffern enthalten.
Extra group {0} is damaged.	额外组 {0} 已损坏。	追加グループ{0}が壊れています。	El grupo extra {0} está dañado.	Zusatzgruppe {0} ist beschädigt.
Extra groups	额外组	追加グループ	Grupos extra	Zusatzgruppen
Face-down card	背面朝上的牌	裏向きのカード	Carta boca abajo	Verdeckte Karte
Face-down tile	背面朝上的牌	裏向きの牌	Ficha boca abajo	Verdeckter Stein
Falling blocks	下落的方块	落ちてくるブロック	Bloques que caen	Fallende Blöcke
Falling blocks with 4 starting speeds; 7-piece bags.	下落方块，4 种起始速度；7 块一组。	4つのスタート速度で落ちるブロック。7種類1セット。	Bloques que caen con 4 velocidades iniciales; bolsas de 7 piezas.	Fallende Blöcke mit 4 Startgeschwindigkeiten; 7er-Beutel.
Farm animals	家畜	家畜	Animales de granja	Bauernhoftiere
fewer signs	符号较少	記号が少なめ	menos signos	weniger Zeichen
Fewest guesses	最少猜测次数	最少の推測回数	Menos intentos	Wenigste Versuche
Fewest moves	最少步数	最少手数	Menos movimientos	Wenigste Züge
Fewest wrong guesses	最少猜错	最少ミス	Menos fallos	Wenigste Fehlversuche
Fill	涂色	塗る	Pintar	Füllen
Fill 1, 2 and 3 so each row and column has each once. Every bold cage must make its target with its operation.	填入 1、2、3，使每行每列各有一次。每个粗线笼子都要用它的运算得到目标数。	1・2・3を、どの行・列にも1回ずつ入れます。太線のケージは、書かれた計算で目標の数になります。	Coloca el 1, el 2 y el 3 para que cada fila y columna tenga cada uno una vez. Cada jaula gruesa debe dar su objetivo con su operación.	Setze 1, 2 und 3 so, dass jede Zeile und Spalte jede einmal hat. Jeder fette Käfig muss mit seiner Rechenart sein Ziel ergeben.
Fill 1–3 so each row and column has each digit once. The signs say which neighbour is bigger: the open side faces the larger digit.	填入 1–3，使每行每列各有一次。符号表示哪个邻格更大：开口朝向较大的数。	1〜3を、どの行・列にも1回ずつ入れます。記号はどちらのとなりが大きいかを示し、開いている側が大きい数字です。	Coloca del 1 al 3 para que cada fila y columna tenga cada número una vez. Los signos indican qué vecina es mayor: el lado abierto mira al número mayor.	Setze 1–3 so, dass jede Zeile und Spalte jede Ziffer einmal hat. Die Zeichen sagen, welcher Nachbar größer ist: Die offene Seite zeigt zur größeren Ziffer.
Fill all four pegs.	请放满四颗钉。	ピンを4本置いてください。	Coloca las cuatro clavijas.	Setze alle vier Stifte.
Fill an N×N grid with 1 to N so each row and column holds every digit once (4×4 to 7×7 by level).	在 N×N 的盘面里填 1 到 N，使每行每列的数字都不重复（按难度从 4×4 到 7×7）。	N×Nの盤に1〜Nを入れ、どの行・列にも同じ数字が入らないようにします（レベルにより4×4〜7×7）。	Rellena una cuadrícula de N×N con números del 1 al N para que cada fila y columna tenga cada uno una vez (de 4×4 a 7×7 según el nivel).	Fülle ein N×N-Gitter mit 1 bis N, sodass jede Zeile und Spalte jede Ziffer einmal enthält (je nach Stufe 4×4 bis 7×7).
Fill an N×N grid with 1 to N so every row and column holds each digit once (4×4 to 7×7 by level).	在 N×N 的盘面里填 1 到 N，使每行每列的数字都不重复（按难度从 4×4 到 7×7）。	N×Nの盤に1〜Nを入れ、どの行・列にもそれぞれの数字が1回ずつ入るようにします（レベルにより4×4〜7×7）。	Rellena una cuadrícula de N×N con números del 1 al N para que cada fila y columna tenga cada uno una vez (de 4×4 a 7×7 según el nivel).	Fülle ein N×N-Gitter mit 1 bis N, sodass jede Zeile und Spalte jede Ziffer einmal enthält (je nach Stufe 4×4 bis 7×7).
Fill every empty square with a digit: 1–9 on a 9×9 board, 1–6 on 6×6 and 1–4 on 4×4.	在每个空格里填一个数字：9×9 用 1–9，6×6 用 1–6，4×4 用 1–4。	空いているマスすべてに数字を入れます。9×9は1〜9、6×6は1〜6、4×4は1〜4です。	Rellena cada casilla vacía con un número: del 1 al 9 en 9×9, del 1 al 6 en 6×6 y del 1 al 4 en 4×4.	Fülle jedes leere Feld mit einer Ziffer: 1–9 auf 9×9, 1–6 auf 6×6 und 1–4 auf 4×4.
Fill in digits for me	帮我填入数字	数字を入れてもらう	Rellena los números por mí	Ziffern für mich einsetzen
Fill mode: tap or drag to paint squares.	涂色模式：点或拖动来涂格子。	塗りモード：タップかなぞってマスを塗ります。	Modo pintar: toca o arrastra para pintar casillas.	Füll-Modus: Tippe oder wische, um Felder zu malen.
Fill paints a square; Cross marks one you know is empty. Crosses are only reminders.	“涂色”把格子涂上；“打叉”标记确定是空的格子。叉只是提醒而已。	「塗る」でマスを塗り、「バツ」で空きとわかったマスに印をつけます。バツは目印にすぎません。	Pintar rellena una casilla; Tachar marca una que sabes que está vacía. Las cruces solo son recordatorios.	Füllen malt ein Feld; Kreuz markiert eines, das sicher leer ist. Kreuze sind nur Merker.
Fill the grid so every row and column holds each digit once. Every sign between two squares must hold: the square at the open side of < or > has the larger digit. Some squares may start filled.	填满盘面，使每行每列的数字都不重复。两个格子之间的每个符号都必须成立：< 或 > 开口那一侧的格子数字较大。有些格子一开始就已填好。	どの行・列にも同じ数字が入らないように盤を埋めます。マスの間の記号はすべて成り立たなければなりません。< や > の開いている側のマスの方が大きい数字です。はじめから数字が入っているマスもあります。	Rellena la cuadrícula para que cada fila y columna tenga cada número una vez. Todos los signos entre casillas deben cumplirse: la casilla del lado abierto de < o > tiene el número mayor. Algunas casillas pueden empezar rellenas.	Fülle das Gitter so, dass jede Zeile und Spalte jede Ziffer einmal enthält. Jedes Zeichen zwischen zwei Feldern muss stimmen: Das Feld an der offenen Seite von < oder > hat die größere Ziffer. Manche Felder sind schon ausgefüllt.
Fill the grid so every row and column holds each digit once. The digits in each outlined cage must combine to its target with the shown operation: + add, − subtract, × multiply, ÷ divide (larger by smaller). A cage without an operation is simply that digit. Digits may repeat inside a cage if they are in different rows and columns.	填满盘面，使每行每列的数字都不重复。每个框出的笼子里的数字要用标出的运算得到目标数：+ 加，− 减，× 乘，÷ 除（大数除以小数）。没有运算符的笼子就是那个数字本身。只要不在同一行或同一列，笼子里的数字可以重复。	どの行・列にも同じ数字が入らないように盤を埋めます。囲まれたケージの数字は、示された計算で目標の数になります：+ たし算、− ひき算、× かけ算、÷ わり算（大きい方を小さい方で）。計算記号のないケージは、その数字そのものです。行と列がちがえば、ケージの中で数字が重なってもかまいません。	Rellena la cuadrícula para que cada fila y columna tenga cada número una vez. Los números de cada jaula marcada deben dar su objetivo con la operación indicada: + sumar, − restar, × multiplicar, ÷ dividir (el mayor entre el menor). Una jaula sin operación es simplemente ese número. Los números pueden repetirse dentro de una jaula si están en filas y columnas distintas.	Fülle das Gitter so, dass jede Zeile und Spalte jede Ziffer einmal enthält. Die Ziffern in jedem umrandeten Käfig müssen mit der angegebenen Rechenart ihr Ziel ergeben: + addieren, − subtrahieren, × multiplizieren, ÷ dividieren (größere durch kleinere). Ein Käfig ohne Rechenzeichen ist einfach diese Ziffer. Ziffern dürfen sich im Käfig wiederholen, wenn sie in verschiedenen Zeilen und Spalten stehen.
Fill the white squares with 1–9. Each run of white squares must add up to the clue on its left (across) or above it (down), and no digit may repeat within a run.	在白格里填 1–9。每一段连续的白格加起来要等于它左边（横向）或上面（纵向）的提示，同一段里数字不能重复。	白いマスに1〜9を入れます。白いマスの並びの合計は、左（ヨコ）または上（タテ）のヒントの数になり、同じ並びの中で数字は重なりません。	Rellena las casillas blancas con números del 1 al 9. Cada tramo de casillas blancas debe sumar la pista de su izquierda (horizontal) o de arriba (vertical), sin repetir números dentro del tramo.	Fülle die weißen Felder mit 1–9. Jeder Block weißer Felder muss den Hinweis links davon (waagerecht) oder darüber (senkrecht) ergeben, und keine Ziffer darf sich in einem Block wiederholen.
filled key peg	实心提示钉	塗りつぶしたキーピン	clavija clave rellena	gefüllter Schlüsselstift
Filled squares with a bar are in the right spot.	带横条的实心格表示位置正确。	下に線がある塗られたマスが、位置も正解の文字です。	Las casillas rellenas con una barra están en su sitio.	Gefüllte Felder mit Strich stehen richtig.
Find every pair in as few turns as you can. Boards range from 6 to 15 pairs.	用尽量少的回合找出所有对子。牌面有 6 到 15 对。	できるだけ少ない回数ですべてのペアを見つけましょう。盤は6〜15ペアです。	Encuentra todas las parejas en el menor número de turnos. Los tableros tienen de 6 a 15 parejas.	Finde alle Paare in möglichst wenigen Zügen. Die Bretter haben 6 bis 15 Paare.
Find the group you're surest of first; fewer words make the rest clearer.	先找你最有把握的那组；词少了，剩下的就更清楚。	いちばん自信のあるグループから見つけましょう。語が減ると残りがわかりやすくなります。	Encuentra primero el grupo del que estés más seguro; con menos palabras, el resto se aclara.	Finde zuerst die Gruppe, bei der du am sichersten bist; weniger Wörter machen den Rest klarer.
Find the hidden five-letter word in a few guesses.	用几次猜测找出隐藏的五字母单词。	少ない回数で隠れた5文字の単語を当てよう。	Encuentra la palabra oculta de cinco letras en pocos intentos.	Finde das versteckte Wort mit fünf Buchstaben in wenigen Versuchen.
Find the hidden five-letter word. Type a guess and press Enter. A filled square with a bar means the letter is in the right spot; a square with a dot means the word has that letter elsewhere; a faded square means it isn't in the word. Hard and Expert make you reuse the letters you've found.	找出隐藏的五字母单词。输入猜测并按 Enter。带横条的实心格表示字母位置正确；带圆点的格表示单词里有这个字母，但在别的位置；变淡的格表示单词里没有这个字母。困难和专家难度要求你继续使用已找到的字母。	隠れた5文字の英単語を当てましょう。予想を入力して Enter を押します。下に線がある塗られたマスは位置も正解、点のあるマスは別の位置にある文字、薄いマスは単語にない文字です。「むずかしい」と「エキスパート」では、見つけた文字を使い続ける必要があります。	Encuentra la palabra oculta de cinco letras. Escribe un intento y pulsa Enter. Una casilla rellena con una barra indica que la letra está en su sitio; una casilla con un punto, que la palabra tiene esa letra en otro lugar; una casilla atenuada, que no está en la palabra. En Difícil y Experto debes reutilizar las letras que ya encontraste.	Finde das versteckte Wort mit fünf Buchstaben. Gib einen Versuch ein und drücke Enter. Ein gefülltes Feld mit Strich heißt: Buchstabe an der richtigen Stelle; ein Feld mit Punkt: Das Wort hat den Buchstaben woanders; ein blasses Feld: Der Buchstabe kommt nicht vor. Auf Schwer und Experte musst du gefundene Buchstaben weiterverwenden.
Find the hidden words. Tap the first letter of a word, then its last letter.	找出隐藏的单词。先点单词的第一个字母，再点最后一个字母。	隠れた言葉を探しましょう。言葉の最初の文字をタップしてから、最後の文字をタップします。	Encuentra las palabras escondidas. Toca la primera letra de una palabra y luego la última.	Finde die versteckten Wörter. Tippe auf den ersten Buchstaben eines Wortes und dann auf den letzten.
Find the pairs	找出成对的牌	ペアを探そう	Encuentra las parejas	Finde die Paare
Finish	完成	完了	Terminar	Fertig
Finish a puzzle to see wins and best times here.	完成一个谜题后，这里会显示胜场和最佳用时。	パズルを解くと、ここに勝利数とベストタイムが表示されます。	Termina un puzzle para ver aquí tus victorias y mejores tiempos.	Löse ein Rätsel, dann siehst du hier Siege und Bestzeiten.
Finish games to set records. Timed wins record your best times.	完成游戏即可创造纪录。计时模式的胜利会记录最佳用时。	ゲームを終えると記録が残ります。タイムありで勝つとベストタイムが記録されます。	Termina partidas para marcar récords. Las victorias con tiempo guardan tus mejores tiempos.	Beende Spiele, um Bestleistungen aufzustellen. Siege mit Zeit halten deine Bestzeiten fest.
Finished	已完成	終了	Terminada	Beendet
finished	完成	終了	terminadas	beendet
Fish	鱼	魚	Peces	Fische
Fit falling blocks together to clear full rows.	拼好下落的方块，消除填满的行。	落ちてくるブロックを組み合わせて、そろった列を消しましょう。	Encaja los bloques que caen para eliminar filas completas.	Füge fallende Blöcke zusammen, um volle Reihen abzuräumen.
Fit the board	显示整个棋盘	盤全体を表示	Ver el tablero entero	Ganzes Brett zeigen
Five 9×9 Sudoku grids overlap at their corner boxes. Every row, column and 3×3 box of each grid holds 1–9 once, so digits in a shared corner box count for both grids. Tap a grid on the map to work on it.	五个 9×9 数独盘面在角上的宫重叠。每个盘面的每行、每列和每个 3×3 宫都要恰好包含 1–9，所以共享角宫里的数字同时属于两个盘面。在总览图上点一个盘面开始解。	5つの9×9のナンプレが、角のボックスで重なっています。どの盤も、各行・各列・3×3のボックスに1〜9が1回ずつ入るので、共有する角のボックスの数字は両方の盤に数えられます。全体図で盤をタップして解きましょう。	Cinco sudokus de 9×9 se solapan en sus cajas de las esquinas. Cada fila, columna y caja de 3×3 de cada cuadrícula contiene del 1 al 9 una vez, así que los números de una caja compartida cuentan para las dos cuadrículas. Toca una cuadrícula del mapa para resolverla.	Fünf 9×9-Sudokus überlappen sich in ihren Eckkästen. Jede Zeile, Spalte und jeder 3×3-Kasten jedes Gitters enthält 1–9 genau einmal, daher zählen Ziffern in einem gemeinsamen Eckkasten für beide Gitter. Tippe auf ein Gitter in der Übersicht, um es zu bearbeiten.
Five Letters	五字母	5文字	Cinco letras	Fünf Buchstaben
Five Sudoku grids joined at their corners.	五个在角上相连的数独盘面。	角でつながった5つのナンプレ。	Cinco sudokus unidos por las esquinas.	Fünf Sudokus, die an den Ecken verbunden sind.
Fix the problems below.	请修正下面的问题。	下の問題を直してください。	Corrige los problemas de abajo.	Behebe die Probleme unten.
Fix the red conflicts first, then ask for a hint.	请先改正红色的冲突，再请求提示。	先に赤い矛盾を直してから、ヒントを使ってください。	Corrige primero los conflictos en rojo y luego pide una pista.	Behebe zuerst die roten Konflikte, dann bekommst du einen Tipp.
Flag	插旗	旗	Bandera	Flagge
Flag mode marks squares you think are mines. Tapping an open number whose flags are all placed opens its other neighbours (chording).	插旗模式用来标记你认为有地雷的格子。如果一个数字周围的旗子都插好了，点这个数字就会翻开它的其他邻格（快速翻开）。	旗モードでは、地雷だと思うマスに印をつけます。旗がそろった数字をタップすると、残りのとなりがまとめて開きます（一括オープン）。	El modo Bandera marca las casillas que crees que son minas. Si tocas un número abierto que ya tiene todas sus banderas, se abren sus demás vecinas (apertura rápida).	Im Flaggen-Modus markierst du Felder, die du für Minen hältst. Tippst du auf eine offene Zahl, deren Flaggen alle gesetzt sind, öffnen sich ihre übrigen Nachbarn (Akkord).
Flag mode: tap to place or remove a flag.	插旗模式：点一下插旗或拔旗。	旗モード：タップで旗を立てたり外したりします。	Modo bandera: toca para poner o quitar una bandera.	Flaggen-Modus: Tippe, um eine Flagge zu setzen oder zu entfernen.
Flag the mine.	给地雷插上旗。	地雷に旗を立てましょう。	Pon una bandera en la mina.	Markiere die Mine.
flagged	已插旗	旗	con bandera	markiert
Flip to win	翻转取胜	裏返して勝つ	Voltea para ganar	Umdrehen und gewinnen
Follow system	跟随系统	システムに合わせる	Según el sistema	Wie das System
Food	食物	食べ物	Comida	Essen
FOOT, HAND and EYE are parts of the body, but SNOW isn't. What links all four?	FOOT、HAND 和 EYE 是身体部位，但 SNOW 不是。四个词的共同点是什么？	FOOT、HAND、EYE は体の部分ですが、SNOW はちがいます。4語をつなぐものは？	FOOT, HAND y EYE son partes del cuerpo, pero SNOW no. ¿Qué une a las cuatro?	FOOT, HAND und EYE sind Körperteile, SNOW aber nicht. Was verbindet alle vier?
FOOTBALL, HANDBALL, EYEBALL, SNOWBALL. In the real game, four threads and a few decoys make you choose carefully.	FOOTBALL、HANDBALL、EYEBALL、SNOWBALL。真正的游戏有四组和一些干扰项，要仔细选。	FOOTBALL、HANDBALL、EYEBALL、SNOWBALL。本番は4グループとひっかけがあるので、よく考えて選びましょう。	FOOTBALL, HANDBALL, EYEBALL, SNOWBALL. En el juego real, cuatro hilos y algunos señuelos te obligan a elegir con cuidado.	FOOTBALL, HANDBALL, EYEBALL, SNOWBALL. Im echten Spiel sorgen vier Fäden und ein paar Köder dafür, dass du sorgfältig wählen musst.
For a fixed first click excluding k safe squares: C(cells − k, mines) theoretical layouts. Exact generator coverage not measured.	对于固定的首次点击（排除 k 个安全格）：理论上有 C(格数 − k, 雷数) 种布局。未统计生成器实际覆盖的范围。	最初のクリックで安全なk マスを除くと、理論上の配置はC(マス数 − k, 地雷数)通り。実際にどこまで作れるかは測っていません。	Para un primer toque fijo que excluye k casillas seguras: C(casillas − k, minas) disposiciones teóricas. No se ha medido la cobertura real del generador.	Bei festem ersten Klick ohne k sichere Felder: C(Felder − k, Minen) theoretische Anordnungen. Die tatsächliche Abdeckung ist nicht gemessen.
For − and ÷ cages (always two squares), take the larger digit first: 3 − 1 = 2, 6 ÷ 2 = 3.	− 和 ÷ 的笼子（总是两格）先取较大的数：3 − 1 = 2，6 ÷ 2 = 3。	−と÷のケージ（いつも2マス）は大きい方から計算します：3 − 1 = 2、6 ÷ 2 = 3。	En las jaulas de − y ÷ (siempre de dos casillas), empieza por el número mayor: 3 − 1 = 2, 6 ÷ 2 = 3.	Bei −- und ÷-Käfigen (immer zwei Felder) nimmst du die größere Ziffer zuerst: 3 − 1 = 2, 6 ÷ 2 = 3.
found letters must be reused	必须使用已找到的字母	見つけた文字は必ず使う	hay que reutilizar las letras encontradas	gefundene Buchstaben müssen wieder vorkommen
found word	已找到的单词	見つけた言葉	palabra encontrada	gefundenes Wort
Found: {0}	找到：{0}	発見：{0}	Encontrado: {0}	Gefunden: {0}
Foundation {0}	基础堆 {0}	組札{0}	Base {0}	Ablagestapel {0}
Foundation {0}, {1}	收牌区 {0}，{1}	組札{0}、{1}	Base {0}, {1}	Ablagestapel {0}, {1}
Four different colors, chosen from all six	从全部六种颜色里选四种不同的颜色	6色から選んだ4つの別々の色	Cuatro colores distintos, elegidos entre los seis	Vier verschiedene Farben, gewählt aus allen sechs
Four filled keys. You broke the code!	四颗实心提示钉。密码破解了！	塗りつぶしたキーが4つ。コードを当てました！	Cuatro claves rellenas. ¡Has descifrado el código!	Vier gefüllte Schlüssel. Du hast den Code geknackt!
Four groups of four	四组，每组四个	4語ずつ4グループ	Cuatro grupos de cuatro	Vier Gruppen zu je vier
Four in a row	连成四子	4つ並べ	Cuatro en línea	Vier in einer Reihe
Four in a row. You win!	四子相连。你赢了！	4つ揃いました。あなたの勝ち！	¡Cuatro en línea. Has ganado!	Vier in einer Reihe. Du hast gewonnen!
Four picked. Submit them?	选好四个了。提交吗？	4語選びました。決定しますか？	Cuatro elegidas. ¿Las envías?	Vier ausgewählt. Absenden?
four plain categories	四个简单类别	わかりやすいカテゴリー4つ	cuatro categorías sencillas	vier einfache Kategorien
free	可拿	取れる	libre	frei
Free tiles that block many others (tall stacks, long rows) are worth clearing early.	挡住很多其他牌的自由牌（高高的牌堆、长长的一排）值得早点拿掉。	ほかの牌をたくさんふさいでいる牌（高い山や長い列）は、早めに取りましょう。	Conviene retirar pronto las fichas libres que bloquean muchas otras (pilas altas, filas largas).	Freie Steine, die viele andere blockieren (hohe Stapel, lange Reihen), solltest du früh entfernen.
Fruits	水果	果物	Frutas	Obst
full	已满	いっぱい	lleno	voll
Furniture	家具	家具	Muebles	Möbel
Futoshiki	不等式数独	不等式	Futoshiki	Futoshiki
Game over. Final score {0}.	游戏结束。最终得分 {0}。	ゲームオーバー。最終スコア {0}。	Fin de la partida. Puntuación final: {0}.	Spiel vorbei. Endstand: {0} Punkte.
Game table	游戏桌	ゲームテーブル	Mesa de juego	Spieltisch
Game-colored headers	按游戏配色的标题栏	ゲームごとの色のヘッダー	Cabeceras con el color del juego	Kopfzeilen in Spielfarbe
games	款游戏	ゲーム	juegos	Spiele
Games and possibilities	游戏与可能性	ゲームと遊び方の数	Juegos y posibilidades	Spiele und Möglichkeiten
Games in progress, finished games, high scores and Sudoku statistics are removed. Your name, settings, hint wallet, custom grids and themes stay.	进行中的游戏、已完成的游戏、最高纪录和数独统计会被删除。你的名字、设置、提示次数、自定义盘面和主题会保留。	プレイ中のゲーム、終わったゲーム、ハイスコア、ナンプレの統計は消えます。あなたの名前、設定、ヒントの残り回数、自作の盤とテーマは残ります。	Se quitan las partidas en curso, las partidas terminadas, los récords y las estadísticas de sudoku. Se conservan tu nombre, los ajustes, tus pistas, las cuadrículas propias y los temas.	Laufende Spiele, beendete Spiele, Bestleistungen und die Sudoku-Statistik werden entfernt. Dein Name, die Einstellungen, dein Tipp-Vorrat, eigene Gitter und Designs bleiben.
Games in progress, saves and your hint wallet are kept.	进行中的游戏、存档和提示次数会保留。	プレイ中のゲーム、セーブ、ヒントの残り回数は残ります。	Se conservan las partidas en curso, las partidas guardadas y tus pistas.	Laufende Spiele, Spielstände und dein Tipp-Vorrat bleiben erhalten.
Games you won	你赢的游戏	勝ったゲーム	Partidas ganadas	Gewonnene Spiele
Garden	花园	庭	Jardín	Garten
Gems	宝石	宝石	Gemas	Edelsteine
Get rid of heavy tiles (lots of pips) early in case the game blocks.	尽早打出点数大的骨牌，以防牌局卡死。	手詰まりに備えて、目の多い牌は早めに出しましょう。	Deshazte pronto de las fichas pesadas (con muchos puntos) por si la partida se cierra.	Werde schwere Steine (viele Augen) früh los, falls das Spiel blockiert.
given	初始数字	最初から	dada	vorgegeben
Gives away as little as possible; plays the ending perfectly	尽量少送方格；残局下得完美	渡す箱をできるだけ少なくし、終盤は完ぺきに打ちます	Regala lo mínimo; juega el final a la perfección	Gibt so wenig wie möglich her; spielt das Ende perfekt
Goal reached!	达成目标！	目標達成！	¡Objetivo conseguido!	Ziel erreicht!
Goal tile {0}	目标方块 {0}	目標タイル {0}	Ficha objetivo {0}	Zielkachel {0}
Goal: move all 52 cards to the four foundations, each built up by suit from Ace to King.	目标：把 52 张牌全部移到四个基础堆上，每堆按同一花色从 A 叠到 K。	目標は52枚すべてを4つの組札に移すことです。組札はマークごとにエースからキングまで重ねます。	Objetivo: pasar las 52 cartas a las cuatro bases, cada una de un palo, del as al rey.	Ziel: Alle 52 Karten auf die vier Ablagestapel legen, jeder nach Farbe vom Ass bis zum König.
Golden	金纹	黄金	Dorado	Goldholz
Good.	很好。	いいですね。	Bien.	Gut.
Good: that leaves 1 for the other square of the cage.	很好：那么笼子的另一格就是 1。	いいですね。するとケージのもう1マスは1です。	Bien: eso deja el 1 para la otra casilla de la jaula.	Gut: Damit bleibt die 1 für das andere Feld des Käfigs.
Got it	知道了	わかった	Entendido	Verstanden
Greater or less	大于或小于	大なり小なり	Mayor o menor	Größer oder kleiner
Green	绿色	緑	Verde	Grün
Green dragon	发财	發	Dragón verde	Grüner Drache
Green peg	绿色钉	緑のピン	Clavija verde	Grüner Stift
Grid box	盘面中的宫	盤のボックス	Caja de la cuadrícula	Kasten eines Gitters
Grid code	盘面代码	盤のコード	Código de cuadrícula	Gitter-Code
Grid code copied.	盘面代码已复制。	盤のコードをコピーしました。	Código de cuadrícula copiado.	Gitter-Code kopiert.
Grid code copied. Share it so others can import it.	盘面代码已复制。分享出去，别人就能导入。	盤のコードをコピーしました。共有すれば他の人も読み込めます。	Código de cuadrícula copiado. Compártelo para que otros lo importen.	Gitter-Code kopiert. Teile ihn, damit andere ihn importieren können.
Grid size	盘面尺寸	盤のサイズ	Tamaño de la cuadrícula	Gittergröße
Grids are packed from the bundled vocabulary with a fresh number code each game.	盘面用内置词库拼成，每局都换一套新的数字代码。	盤は内蔵の語彙で作られ、毎回新しい数字の暗号になります。	Las cuadrículas se forman con el vocabulario incluido y un código numérico nuevo en cada partida.	Die Gitter werden aus dem eingebauten Wortschatz gebaut, mit neuem Zahlencode in jedem Spiel.
Groups	组	グループ	Grupos	Gruppen
Grow the last line	画出最后一笔	最後の線を引こう	Traza la última línea	Zieh die letzte Linie
Guess	猜测	推理	Probar	Raten
Guess a five-letter word × 4 levels (7 to 5 guesses, strict reuse on Hard and Expert).	猜五字母单词 × 4 个难度（7 到 5 次机会，困难和专家要求严格沿用）。	5文字の単語を当てる × 4レベル（7〜5回、「むずかしい」と「エキスパート」は見つけた文字の再使用が必須）。	Adivina una palabra de cinco letras × 4 niveles (de 7 a 5 intentos; reutilización obligatoria en Difícil y Experto).	Ein Wort mit fünf Buchstaben erraten × 4 Stufen (7 bis 5 Versuche, strenge Wiederverwendung auf Schwer und Experte).
Guess the hidden word	猜出隐藏的单词	隠れた言葉を当てよう	Adivina la palabra oculta	Errate das versteckte Wort
Guess the hidden word one letter at a time before the drawing is finished.	在图画画完之前，一个字母一个字母地猜出隐藏的单词。	絵が完成する前に、隠れた言葉を1文字ずつ当てましょう。	Adivina la palabra oculta letra a letra antes de que se complete el dibujo.	Errate das versteckte Wort Buchstabe für Buchstabe, bevor die Zeichnung fertig ist.
Guess the word	猜出单词	言葉を当てよう	Adivina la palabra	Errate das Wort
guess {0} of {1}	第 {0}/{1} 次	{1}回中{0}回目	intento {0} de {1}	Versuch {0} von {1}
Guess {0}, no matching colors	第 {0} 次猜测，没有对上的颜色	{0}回目、当たった色はありません	Intento {0}, ningún color coincide	Versuch {0}, keine passende Farbe
Guess {0}, peg {1}, empty	第 {0} 次猜测，第 {1} 颗钉，空	{0}回目、ピン{1}、空	Intento {0}, clavija {1}, vacía	Versuch {0}, Stift {1}, leer
Guess {0}, peg {1}, {2}	第 {0} 次猜测，第 {1} 颗钉，{2}	{0}回目、ピン{1}、{2}	Intento {0}, clavija {1}, {2}	Versuch {0}, Stift {1}, {2}
Guess {0}, {1} right place, {2} wrong place	第 {0} 次猜测，{1} 个位置正确，{2} 个颜色对但位置错	{0}回目、位置が正しいもの{1}、色だけ正しいもの{2}	Intento {0}, {1} en su sitio, {2} en otro lugar	Versuch {0}, {1} am richtigen Platz, {2} am falschen Platz
guessed {0}	猜为 {0}	予想{0}	supuesta {0}	geraten {0}
Guesses have five letters.	猜测必须是五个字母。	予想は5文字です。	Los intentos tienen cinco letras.	Versuche haben fünf Buchstaben.
Guided play	引导游戏	ガイド付きプレイ	Juego guiado	Geführtes Spiel
Guided tutorials and rules for every game	每款游戏的引导教程和规则	全ゲームのガイド付きチュートリアルとルール	Tutoriales guiados y reglas de cada juego	Geführte Tutorials und Regeln für jedes Spiel
Hangman	猜词游戏	ハングマン	Ahorcado	Galgenmännchen
Hard	困难	むずかしい	Difícil	Schwer
Hard drop	直接落下	ハードドロップ	Soltar	Fallen lassen
harder words	较难的词	むずかしい言葉	palabras más difíciles	schwierigere Wörter
Having more moves available matters more than having more discs early on.	开局阶段，能下的地方多比棋子多更重要。	序盤は、石の数より置ける場所の多さが大切です。	Al principio, tener más movimientos disponibles importa más que tener más fichas.	Am Anfang zählt es mehr, viele Zugmöglichkeiten zu haben, als viele Steine.
Header	标题栏	ヘッダー	Cabecera	Kopfzeile
Heartwood	心材	心材	Duramen	Kernholz
Herbs and spices	香草和香料	ハーブとスパイス	Hierbas y especias	Kräuter und Gewürze
Here is the finished grid. Bigger boards work the same way with 3×3 or 2×3 boxes, and every square has exactly one answer.	这就是完成的盘面。更大的盘面用 3×3 或 2×3 的宫，玩法一样，每一格都只有一个答案。	これが完成した盤です。大きな盤も3×3や2×3のボックスで同じように遊べ、どのマスも答えはひとつです。	Aquí está la cuadrícula terminada. Los tableros más grandes funcionan igual con cajas de 3×3 o 2×3, y cada casilla tiene una única respuesta.	Hier ist das fertige Gitter. Größere Bretter funktionieren genauso mit 3×3- oder 2×3-Kästen, und jedes Feld hat genau eine Antwort.
Here it is	答案在这里	答えはこちら	Aquí está	Hier ist sie
Here's a word in a sentence. The uncle fixes his old coat rather than buy a new one.	这是一个用在句子里的词。叔叔修补旧外套，而不是买新的。	文の中の言葉です。おじは新しいコートを買わずに、古いコートを直しています。	Aquí hay una palabra en una frase. El tío arregla su abrigo viejo en vez de comprar uno nuevo.	Hier steht ein Wort in einem Satz. Der Onkel flickt seinen alten Mantel, statt einen neuen zu kaufen.
Hex color	十六进制颜色	16進カラー	Color hexadecimal	Hex-Farbe
Hidden animals	藏着的动物	隠れた動物	Animales ocultos	Versteckte Tiere
Hidden body parts	藏着的身体部位	隠れた体の部分	Partes del cuerpo ocultas	Versteckte Körperteile
Hidden code	隐藏的密码	隠れたコード	Código oculto	Versteckter Code
Hidden numbers	藏着的数字	隠れた数	Números ocultos	Versteckte Zahlen
Hidden word	隐藏的词	隠れた言葉	Palabra oculta	Geheimwort
Hidden word clues	藏着一个词的提示	隠れた言葉のカギ	Pistas con palabra oculta	Hinweise mit Geheimwort
Hidden word found!	找到隐藏的词了！	隠れた言葉を見つけました！	¡Palabra oculta encontrada!	Geheimwort gefunden!
Hidden words and clues come from the bundled vocabulary.	隐藏的词和提示都来自内置词库。	隠れた言葉とカギは内蔵の語彙から出題。	Las palabras ocultas y las pistas salen del vocabulario incluido.	Geheimwörter und Hinweise stammen aus dem eingebauten Wortschatz.
hidden words, anagrams and many decoys	藏词、字母重排和大量干扰项	隠れた語、アナグラム、ひっかけ多数	palabras ocultas, anagramas y muchos señuelos	versteckte Wörter, Anagramme und viele Köder
Hide licence text	隐藏许可文本	ライセンス全文を隠す	Ocultar texto de la licencia	Lizenztext ausblenden
High scores	最高纪录	ハイスコア	Récords	Bestleistungen
Highlighted squares differ between two answers. Add starting digits there, or use “Make the answer unique”.	高亮的格子在两个答案中不同。在那里加入初始数字，或使用“让答案唯一”。	光っているマスは、2つの答えでちがうマスです。そこに最初の数字を足すか、「答えをひとつにする」を使ってください。	Las casillas resaltadas cambian entre dos soluciones. Añade ahí números iniciales o usa «Haz que la solución sea única».	Die markierten Felder unterscheiden sich zwischen zwei Lösungen. Füge dort Startziffern hinzu oder nutze „Lösung eindeutig machen“.
Hint	提示	ヒント	Pista	Tipp
hint	提示	ヒント	pista	Tipp
Hint shows a pair from a route that clears the board.	提示会给出一对牌，按这条路线可以清空牌面。	ヒントは、盤を空にできる手順の中からペアをひとつ示します。	La pista muestra una pareja de un camino que vacía el tablero.	Der Tipp zeigt ein Paar aus einem Weg, der das Brett abräumt.
Hint shows one letter in its place.	提示会在正确位置显示一个字母。	ヒントで1文字が正しい位置に表示されます。	La pista muestra una letra en su sitio.	Der Tipp zeigt einen Buchstaben an seiner Stelle.
Hint shows the next logical step; Undo takes back any move.	提示会显示下一步推理；撤销可以收回任何一步。	ヒントは次の論理的な一手を示し、元に戻すでどの手も取り消せます。	La pista muestra el siguiente paso lógico; Deshacer anula cualquier movimiento.	Der Tipp zeigt den nächsten logischen Schritt; Rückgängig nimmt jeden Zug zurück.
Hint: think of "{0}".	提示：想想“{0}”。	ヒント：「{0}」を考えてみましょう。	Pista: piensa en «{0}».	Tipp: Denk an „{0}“.
Hint: {0}	提示：{0}	ヒント：{0}	Pista: {0}	Tipp: {0}
hints	提示	ヒント	pistas	Tipps
Hints	提示	ヒント	Pistas	Tipps
Hints are earned by winning	提示需通过获胜赚取	ヒントは勝って獲得	Las pistas se ganan jugando	Tipps verdienst du durch Siege
Hints are free	提示免费使用	ヒントは使い放題	Las pistas son gratis	Tipps sind frei
Hints are free and unlimited. Switch this on to earn hints by winning games instead.	提示免费且不限次数。打开此项后，需要通过获胜来赚取提示。	ヒントは無料で何回でも使えます。オンにすると、勝ってヒントを獲得する方式になります。	Las pistas son gratis e ilimitadas. Actívalo para ganarlas jugando.	Tipps sind frei und unbegrenzt. Schalte das ein, um sie stattdessen durch Siege zu verdienen.
Hit every fruit	打中每颗果子	果実を全部当てる	Da en cada fruta	Triff jede Frucht
Hitori	数壹	ひとりにしてくれ	Hitori	Hitori
Home	主页	ホーム	Inicio	Start
Home screen	主页	ホーム画面	Pantalla de inicio	Startbildschirm
How to play	玩法说明	遊び方	Cómo se juega	So wird gespielt
How to play {0}	{0}怎么玩	{0}の遊び方	Cómo se juega a {0}	So spielst du {0}
How to play: tutorial and rules	玩法：教程与规则	遊び方：チュートリアルとルール	Cómo se juega: tutorial y reglas	So wird gespielt: Tutorial und Regeln
I was right	我答对了	正解だった	Tenía razón	Ich hatte recht
If nothing fits, draw from the boneyard until a tile fits or it's empty; then you pass.	如果没有能接的，就从牌堆里摸，直到摸到能接的或者牌堆摸完；摸完就过。	出せる牌がなければ、出せる牌が来るか山がなくなるまで山から引きます。山がなくなればパスです。	Si no encaja ninguna, roba del pozo hasta que encaje una o se vacíe; entonces pasas.	Passt nichts, ziehst du aus dem Vorrat, bis ein Stein passt oder er leer ist; dann setzt du aus.
If they show the same picture, they stay face up. If not, both turn back over after a moment.	如果图案相同，它们就保持正面朝上；如果不同，过一会儿两张都会翻回去。	絵が同じなら表のまま。ちがえば、少しして2枚とも裏に戻ります。	Si muestran el mismo dibujo, se quedan boca arriba. Si no, las dos vuelven a girarse al poco.	Zeigen sie dasselbe Bild, bleiben sie offen. Sonst werden beide nach einem Moment wieder umgedreht.
If three of four were right, the game tells you, so swap one word, not all four.	如果四个里对了三个，游戏会告诉你，这时只换一个词，别四个全换。	4語中3語が正しければ教えてくれます。そのときは4語全部ではなく1語だけ入れ替えましょう。	Si tres de cuatro eran correctas, el juego te lo dice: cambia una palabra, no las cuatro.	Wenn drei von vier stimmen, sagt dir das Spiel Bescheid; tausche dann ein Wort, nicht alle vier.
If you can win in two columns at once, the other player can stop only one.	如果你同时能在两列取胜，对方只能挡住其中一列。	同時に2つの列で勝てるなら、相手は片方しか止められません。	Si puedes ganar en dos columnas a la vez, el otro jugador solo puede parar una.	Wenn du in zwei Spalten zugleich gewinnen kannst, kann der andere nur eine stoppen.
If you have no legal move, your turn is skipped automatically. The game ends when neither side can move; most discs wins.	如果你无处可下，就会自动跳过。双方都不能下时游戏结束，棋子多的一方获胜。	置ける場所がなければ、自動でパスになります。どちらも置けなくなったら終わりで、石の多い方の勝ちです。	Si no tienes movimiento válido, pasas el turno automáticamente. La partida acaba cuando nadie puede mover; gana quien tenga más fichas.	Hast du keinen gültigen Zug, wird dein Zug automatisch übersprungen. Das Spiel endet, wenn keiner mehr ziehen kann; die meisten Steine gewinnen.
If your stone lands within the pull of another stone, they snap together and you take the whole cluster back into your hand.	如果你的磁石落在另一块磁石的吸力范围内，它们会吸在一起，你要把吸在一起的整团都拿回手里。	置いた石がほかの石の引力の範囲に入ると、くっついてしまい、くっついたかたまりを全部手持ちに戻します。	Si tu piedra cae dentro de la atracción de otra, se pegan y te devuelves a la mano todo el grupo.	Landet dein Stein im Anziehungsbereich eines anderen, schnappen sie zusammen, und du nimmst den ganzen Haufen zurück auf die Hand.
Import	导入	読み込む	Importar	Importieren
Import a grid	导入盘面	盤を読み込む	Importar una cuadrícula	Gitter importieren
Import a grid code	导入盘面代码	盤のコードを読み込む	Importar un código de cuadrícula	Gitter-Code importieren
Import a theme	导入主题	テーマを読み込む	Importar un tema	Design importieren
Import a theme code	导入主题代码	テーマコードを読み込む	Importar un código de tema	Design-Code importieren
Import code	导入代码	コードを読み込む	Importar código	Code importieren
Imported grid	导入的盘面	読み込んだ盤	Cuadrícula importada	Importiertes Gitter
In A B A, the middle B stays white: shading it would leave both As white.	在 A B A 中，中间的 B 保持白色：如果把它涂黑，两个 A 就都得保持白色。	A B A の並びでは、真ん中のBは白のまま。Bを黒くすると、両方のAが白になってしまいます。	En A B A, la B del centro queda blanca: si la sombrearas, las dos A quedarían blancas.	Bei A B A bleibt das mittlere B weiß: Würdest du es schwärzen, müssten beide A weiß bleiben.
In progress	进行中	プレイ中	En curso	Laufend
In the bottom row, the middle square is bigger than the right one, so it can't be 1. Its column already has 3. Tap it.	最下面一行中间的格子比右边的大，所以不可能是 1。它所在的列已经有 3 了。点它。	いちばん下の行の真ん中のマスは右より大きいので、1ではありません。この列にはもう3があります。タップしましょう。	En la fila de abajo, la casilla central es mayor que la de la derecha, así que no puede ser 1. Su columna ya tiene un 3. Tócala.	In der untersten Zeile ist das mittlere Feld größer als das rechte, kann also nicht 1 sein. Seine Spalte hat schon eine 3. Tippe darauf.
In the game you type your answer; the judge understands your own words.	在游戏里你要输入答案；判定能理解你自己的说法。	ゲームでは答えを入力します。判定は自分の言葉でも理解してくれます。	En el juego escribes tu respuesta; el juez entiende tus propias palabras.	Im Spiel tippst du deine Antwort; die Bewertung versteht auch eigene Worte.
In the game, tap once to preview a spot (pull circles show) and tap again to place.	在游戏里，点一下预览位置（会显示吸力圈），再点一下放下。	ゲームでは、1回タップで場所を確認し（引力の円が表示されます）、もう一度タップで置きます。	En el juego, toca una vez para ver el sitio (aparecen los círculos de atracción) y otra vez para colocar.	Im Spiel tippst du einmal für eine Vorschau (die Anziehungskreise erscheinen) und noch einmal zum Legen.
In the game, you tap a grid on the map to open it full size. Tap the centre grid.	在游戏里，点总览图上的盘面就能放大打开。点中间的盘面。	ゲームでは、全体図の盤をタップすると大きく開きます。真ん中の盤をタップしましょう。	En el juego, tocas una cuadrícula del mapa para abrirla a tamaño completo. Toca la del centro.	Im Spiel tippst du auf ein Gitter in der Übersicht, um es groß zu öffnen. Tippe auf das mittlere Gitter.
In the game: tap once to shade, twice to circle a square you know stays white, three times to clear.	在游戏里：点一下涂黑，点两下给确定保持白色的格子画圈，点三下清除。	ゲームでは、1回タップで黒、2回で白のままとわかったマスに丸、3回で消えます。	En el juego: toca una vez para sombrear, dos para rodear una casilla que sabes que queda blanca y tres para borrar.	Im Spiel: einmal tippen schwärzt, zweimal kreist ein Feld ein, das sicher weiß bleibt, dreimal leert es.
In the game: tap two spots (or one spot twice for a loop), optionally tap a point to steer the line, then Draw line.	在游戏里：点两个点（画圈就点同一个点两次），可以再点一个位置来控制线的走向，然后点“画线”。	ゲームでは、2つの点をタップし（ループなら同じ点を2回）、必要なら経由点をタップして線の向きを決めてから「線を引く」を押します。	En el juego: toca dos puntos (o el mismo dos veces para un bucle), si quieres toca un punto intermedio para guiar la línea y luego pulsa Trazar línea.	Im Spiel: Tippe auf zwei Punkte (oder zweimal auf einen für eine Schleife), tippe bei Bedarf auf eine Stelle, um die Linie zu lenken, und dann auf Linie ziehen.
In the seven columns, build down in alternating colours: a red 7 on a black 8, a black 6 on that.	在七列牌中，红黑交替往下接：红 7 放在黑 8 上，再把黑 6 放在红 7 上。	7つの列では、色を交互にして小さい数字を重ねます。黒の8に赤の7、その上に黒の6です。	En las siete columnas, baja alternando colores: un 7 rojo sobre un 8 negro y un 6 negro encima.	In den sieben Spalten legst du abwärts mit wechselnden Farben an: eine rote 7 auf eine schwarze 8, darauf eine schwarze 6.
in the word	在单词里	言葉にある	está en la palabra	im Wort
in the word, wrong spot	有这个字母，位置不对	文字はあるが位置がちがう	está en la palabra, en otro sitio	im Wort, falsche Stelle
In three equal numbers in a row (A A A), the two outer ones are shaded.	一行里连续三个相同的数字（A A A），两边的两个要涂黑。	同じ数字が3つ並んでいたら（A A A）、両はしの2つを黒くぬります。	Con tres números iguales seguidos (A A A), se sombrean los dos de los extremos.	Bei drei gleichen Zahlen nebeneinander (A A A) werden die beiden äußeren geschwärzt.
Insects	昆虫	昆虫	Insectos	Insekten
Inside each grid it's normal Sudoku. This row of the centre grid is missing one digit. Tap its empty square.	每个盘面内部就是普通数独。中间盘面的这一行缺一个数字。点它的空格。	それぞれの盤の中はふつうのナンプレです。真ん中の盤のこの行には、数字がひとつ足りません。空いているマスをタップしましょう。	Dentro de cada cuadrícula es un sudoku normal. A esta fila de la cuadrícula central le falta un número. Toca su casilla vacía.	Innerhalb jedes Gitters ist es normales Sudoku. Dieser Zeile des mittleren Gitters fehlt eine Ziffer. Tippe auf ihr leeres Feld.
Instruments	乐器	楽器	Instrumentos	Instrumente
Invalid grid layout	盘面布局无效	盤のレイアウトが無効です	Diseño de cuadrícula no válido	Ungültiges Gitter-Layout
Ironwood	铁木	鉄木	Madera de hierro	Eisenholz
It has more than one answer. Add starting digits.	它有不止一个答案。请加入初始数字。	答えが2つ以上あります。最初の数字を足してください。	Tiene más de una solución. Añade números iniciales.	Es hat mehr als eine Lösung. Füge Startziffern hinzu.
In this sentence: {0}	在这个句子中：{0}	この文での意味：{0}	En esta frase: {0}	In diesem Satz: {0}
It sticks in the wood and turns with the log.	它扎进木头里，跟着圆木一起转。	木に刺さり、丸太と一緒に回ります。	Se clava en la madera y gira con el tronco.	Er steckt im Holz und dreht sich mit dem Stamm.
It will be removed from this device.	它将从此设备中删除。	この端末から削除されます。	Se eliminará de este dispositivo.	Es wird von diesem Gerät entfernt.
It's a draw	平局	引き分け	Es un empate	Unentschieden
It's a draw.	平局。	引き分けです。	Es un empate.	Unentschieden.
It's in the bottom row, third from the left.	它在最下面一行，从左数第三格。	いちばん下の行の、左から3番目です。	Está en la fila de abajo, la tercera por la izquierda.	Er liegt in der untersten Zeile, das dritte Feld von links.
It's the covered square at the right end of the second row.	就是第二行最右边那个未翻开的格子。	2行目の右はしの、閉じたマスです。	Es la casilla cubierta del extremo derecho de la segunda fila.	Es ist das verdeckte Feld am rechten Ende der zweiten Zeile.
It's the middle square.	就是中间那格。	真ん中のマスです。	Es la casilla del centro.	Es ist das mittlere Feld.
Its column is now empty: any card or run can go there.	它原来那一列现在空了：任何牌或连牌都能放进去。	もとの列が空きました。どのカードや列でも置けます。	Su columna se ha quedado vacía: ahí puede ir cualquier carta o escalera.	Ihre Spalte ist jetzt leer: Dort darf jede Karte oder Folge hin.
Its down run makes 4. If this square were 2, the square below would also need 2, which can't repeat in a run. So which digit?	它的纵向一段和为 4。如果这格是 2，下面一格也得是 2，而同一段里不能重复。那么是哪个数字？	このマスのタテの並びは合計4。もしここが2なら、下のマスも2になり、同じ並びで重なってしまいます。では、どの数字？	Su tramo vertical suma 4. Si esta casilla fuera 2, la de abajo también tendría que ser 2, y no se puede repetir en un tramo. ¿Qué número es?	Sein senkrechter Block ergibt 4. Wäre dieses Feld 2, müsste auch das darunter 2 sein, und das darf sich im Block nicht wiederholen. Welche Ziffer also?
Its partner and the gap follow.	另一格和中间的空格也就确定了。	もう1マスと間の空きも決まります。	Su pareja y el hueco quedan decididos.	Sein Partner und die Lücke folgen daraus.
Its piece has an empty square behind it, so you can jump it. Captures are compulsory. Tap your piece.	它的棋子后面有空格，所以你可以跳吃它。能吃子时必须吃。点你的棋子。	相手の駒の向こうが空いているので、飛びこえて取れます。取れるときは必ず取ります。自分の駒をタップしましょう。	Su pieza tiene una casilla vacía detrás, así que puedes saltarla. Capturar es obligatorio. Toca tu pieza.	Hinter seinem Stein ist ein Feld frei, also kannst du ihn überspringen. Schlagen ist Pflicht. Tippe auf deinen Stein.
Jigsaw	锯齿	ジグソー	Irregular	Puzzle
Join spots with lines; the last player able to move wins.	用线连接点；最后一个还能走的人获胜。	点を線でつなぎます。最後に動けた人の勝ちです。	Une puntos con líneas; gana el último que pueda mover.	Verbinde Punkte mit Linien; wer als Letzter ziehen kann, gewinnt.
Jump to the square beyond it.	跳到它后面的格子。	その向こうのマスへ飛びましょう。	Salta a la casilla de detrás.	Spring auf das Feld dahinter.
Kakuro	数和	クロスサム	Kakuro	Kakuro
Keep	保留	残す	Conservar	Behalten
Keep a variety of numbers so you can answer either end.	手里保留各种点数，这样两端都能接。	いろいろな数字を残しておくと、どちらのはしにも対応できます。	Guarda números variados para poder responder en cualquier extremo.	Behalte verschiedene Zahlen, damit du an beiden Enden antworten kannst.
Keep editing	继续编辑	編集を続ける	Seguir editando	Weiter bearbeiten
Keep going the same way. On 9×9 boards, remember that every row, column and box adds up to 45.	照这样继续做下去。在 9×9 盘面里，记住每行、每列、每宫的和都是 45。	この調子で続けましょう。9×9の盤では、どの行・列・ボックスも合計45になることを覚えておきましょう。	Sigue igual. En los tableros de 9×9, recuerda que cada fila, columna y caja suma 45.	Mach so weiter. Auf 9×9-Brettern gilt: Jede Zeile, Spalte und jeder Kasten ergibt 45.
Keep jumping with the same piece	继续用同一个棋子跳吃	同じ駒で続けて取りましょう	Sigue saltando con la misma pieza	Spring mit demselben Stein weiter
Keep playing	继续玩	続ける	Seguir jugando	Weiterspielen
Keep the screen on while the app is open	应用打开时保持屏幕常亮	アプリを開いている間は画面をつけたままにする	Mantener la pantalla encendida con la app abierta	Bildschirm anlassen, solange die App offen ist
Keep the stack flat and leave one column open for a long piece.	保持堆叠平整，留一列空着给长条。	積み方を平らに保ち、長いピース用に1列あけておきましょう。	Mantén la pila plana y deja una columna libre para una pieza larga.	Halte den Stapel flach und lass eine Spalte für ein langes Teil frei.
Keep your back row filled as long as you can to stop enemy Kings.	尽量守住你的底线，不让对方升王。	相手のキングを防ぐため、いちばん手前の列はできるだけ空けないようにしましょう。	Mantén tu fila trasera ocupada todo lo que puedas para impedir damas enemigas.	Halte deine Grundreihe so lange wie möglich besetzt, um gegnerische Damen zu verhindern.
Keep your biggest tile in a corner and build next to it.	把最大的方块放在角落，在它旁边继续拼。	いちばん大きなタイルを角に置き、そのとなりで育てましょう。	Deja tu ficha más grande en una esquina y construye a su lado.	Halte deine größte Kachel in einer Ecke und baue daneben.
Keeps its distance and crowds you	保持距离并挤压你的空间	距離をとりつつ、あなたを追いこみます	Mantiene la distancia y te arrincona	Hält Abstand und engt dich ein
Key {0}	键 {0}	キー{0}	Tecla {0}	Taste {0}
Killer	杀手	キラー	Asesino	Killer
Killer Sudoku	杀手数独	キラーナンプレ	Sudoku asesino	Killer-Sudoku
Killer Sudoku starts empty. Each dashed cage shows a total, and its digits add up to it without repeating. Rows, columns and boxes still hold each digit once.	杀手数独一开始是空的。每个虚线笼子都有一个总和，里面的数字加起来等于它且不重复。行、列和宫里每个数字仍然只出现一次。	キラーナンプレは空の盤から始まります。点線のケージには合計が書かれていて、中の数字は重ならずにその数になります。行・列・ボックスにも、それぞれの数字が1回ずつ入ります。	El sudoku asesino empieza vacío. Cada jaula de trazos muestra un total y sus números lo suman sin repetirse. Filas, columnas y cajas siguen teniendo cada número una vez.	Killer-Sudoku beginnt leer. Jeder gestrichelte Käfig zeigt eine Summe, und seine Ziffern ergeben sie ohne Wiederholung. Zeilen, Spalten und Kästen enthalten weiterhin jede Ziffer einmal.
Kings are 13 on their own. Tap the K♣.	K 单独就是 13。点 K♣。	キングは1枚で13です。K♣をタップしましょう。	Los reyes suman 13 por sí solos. Toca el K♣.	Könige ergeben allein 13. Tippe auf den K♣.
Kings are worth 13 and are removed on their own.	K 算 13，可以单独拿走。	キングは13なので、1枚だけで取りのぞけます。	Los reyes valen 13 y se retiran solos.	Könige zählen 13 und werden allein entfernt.
Kitchen things	厨房用品	台所用品	Cosas de cocina	Küchensachen
Klondike Draw 1 and Draw 3; unlimited redeals.	克朗代克翻 1 张和翻 3 张；可无限重发。	クロンダイクの1枚めくりと3枚めくり。山札は何回でも。	Klondike robando 1 o 3; vueltas ilimitadas.	Klondike mit 1 oder 3 ziehen; beliebig oft neu austeilen.
Klondike, draw 1 or 3	克朗代克，翻 1 张或 3 张	クロンダイク、1枚か3枚めくり	Klondike, de 1 o 3 cartas	Klondike, 1 oder 3 ziehen
Klondike: build foundations from Ace to King by suit. Build columns downward in alternating colors; only Kings fill empty columns. Tap a face-up card to select it and the cards below it, then a destination column or foundation. Stock draws 1 or 3; unlimited redeals. Shuffled deals are not guaranteed winnable. Hints suggest legal moves, not a proven win.	克朗代克：按花色从 A 到 K 往收牌区上叠。列中按红黑交替从大到小往下接；空列只能放 K。点一张正面朝上的牌，会选中它和它下面的牌，然后点目标列或收牌区。牌堆每次翻 1 张或 3 张，可无限重发。洗好的牌局不保证能赢。提示只会建议合法走法，并不保证能赢。	クロンダイク：組札にはスートごとにAからKまで積みます。場の列には、赤と黒を交互に数を下げて重ねます。空いた列に置けるのはKだけです。表向きのカードをタップすると、その下のカードもまとめて選べるので、置きたい列か組札をタップします。山札は1枚か3枚ずつめくり、何回でも回せます。配り方によってはクリアできないこともあります。ヒントは指せる手を示すだけで、勝ちを保証するものではありません。	Klondike: forma las bases del as al rey por palos. Baja las columnas alternando colores; solo un rey puede ocupar una columna vacía. Toca una carta boca arriba para elegirla junto con las de debajo y luego la columna o base de destino. El mazo reparte de 1 en 1 o de 3 en 3, sin límite de vueltas. No todos los repartos se pueden ganar. Las pistas sugieren jugadas válidas, no una victoria segura.	Klondike: Baue die Ablagestapel nach Farbe von Ass bis König auf. In den Spalten legst du absteigend mit wechselnden Farben an; leere Spalten bekommen nur Könige. Tippe auf eine offene Karte, um sie samt den Karten darunter zu wählen, dann auf die Zielspalte oder den Ablagestapel. Vom Stapel ziehst du 1 oder 3 Karten, beliebig oft. Nicht jedes Spiel ist gewinnbar. Tipps schlagen gültige Züge vor, keinen sicheren Sieg.
Klondike: build up by suit, down in alternating colours.	克朗代克：按花色往上叠，在牌列中红黑交替往下接。	クロンダイク：組札はマークごとに上へ、場札は色を交互に下へ重ねます。	Klondike: sube por palos y baja alternando colores.	Klondike: nach Farbe aufwärts, abwärts mit wechselnden Farben.
Kropki	黑白点	クロプキ	Kropki	Kropki
Language	语言	言語	Idioma	Sprache
Largest board; searches the ending exactly	最大的棋盘；精确计算残局	いちばん大きな盤。終盤を読み切ります	El tablero más grande; calcula el final con exactitud	Größtes Brett; berechnet das Ende genau
Last pass	最后一轮	最後の1回	Última pasada	Letzter Durchgang
Late in the game every move gives something away; give away the smallest chain.	到了后期，每一步都会送出一些方格；那就送最短的一串。	終盤はどの手でも何かを相手に渡すことになります。いちばん短い連なりを渡しましょう。	Al final de la partida, cada jugada regala algo; regala la cadena más corta.	Spät im Spiel verschenkt jeder Zug etwas; verschenke die kürzeste Kette.
Latin squares with arithmetic cages.	带算术笼的拉丁方阵。	計算ケージのあるラテン方陣。	Cuadrados latinos con jaulas aritméticas.	Lateinische Quadrate mit Rechenkäfigen.
Layout not finished	布局未完成	レイアウト未完成	Diseño sin terminar	Layout nicht fertig
Leave	离开	終わる	Salir	Verlassen
Leave without saving?	不保存就离开？	保存せずに終わりますか？	¿Salir sin guardar?	Ohne Speichern verlassen?
left	左端	左端	izquierda	links
Left	左	左	Izquierda	Links
Left end {0}	左端 {0}	左端 {0}	Extremo izquierdo {0}	Linkes Ende {0}
legal move	可走的位置	指せる場所	movimiento válido	gültiger Zug
less common words	不太常见的词	少しめずらしい言葉	palabras menos comunes	seltenere Wörter
Letter {0}	字母 {0}	文字 {0}	Letra {0}	Buchstabe {0}
letter {0}	字母 {0}	文字{0}	letra {0}	Buchstabe {0}
Letter {0} must be {1}.	第 {0} 个字母必须是 {1}。	{0}文字目は {1} にしてください。	La letra {0} debe ser {1}.	Buchstabe {0} muss {1} sein.
Letter {0}: {1}	第 {0} 个字母：{1}	{0}文字目：{1}	Letra {0}: {1}	Buchstabe {0}: {1}
Level	等级	レベル	Nivel	Stufe
Level map	关卡图	レベル選択	Mapa de niveles	Levelkarte
Level {0}	第 {0} 级	レベル {0}	Nivel {0}	Stufe {0}
Level {0} · {1} lines	第 {0} 级 · {1} 行	レベル{0} · {1}列	Nivel {0} · {1} filas	Stufe {0} · {1} Reihen
Levels	关卡	レベル	Niveles	Level
Light	浅色	ライト	Claro	Hell
LIME is a fruit too. Tap it.	LIME 也是水果。点它。	LIME も果物です。タップしましょう。	LIME también es una fruta. Tócala.	LIME ist auch Obst. Tippe darauf.
Line not drawn	未画的线	未記入の線	Línea sin trazar	Nicht gezogene Linie
Line up four of your discs across, down or diagonally to win.	把自己的四枚棋子在横向、纵向或斜向连成一线即获胜。	自分のコマを横・縦・斜めに4つ並べると勝ちです。	Alinea cuatro de tus fichas en horizontal, vertical o diagonal para ganar.	Verbinde vier eigene Scheiben waagerecht, senkrecht oder diagonal, um zu gewinnen.
Lines may not cross each other or pass through a spot.	线不能互相交叉，也不能穿过点。	線どうしが交わったり、点を通りぬけたりしてはいけません。	Las líneas no pueden cruzarse ni atravesar un punto.	Linien dürfen sich nicht kreuzen und durch keinen Punkt gehen.
Lines {0}	行数 {0}	列 {0}	Filas {0}	Reihen {0}
List	列表	リスト	Lista	Liste
Locked	未解锁	ロック中	Bloqueado	Gesperrt
Log Throw	圆木投刃	丸太投げ	Tiro al tronco	Stammwurf
Longer saying, no letters given	较长的句子，不给字母	長めのことわざ、ヒント文字なし	Frase larga, sin letras dadas	Längerer Spruch, keine Buchstaben vorgegeben
Longest sayings, no letters given	最长的句子，不给字母	いちばん長いことわざ、ヒント文字なし	Las frases más largas, sin letras dadas	Längste Sprüche, keine Buchstaben vorgegeben
Look at the cage in the bottom-left corner.	看左下角的笼子。	左下の角のケージを見ましょう。	Mira la jaula de la esquina inferior izquierda.	Schau dir den Käfig in der Ecke unten links an.
Look down the second column from the left.	看从左数第二列。	左から2番目の列を上から見てみましょう。	Mira la segunda columna empezando por la izquierda.	Schau dir die zweite Spalte von links an.
Look for a row, column or box that is missing only one or two digits.	找只缺一两个数字的行、列或宫。	数字が1つか2つだけ足りない行・列・ボックスを探しましょう。	Busca una fila, columna o caja a la que solo le falten uno o dos números.	Such eine Zeile, Spalte oder einen Kasten, dem nur noch eine oder zwei Ziffern fehlen.
Looking for answers to this grid.	正在寻找这个盘面的答案。	この盤の答えを探しています。	Buscando soluciones para esta cuadrícula.	Suche nach Lösungen für dieses Gitter.
Looks a few moves ahead	会向前看几步	数手先まで読みます	Mira unas jugadas por delante	Schaut ein paar Züge voraus
Looks for open space	会找空旷的地方	空いている場所を探します	Busca espacio libre	Sucht freien Platz
Loops can wall off spots from your opponent.	画圈可以把一些点围起来，不让对手用。	ループで点を囲いこむと、相手が使えなくなります。	Los bucles pueden aislar puntos de tu rival.	Schleifen können Punkte vor deinem Gegner abschirmen.
Lost	负	負け	Perdida	Verloren
Magnet ring with {0} stones. Tap to preview a spot, tap again to place.	圆环里有 {0} 块磁石。点一下预览位置，再点一下放下。	磁石{0}個のリング。タップで場所を確認、もう一度タップで置きます。	Anillo con {0} imanes. Toca para ver un sitio y otra vez para colocar.	Magnetring mit {0} Steinen. Tippe, um eine Stelle zu prüfen, und noch einmal, um zu legen.
Magnetic cluster	磁石堆	マグネット	Imanes	Magnetsteine
Mahjong	麻将连连看	上海（麻雀牌）	Mahjong	Mahjong
Mahjong Solitaire	麻将连连看	上海（麻雀牌）	Mahjong solitario	Mahjong-Solitär
Mahjong tile back	麻将牌背	麻雀牌の裏	Dorso de las fichas de mahjong	Rückseite der Mahjong-Steine
main diagonal	主对角线	主対角線	la diagonal principal	Hauptdiagonale
Make cage	建立笼子	ケージを作る	Crear jaula	Käfig bilden
Make cage ({0})	建立笼子（{0}）	ケージを作る（{0}）	Crear jaula ({0})	Käfig bilden ({0})
Make group ({0})	建立组（{0}）	グループを作る（{0}）	Crear grupo ({0})	Gruppe bilden ({0})
Make the answer unique	让答案唯一	答えをひとつにする	Haz que la solución sea única	Lösung eindeutig machen
Many connected layouts; exact unique-grid count not measured.	很多相连的布局；未统计不同盘面的确切数量。	つながった盤の形はたくさんあります。異なる盤の正確な数は測っていません。	Muchos diseños conectados; no se ha medido el número exacto de cuadrículas distintas.	Viele verbundene Layouts; die genaue Zahl verschiedener Gitter ist nicht gemessen.
many signs and givens	很多符号和已知数	記号と数字が多い	muchos signos y números dados	viele Zeichen und Vorgaben
Marked squares show your legal moves.	有标记的格子就是你可以下的地方。	印のついたマスが、置ける場所です。	Las casillas marcadas son tus movimientos válidos.	Markierte Felder zeigen deine gültigen Züge.
Mastermind	珠玑妙算	マスターマインド	Mastermind	Mastermind
Match free tiles	配对空闲的牌	空いた牌をそろえる	Empareja fichas libres	Freie Steine paaren
Match pairs of identical free tiles until the board is clear. Every deal has a verified clearing route.	配对相同的空闲牌，直到清空牌面。每一局都已验证可以清空。	同じ絵柄の空いている牌をペアで取って、盤を空にしましょう。どの配牌も全部取れることを確認済みです。	Empareja fichas libres iguales hasta vaciar el tablero. Cada reparto tiene una solución comprobada.	Nimm Paare gleicher freier Steine, bis das Brett leer ist. Jede Runde ist nachweislich lösbar.
Match tiles to the ends of the chain; empty your hand first.	把骨牌接到长龙的两端；先出完手牌的人赢。	列の両はしに合う牌をつなぎ、先に手札をなくしましょう。	Encaja fichas en los extremos de la cadena; vacía tu mano primero.	Lege Steine passend an die Enden der Kette; leere als Erster deine Hand.
matched	已配对	ペア成立	emparejada	gepaart
Medium	中等	ふつう	Media	Mittel
Medium saying, 1 letter given	中等长度，给出 1 个字母	中くらいのことわざ、1文字あり	Frase media, 1 letra dada	Mittlerer Spruch, 1 Buchstabe vorgegeben
Memory	记忆翻牌	神経衰弱	Parejas	Memory
Men move one square diagonally forward. Capture by jumping over an opponent's piece to the empty square beyond.	普通棋子每次向前斜走一格。跳过对方的棋子落到后面的空格上，就能吃掉它。	ふつうの駒は、ななめ前に1マス進みます。相手の駒を飛びこえて向こうの空きマスに移ると、その駒を取れます。	Los peones avanzan una casilla en diagonal. Para capturar, salta sobre una pieza rival hasta la casilla vacía de detrás.	Einfache Steine ziehen ein Feld diagonal vorwärts. Du schlägst, indem du über einen gegnerischen Stein auf das leere Feld dahinter springst.
Mending an old coat saves money.	补旧外套能省钱。	古いコートを直すとお金の節約になります。	Remendar un abrigo viejo ahorra dinero.	Einen alten Mantel zu flicken spart Geld.
Metals	金属	金属	Metales	Metalle
Minefield cleared!	雷区清除了！	地雷原をクリア！	¡Campo despejado!	Minenfeld geräumt!
Minesweeper	扫雷	マインスイーパ	Buscaminas	Minesweeper
Minimal	简约	ミニマル	Minimalista	Minimal
Missed	未答对	不正解	Fallada	Verpasst
Modes	模式	モード	Modos	Modi
More options	更多选项	その他のオプション	Más opciones	Weitere Optionen
More than one answer	不止一个答案	答えが複数	Más de una solución	Mehr als eine Lösung
more word play and decoys	更多文字游戏和干扰项	言葉遊びとひっかけが増える	más juegos de palabras y señuelos	mehr Wortspiele und Köder
Most boxes	最多方格	最多の箱	Más cajas	Meiste Kästchen
Most words solved	解出最多单词	最多正解数	Más palabras resueltas	Meiste gelöste Wörter
Move down	向下移	下へ移動	Mover abajo	Nach unten
Move into the top row.	走进最上面一行。	いちばん上の列に動かしましょう。	Muévela a la fila de arriba.	Zieh in die oberste Reihe.
Move it right.	把它往右移。	右に動かしましょう。	Muévela a la derecha.	Schieb es nach rechts.
Move left	向左移	左へ移動	Mover a la izquierda	Nach links
Move right	向右移	右へ移動	Mover a la derecha	Nach rechts
Move up	向上移	上へ移動	Mover arriba	Nach oben
Music	音乐	音楽	Música	Musik
My frugal uncle mends his old coat instead of buying a new one.	我那 frugal 的叔叔补自己的旧外套，而不是买新的。	私の frugal なおじは、新しいコートを買わずに古いコートをつくろいます。	Mi tío frugal remienda su abrigo viejo en lugar de comprar uno nuevo.	Mein frugal Onkel flickt seinen alten Mantel, statt einen neuen zu kaufen.
My theme	我的主题	マイテーマ	Mi tema	Mein Design
My {0}×{1} grid	我的 {0}×{1} 盘面	マイ {0}×{1} 盤	Mi cuadrícula {0}×{1}	Mein {0}×{1}-Gitter
Name	名字	名前	Nombre	Name
Nature	大自然	自然	Naturaleza	Natur
Navy and amber, green felt, ivory tiles and wooden boards	海军蓝与琥珀色，绿色桌布，象牙色麻将牌和木质棋盘	紺と琥珀、緑のフェルト、象牙色の牌、木の盤	Azul marino y ámbar, tapete verde, fichas de marfil y tableros de madera	Marineblau und Bernstein, grüner Filz, elfenbeinfarbene Steine und Holzbretter
New	新局	新規	Nuevo	Neu
New game	新游戏	新しいゲーム	Nueva partida	Neues Spiel
New games start	新游戏默认	新しいゲームの開始	Las partidas nuevas empiezan	Neue Spiele starten
New grid	新盘面	新しい盤	Nueva cuadrícula	Neues Gitter
New irregular regions.	已生成新的不规则区域。	新しい変形ブロックを作りました。	Nuevas regiones irregulares.	Neue unregelmäßige Regionen.
New puzzle	新谜题	新しいパズル	Nuevo puzzle	Neues Rätsel
New to {0}? Try the guided tutorial	第一次玩{0}？试试引导教程	{0}は初めて？ガイド付きチュートリアルをどうぞ	¿Nuevo en {0}? Prueba el tutorial guiado	Neu bei {0}? Probier das geführte Tutorial
Next	下一步	次へ	Siguiente	Weiter
Next clue	下一条提示	次のカギ	Pista siguiente	Nächster Hinweis
Next deal	下一局	次の配牌	Siguiente reparto	Nächste Runde
Next game	下一局	次のゲーム	Siguiente partida	Nächstes Spiel
Next guess: CHANT. Which letters are now in the right spot?	第二次猜 CHANT。现在哪些字母位置正确？	次の予想は CHANT。位置も正解の文字は？	Siguiente intento: CHANT. ¿Qué letras están ahora en su sitio?	Nächster Versuch: CHANT. Welche Buchstaben stehen jetzt richtig?
Next piece {0}	下一个方块 {0}	次のブロック {0}	Siguiente pieza {0}	Nächstes Teil {0}
Next puzzle	下一个谜题	次のパズル	Siguiente puzzle	Nächstes Rätsel
Next word	下一个词	次の言葉	Siguiente palabra	Nächstes Wort
Nicely done. In the game, tap the stock when you run out of moves.	做得好。在游戏里，没棋可走时就点牌堆。	よくできました。ゲームでは、動かせる手がなくなったら山札をタップしましょう。	Bien hecho. En el juego, toca el mazo cuando te quedes sin movimientos.	Gut gemacht. Im Spiel tippst du auf den Stapel, wenn dir die Züge ausgehen.
No answer	没有答案	答えなし	Sin solución	Keine Lösung
No answer fits every rule.	没有答案能满足所有规则。	すべてのルールに合う答えがありません。	Ninguna solución cumple todas las reglas.	Keine Lösung erfüllt alle Regeln.
No finished games yet.	还没有完成的游戏。	終わったゲームはまだありません。	Aún no has terminado ninguna partida.	Noch keine beendeten Spiele.
No forced move spotted — revealing {0} = {1}.	没有找到必然的一步——揭示 {0} = {1}。	確実な手が見つかりません。{0} = {1} を表示します。	No se ve ningún movimiento forzado: se revela {0} = {1}.	Kein zwingender Zug gefunden – {0} = {1} wird aufgedeckt.
No free pairs match. Undo a move or restart the deal.	没有可配对的空闲牌。撤销一步或重新开始本局。	取れるペアがありません。1手戻すか、配牌をやり直してください。	No hay parejas libres. Deshaz un movimiento o reinicia el reparto.	Keine freien Paare mehr. Nimm einen Zug zurück oder starte die Runde neu.
No games in progress. Games you start are saved here until you finish them.	没有进行中的游戏。你开始的游戏会保存在这里，直到完成。	プレイ中のゲームはありません。始めたゲームは終わるまでここに保存されます。	No hay partidas en curso. Las que empieces se guardan aquí hasta que las termines.	Keine laufenden Spiele. Begonnene Spiele werden hier gespeichert, bis du sie beendest.
no givens, fewest signs	没有已知数，符号最少	数字なし、記号も最少	sin números dados, mínimos signos	keine Vorgaben, kaum Zeichen
No grid puzzle yet	还没有盘面谜题	まだ盤のパズルがありません	Todavía no hay ningún puzzle	Noch kein Gitter-Rätsel
No hint available right now.	目前没有可用的提示。	今は使えるヒントがありません。	Ahora mismo no hay ninguna pista.	Gerade gibt es keinen Tipp.
No hints	未用提示	ヒントなし	Sin pistas	Ohne Tipps
No hints left	提示已用完	ヒントがありません	No te quedan pistas	Keine Tipps mehr
No legal move found. Undo or start a new game.	没有合法的走法。撤销或开始新游戏。	指せる手がありません。元に戻すか、新しいゲームを始めてください。	No hay ningún movimiento válido. Deshaz o empieza una partida nueva.	Kein gültiger Zug gefunden. Nimm zurück oder starte ein neues Spiel.
No match and boneyard empty — pass	接不上，牌堆也空了——过	出せる牌がなく山も空：パス	No encaja y el pozo está vacío: pasa	Nichts passt und der Talon ist leer – passen
No match — draw from the boneyard	接不上——从牌堆摸牌	出せる牌なし：山から引く	No encaja: roba del pozo	Nichts passt – aus dem Talon ziehen
No mistakes so far.	目前没有错误。	今のところ間違いはありません。	Por ahora no hay errores.	Bisher keine Fehler.
No more moves. Undo or start a new game.	没有更多走法了。撤销或开始新游戏。	もう手がありません。元に戻すか、新しいゲームを始めてください。	No hay más movimientos. Deshaz o empieza una partida nueva.	Keine Züge mehr. Nimm zurück oder starte ein neues Spiel.
No move was proved from the visible clues. Flags are not assumed correct; a guess may be needed.	根据可见线索无法推出安全的一步。旗子不一定正确，可能需要猜一次。	見えている手がかりからは確実な手が見つかりません。旗は正しいとはかぎりません。推測が必要かもしれません。	Con las pistas visibles no se deduce ningún movimiento. Las banderas no se dan por buenas; puede que haya que adivinar.	Aus den sichtbaren Hinweisen folgt kein sicherer Zug. Flaggen gelten nicht als sicher; vielleicht musst du raten.
No moves left.	没有可走的步了。	もう手がありません。	No quedan movimientos.	Keine Züge mehr.
No moves left. Final score {0}.	无路可走。最终得分 {0}。	もう動かせません。最終スコア {0}。	No quedan movimientos. Puntuación final: {0}.	Keine Züge mehr. Endstand: {0} Punkte.
No moves left. Undo or start a new game.	没有可走的步了。撤销或开始新游戏。	もう動かせません。元に戻すか、新しいゲームを始めてください。	No quedan movimientos. Deshaz o empieza una partida nueva.	Keine Züge mehr. Nimm zurück oder starte ein neues Spiel.
No new word there. Try another straight line.	这里没有新的单词，换一条直线试试。	そこには新しい言葉がありません。別のまっすぐな線を試してください。	Ahí no hay ninguna palabra nueva. Prueba otra línea recta.	Da ist kein neues Wort. Versuch eine andere gerade Linie.
No pairs. Turn a stock card.	没有能配对的牌，翻一张牌堆里的牌。	組めるペアがありません。山札をめくりましょう。	No hay parejas. Gira una carta del mazo.	Keine Paare. Deck eine Karte vom Stapel auf.
no piece falling	没有方块在下落	落下中のピースなし	no cae ninguna pieza	kein Teil fällt
No recycling · hardest	不能重新使用 · 最难	戻せない · いちばん難しい	Sin reciclar · lo más difícil	Kein Wiederverwenden · am schwersten
No room for that line. Try a different waypoint or spots.	那条线画不下，换个经过点或别的点试试。	その線を引くすき間がありません。別の経由点か点を選んでください。	No hay sitio para esa línea. Prueba otro punto de paso u otros puntos.	Für diese Linie ist kein Platz. Versuch einen anderen Wegpunkt oder andere Punkte.
No saved game. Start a new puzzle from the Sudoku screen.	没有存档。请从数独界面开始新谜题。	セーブデータがありません。ナンプレの画面から新しいパズルを始めてください。	No hay ninguna partida guardada. Empieza un puzzle nuevo desde la pantalla de Sudoku.	Kein Spielstand. Starte im Sudoku-Bildschirm ein neues Rätsel.
No saved grids yet.	还没有保存的盘面。	保存した盤はまだありません。	Aún no hay cuadrículas guardadas.	Noch keine gespeicherten Gitter.
No stars	没有星星	星なし	Sin estrellas	Keine Sterne
No useful move. Deal from the stock.	没有有用的走法，从牌堆发牌吧。	有効な手がありません。山札から配りましょう。	No hay ningún movimiento útil. Reparte del mazo.	Kein sinnvoller Zug. Gib vom Stapel aus.
No valid saved game found.	没有找到有效的存档。	有効なセーブデータが見つかりません。	No hay ninguna partida guardada válida.	Kein gültiger Spielstand gefunden.
No way to fill this grid follows every rule. Remove a digit or a rule.	没有任何填法能满足所有规则。请移除一个数字或一条规则。	すべてのルールを守って埋める方法がありません。数字かルールをひとつ外してください。	No hay forma de rellenar esta cuadrícula cumpliendo todas las reglas. Quita un número o una regla.	Es gibt keine Füllung, die alle Regeln erfüllt. Entferne eine Ziffer oder eine Regel.
No wins yet. Win a game and it will appear here.	还没有胜利。赢下一局后会显示在这里。	まだ勝ったゲームはありません。勝つとここに表示されます。	Aún no has ganado. Cuando ganes una partida, aparecerá aquí.	Noch keine Siege. Sobald du ein Spiel gewinnst, erscheint es hier.
No wrong letters so far.	目前没有填错的字母。	今のところまちがった文字はありません。	Por ahora no hay letras incorrectas.	Bisher keine falschen Buchstaben.
Non-consecutive	非连续	非連続	No consecutivos	Nicht aufeinanderfolgend
Nonogram {0} by {1}	{0}×{1} 数织	{0}×{1}のノノグラム	Nonograma de {0} por {1}	Nonogramm {0} mal {1}
Nonogram {0} by {1}, {2} squares filled	{0}×{1} 数织，已涂 {2} 格	{0}×{1}のノノグラム、{2}マス塗り済み	Nonograma de {0} por {1}, {2} casillas pintadas	Nonogramm {0} mal {1}, {2} Felder gefüllt
Nonograms	数织	ノノグラム	Nonogramas	Nonogramme
Normal Sudoku rules apply: each row, column and 3×3 box holds 1–9 exactly once.	普通数独的规则照样适用：每行、每列、每个 3×3 宫都恰好包含 1–9。	ふつうのナンプレのルールも使います。どの行・列・3×3のボックスにも1〜9がちょうど1回ずつ入ります。	Se aplican las reglas normales: cada fila, columna y caja de 3×3 contiene del 1 al 9 una sola vez.	Es gelten die normalen Sudoku-Regeln: Jede Zeile, Spalte und jeder 3×3-Kasten enthält 1–9 genau einmal.
North wind	北风	北	Viento del norte	Nordwind
Not a group.	不是一组。	グループではありません。	No es un grupo.	Keine Gruppe.
Not a word from the list. Try again.	这不是词表里的单词，再试一次。	リストにない言葉です。もう一度どうぞ。	No es una palabra de la lista. Inténtalo de nuevo.	Kein Wort aus der Liste. Versuch es noch einmal.
not in the word	不在单词里	単語にない	no está en la palabra	nicht im Wort
Not in the word list.	不在词表里。	単語リストにありません。	No está en la lista de palabras.	Nicht in der Wortliste.
Not playable yet	暂时不能玩	まだ遊べません	Aún no se puede jugar	Noch nicht spielbar
Not quite	不太对	ちょっとちがう	No exactamente	Nicht ganz
Not quite.	不太对。	ちょっとちがいます。	No exactamente.	Nicht ganz.
Not quite. The highlighted spot shows where to go.	不太对。高亮的位置就是答案。	ちょっと違います。光っている所が正解です。	No del todo. La zona resaltada te indica dónde.	Nicht ganz. Die markierte Stelle zeigt dir, wohin.
not selected	未选中	未選択	sin seleccionar	nicht ausgewählt
Not there: stones can't overlap or leave the ring.	不能放在那里：磁石不能重叠，也不能出圈。	そこには置けません。磁石は重ねられず、リングの外にも出せません。	Ahí no: los imanes no pueden solaparse ni salir del anillo.	Dort nicht: Steine dürfen sich nicht überlappen oder den Ring verlassen.
Notes	笔记	メモ	Notas	Notizen
Notes help to track the few pairs a cage allows.	用笔记记下一个笼子允许的几种组合会很有帮助。	メモを使うと、ケージに入る組み合わせを管理しやすくなります。	Las notas ayudan a llevar la cuenta de las pocas parejas que admite una jaula.	Notizen helfen, die wenigen möglichen Paare eines Käfigs im Blick zu behalten.
Notes on	笔记开	メモ中	Notas activas	Notizen an
notes {0}	笔记 {0}	メモ{0}	notas {0}	Notizen {0}
Notes, Check and Hint work just like in Sudoku.	笔记、检查和提示的用法和数独一样。	メモ・チェック・ヒントはナンプレと同じように使えます。	Notas, Comprobar y Pista funcionan igual que en el sudoku.	Notizen, Prüfen und Tipp funktionieren wie bei Sudoku.
noun	名词	名詞	sustantivo	Substantiv
Now a loop: tap the right spot…	现在画个圈：点右边的点……	次はループです。右の点をタップして…	Ahora un bucle: toca el punto de la derecha…	Jetzt eine Schleife: Tippe auf den rechten Punkt …
Now see a snap: place a stone right next to the computer's stone.	现在看看吸在一起的样子：把磁石放在电脑的磁石旁边。	今度はくっつく様子を見てみましょう。コンピューターの石のすぐとなりに置きます。	Ahora mira cómo se pegan: coloca una piedra justo al lado de la del ordenador.	Jetzt ein Zusammenschnappen: Leg einen Stein direkt neben den Stein des Computers.
Now tap a matching free tile.	再点一张相同的空闲牌。	同じ絵柄の空いている牌をタップしてください。	Ahora toca una ficha libre igual.	Tippe jetzt auf einen passenden freien Stein.
Now tap PEAR.	现在点 PEAR。	次は PEAR をタップ。	Ahora toca PEAR.	Tippe jetzt auf PEAR.
Now tap the empty foundation.	现在点空的基础堆。	次に、空いている組札をタップしましょう。	Ahora toca la base vacía.	Tippe jetzt auf den leeren Ablagestapel.
Now tap the last letter.	现在点最后一个字母。	次に最後の文字をタップしてください。	Ahora toca la última letra.	Tippe jetzt auf den letzten Buchstaben.
Number puzzles	数字谜题	数字パズル	Puzzles numéricos	Zahlenrätsel
Number {0}	数字 {0}	数字{0}	Número {0}	Zahl {0}
Number {0} is given.	数字 {0} 是给定的。	{0}番は最初から入っています。	El número {0} ya está dado.	Die Zahl {0} ist vorgegeben.
Number {0} · type its letter	数字 {0} · 输入它的字母	{0}番 · 文字を入力	Número {0} · escribe su letra	Zahl {0} · gib ihren Buchstaben ein
Numbers and shading vary per puzzle; each is proven to have one solution.	每道题的数字和涂黑位置都不同；每道题都已证明只有一个解。	数字と黒マスはパズルごとに変わります。どれも答えがひとつであることを確認済み。	Los números y el sombreado cambian en cada puzzle; cada uno tiene una única solución comprobada.	Zahlen und Schwärzung ändern sich je Rätsel; jedes hat nachweislich genau eine Lösung.
Numbers count the mines touching a square, including diagonally. Your first tap is always safe.	数字表示与该格相邻（包括斜向）的地雷数。第一次点击一定安全。	数字は、ななめも含めてそのマスに接する地雷の数です。最初のタップは必ず安全です。	Los números cuentan las minas que tocan una casilla, también en diagonal. Tu primer toque siempre es seguro.	Die Zahlen zählen die Minen, die ein Feld berühren, auch diagonal. Dein erster Tipp ist immer sicher.
Numbers into letters	把数字变成文字	数字を文字に	Números en letras	Aus Zahlen werden Buchstaben
Numbers show how many more line ends each spot can take (3 at the start).	数字表示每个点还能连几个线头（一开始是 3）。	数字は、それぞれの点にあといくつ線の端をつなげるかを表します（最初は3）。	Los números indican cuántos extremos de línea más admite cada punto (3 al principio).	Die Zahlen zeigen, wie viele Linienenden jeder Punkt noch aufnehmen kann (anfangs 3).
Oak	橡木	オーク	Roble	Eiche
Ocean	海洋	海	Océano	Meer
Odd/even	奇/偶	奇数/偶数	Par/impar	Gerade/ungerade
Offer tutorials on start screens	在开始界面推荐教程	開始画面でチュートリアルを案内	Ofrecer tutoriales en las pantallas de inicio	Tutorials im Startbildschirm anbieten
OK	好	OK	Vale	OK
On	开	オン	Activado	An
On a challenge log, the gap may be tiny or you may have to hit every apple.	挑战圆木的缺口可能极小，或者必须打中每一个苹果。	挑戦の丸太では、すき間がごく小さいか、リンゴを全部当てる必要があります。	En un tronco de reto, el hueco puede ser diminuto o hay que dar en cada manzana.	Bei einem Herausforderungs-Stamm kann die Lücke winzig sein, oder du musst jeden Apfel treffen.
On Easy, the code uses red, orange, yellow and green once each.	简单难度里，密码会把红、橙、黄、绿各用一次。	かんたんでは、コードは赤・オレンジ・黄・緑を1回ずつ使います。	En Fácil, el código usa rojo, naranja, amarillo y verde una vez cada uno.	Auf Leicht benutzt der Code Rot, Orange, Gelb und Grün je einmal.
On your turn, play a tile whose number matches either open end of the chain.	轮到你时，打出一张点数和长龙任一开放端相同的骨牌。	自分の番では、列のどちらかのはしと同じ数字の牌を出します。	En tu turno, juega una ficha cuyo número coincida con uno de los extremos abiertos de la cadena.	Wenn du dran bist, legst du einen Stein, dessen Zahl zu einem offenen Ende der Kette passt.
Once more to reach the gap.	再移一次就到空隙了。	もう1回で、すき間に届きます。	Una vez más para llegar al hueco.	Noch einmal, dann bist du an der Lücke.
One connection shown.	显示了一个联系。	つながりを1つ表示しました。	Se muestra una conexión.	Eine Verbindung wird angezeigt.
One letter placed.	已放入一个字母。	1文字置きました。	Se ha colocado una letra.	Ein Buchstabe wurde gesetzt.
One letter revealed.	已揭示一个字母。	1文字表示しました。	Se ha revelado una letra.	Ein Buchstabe wurde aufgedeckt.
One letter shown.	显示了一个字母。	1文字表示しました。	Se muestra una letra.	Ein Buchstabe wird angezeigt.
One move can flip several lines. Tap the top-right corner.	一步可以翻好几条线。点右上角。	1手で何列もひっくり返せます。右上の角をタップしましょう。	Un movimiento puede voltear varias líneas. Toca la esquina de arriba a la derecha.	Ein Zug kann mehrere Linien umdrehen. Tippe auf die Ecke oben rechts.
One square fixed.	已修正一格。	1マス直しました。	Se ha corregido una casilla.	Ein Feld wurde korrigiert.
One square revealed.	已揭示一格。	1マス表示しました。	Se ha revelado una casilla.	Ein Feld wurde aufgedeckt.
Only A	只有 A	A だけ	Solo la A	Nur A
Only a King (with its run) may fill an empty column.	只有 K（连同接在它下面的牌）才能放进空列。	空いた列に置けるのはキング（と、その下に続くカード）だけです。	Solo un rey (con su escalera) puede ocupar una columna vacía.	Nur ein König (mit seiner Folge) darf eine leere Spalte füllen.
Only runs of the same suit can be moved together.	只有同一花色的连续牌才能一起移动。	まとめて動かせるのは、同じマークの続きだけです。	Solo se pueden mover juntas las escaleras del mismo palo.	Nur Folgen derselben Farbe können zusammen verschoben werden.
open	已翻开	開いた	abierta	offen
Open every safe square using the number clues.	根据数字线索，翻开所有安全的格子。	数字を手がかりに、安全なマスをすべて開けましょう。	Descubre todas las casillas seguras con ayuda de los números.	Decke mithilfe der Zahlen jedes sichere Feld auf.
open gap	空着的缺口	空いたすき間	hueco libre	freie Lücke
open key peg	空心提示钉	輪郭だけのキーピン	clavija clave hueca	offener Schlüsselstift
Open Sudoku	打开数独	ナンプレを開く	Abrir Sudoku	Sudoku öffnen
open, blank	已翻开，空白	開いた、空白	descubierta, vacía	offen, leer
open, {0}	已翻开，{0}	開いた、{0}	descubierta, {0}	offen, {0}
Orange	橙色	オレンジ	Naranja	Orange
Orange peg	橙色钉	オレンジのピン	Clavija naranja	Oranger Stift
Original	原版	オリジナル	Original	Original
Original clues	原创提示	オリジナルのカギ	Pistas originales	Eigene Hinweise
Out of guesses.	次数用完了。	回数を使い切りました。	Sin intentos.	Keine Versuche mehr.
Out of lives.	命用完了。	ライフがなくなりました。	Te quedaste sin vidas.	Keine Leben mehr.
Out of lives. The threads are shown above.	命用完了。答案显示在上方。	ライフがなくなりました。答えは上に表示されています。	Te quedaste sin vidas. Los hilos se muestran arriba.	Keine Leben mehr. Die Fäden stehen oben.
Outline	描边	枠線	Contorno	Umriss
Outside clues give the sum between the 1 and the largest digit.	外面的提示是 1 与最大数字之间的数字之和。	外側のヒントは、1といちばん大きな数字の間にある数字の合計です。	Las pistas exteriores dan la suma entre el 1 y el número mayor.	Die Hinweise außen nennen die Summe zwischen der 1 und der größten Ziffer.
Paint a hidden picture from number clues.	根据数字提示涂出隐藏的图画。	数字のヒントから隠れた絵を塗り出します。	Pinta un dibujo oculto a partir de pistas numéricas.	Male ein verstecktes Bild anhand von Zahlenhinweisen.
Paint the hidden picture. The numbers beside each row and above each column give the lengths of its runs of filled squares, in order, with at least one gap between runs. Use Fill to paint and Cross to mark squares you know are empty. Drag along a row or column to paint several squares at once. Every picture can be solved by logic alone.	涂出隐藏的图画。每行旁边和每列上方的数字，按顺序表示该行（列）中连续涂色格子的长度，每段之间至少隔一格。用“涂色”来涂格子，用“打叉”标记确定是空的格子。沿一行或一列拖动可以一次涂好几格。每幅图都能只靠逻辑解开。	隠れた絵を塗り出しましょう。各行の左と各列の上の数字は、その行・列で続けて塗るマスの長さを順番に表し、かたまりの間には少なくとも1マスの空きがあります。「塗る」で塗り、「バツ」で空きとわかったマスに印をつけます。行や列に沿ってなぞると、まとめて塗れます。どの絵も論理だけで解けます。	Pinta el dibujo oculto. Los números junto a cada fila y encima de cada columna indican, en orden, las longitudes de sus tramos de casillas pintadas, con al menos un hueco entre tramos. Usa Pintar para rellenar y Tachar para marcar las casillas que sabes que están vacías. Arrastra por una fila o columna para pintar varias casillas a la vez. Todos los dibujos se resuelven solo con lógica.	Male das versteckte Bild. Die Zahlen neben jeder Zeile und über jeder Spalte geben der Reihe nach die Längen ihrer gefüllten Blöcke an, mit mindestens einer Lücke dazwischen. Mit „Füllen“ malst du, mit „Kreuz“ markierst du Felder, die sicher leer sind. Wische entlang einer Zeile oder Spalte, um mehrere Felder auf einmal zu malen. Jedes Bild lässt sich allein mit Logik lösen.
Paint the picture	涂出隐藏的图画	隠れた絵を塗る	Pinta el dibujo	Male das Bild
Paint the second square of the top row.	把第一行的第二格涂上。	いちばん上の行の2マス目を塗りましょう。	Pinta la segunda casilla de la fila de arriba.	Mal das zweite Feld der obersten Zeile.
Pair uncovered cards that add up to 13. Only the bottom row and the waste card are uncovered now.	把没被压住、加起来等于 13 的牌配对。现在只有最下面一行和弃牌没被压住。	重なっていない、合計13になるカードを組み合わせます。いま取れるのは、いちばん下の段と捨て札だけです。	Empareja cartas descubiertas que sumen 13. Ahora solo están descubiertas la fila de abajo y la carta del descarte.	Bilde Paare freier Karten, die 13 ergeben. Frei sind gerade nur die unterste Reihe und die Ablagekarte.
Pairs that make 13	凑成 13 的一对	足して13のペア	Parejas que suman 13	Paare, die 13 ergeben
Pairs totaling 13; unlimited, 3, 2 or 1 pass through the stock.	加起来是 13 的一对；牌堆可以过不限、3、2 或 1 轮。	足して13のペア。山札は無制限・3回・2回・1回。	Parejas que suman 13; pasadas por el mazo ilimitadas, 3, 2 o 1.	Paare mit der Summe 13; unbegrenzt, 3, 2 oder 1 Durchgang durch den Stapel.
Parts of the body	身体部位	体の部分	Partes del cuerpo	Körperteile
Passes through the stock	牌堆轮数	山札を回せる回数	Pasadas por el mazo	Durchgänge durch den Stapel
Paste a grid code that starts with SGG1.	粘贴以 SGG1 开头的盘面代码。	SGG1で始まる盤のコードを貼り付けてください。	Pega un código de cuadrícula que empiece por SGG1.	Füge einen Gitter-Code ein, der mit SGG1 beginnt.
Paste a theme code that starts with SGT1.	粘贴以 SGT1 开头的主题代码。	SGT1で始まるテーマコードを貼り付けてください。	Pega un código de tema que empiece por SGT1.	Füge einen Design-Code ein, der mit SGT1 beginnt.
Paste from clipboard	从剪贴板粘贴	クリップボードから貼り付け	Pegar del portapapeles	Aus Zwischenablage einfügen
Patterns and fills vary per puzzle; exact unique-board count not measured.	每道题的图案和填法都不同；未统计不同盘面的确切数量。	形と数字はパズルごとに変わります。異なる盤の正確な数は測っていません。	Los diseños y los números cambian en cada puzzle; no se ha medido el número exacto de tableros distintos.	Muster und Füllungen ändern sich je Rätsel; die genaue Zahl verschiedener Bretter ist nicht gemessen.
Pause	暂停	一時停止	Pausa	Pause
Paused	已暂停	一時停止中	En pausa	Pausiert
Pick a region colour, then tap or drag across squares to paint them. Every region needs exactly {0} squares.	选一个区域颜色，然后点或拖过格子来涂色。每个区域正好需要 {0} 格。	ブロックの色を選び、マスをタップするかなぞって塗ります。どのブロックもちょうど{0}マス必要です。	Elige el color de una región y toca o arrastra sobre las casillas para pintarlas. Cada región necesita exactamente {0} casillas.	Wähle eine Regionsfarbe und tippe oder wische über Felder, um sie zu färben. Jede Region braucht genau {0} Felder.
Pick four words.	选四个单词。	4語選んでください。	Elige cuatro palabras.	Wähle vier Wörter.
Pick squares that must all hold different digits, like Windoku windows, then make a group.	选出必须填不同数字的格子（例如 Windoku 窗口），然后建立组。	ウィンドクの窓のように、すべてちがう数字が入るマスを選んでグループにします。	Elige casillas que deban tener números distintos, como las ventanas Windoku, y crea un grupo.	Wähle Felder, die alle verschiedene Ziffern haben müssen, wie Windoku-Fenster, und bilde eine Gruppe.
Pick up where you left off	从上次停下的地方继续	中断したところから再開	Sigue donde lo dejaste	Mach dort weiter, wo du aufgehört hast
Picks spots almost at random	几乎随便挑位置	ほとんどでたらめに置きます	Elige sitios casi al azar	Wählt Stellen fast zufällig
Picture complete!	图画完成！	絵が完成しました！	¡Dibujo completo!	Bild fertig!
Pictures and layouts are shuffled per game.	每局的图案和位置都会重新洗牌。	絵と配置は毎回シャッフルされます。	Los dibujos y su colocación se barajan en cada partida.	Bilder und Anordnung werden je Spiel gemischt.
Pictures are generated per game; each can be solved line by line, so it has one answer.	每局都会生成新图画；每幅都能逐行逐列推理解出，所以只有一个答案。	絵は毎回作られます。どれも1列ずつ論理で解けるので、答えはひとつです。	Los dibujos se generan en cada partida; todos se resuelven línea a línea, así que tienen una única solución.	Die Bilder werden je Spiel erzeugt; jedes lässt sich Zeile für Zeile lösen und hat daher genau eine Lösung.
Piece order is seeded per game; there is no final level.	每局方块顺序由种子决定；没有最终关卡。	ブロックの順番は毎回決まったシードで作られます。最終レベルはありません。	El orden de las piezas depende de la semilla de cada partida; no hay nivel final.	Die Reihenfolge der Teile hängt vom Startwert ab; es gibt kein letztes Level.
Pieces of four blocks fall one at a time. Move and rotate them before they land.	由四个小块组成的方块一次落下一个。在落地前移动和旋转它们。	4つのブロックでできたピースが1つずつ落ちてきます。着地する前に動かしたり回したりしましょう。	Caen piezas de cuatro bloques de una en una. Muévelas y gíralas antes de que aterricen.	Teile aus vier Blöcken fallen einzeln herab. Verschiebe und drehe sie, bevor sie landen.
Pips left — you {0}, computer {1}	剩余点数——你 {0}，电脑 {1}	残りの目：あなた{0}、コンピューター{1}	Puntos restantes: tú {0}, ordenador {1}	Restaugen – du {0}, Computer {1}
Place a disc so that one or more straight lines (across, down or diagonal) of White discs are trapped between it and another Black disc.	落子时，要让一条或多条直线（横、竖或斜）上的白棋被夹在这枚棋子和另一枚黑棋之间。	置いた石と別の黒い石で、白い石を1列以上（たて・よこ・ななめ）はさむように置きます。	Coloca una ficha de modo que una o más líneas rectas (horizontales, verticales o diagonales) de fichas blancas queden atrapadas entre ella y otra ficha negra.	Setze einen Stein so, dass eine oder mehrere gerade Linien (waagerecht, senkrecht oder diagonal) weißer Steine zwischen ihm und einem anderen schwarzen Stein eingeschlossen sind.
Place a stone in the open space at the top right.	在右上方的空地上放一块磁石。	右上の空いた場所に石を置きましょう。	Coloca una piedra en el hueco libre de arriba a la derecha.	Leg einen Stein in den freien Bereich oben rechts.
Place digits so no row, column or box repeats one.	填入数字，让每行、每列、每宫都没有重复。	どの行・列・ボックスでも数字が重ならないように置きましょう。	Coloca números sin repetir ninguno en filas, columnas ni cajas.	Setze Ziffern so, dass sich keine in Zeile, Spalte oder Kasten wiederholt.
Place it on the 6♣.	把它放在 6♣ 上。	6♣の上に置きましょう。	Colócalo sobre el 6♣.	Leg sie auf die 6♣.
Place it on the matching end.	把它接到相同点数的那一端。	合うはしに置きましょう。	Colócala en el extremo que coincide.	Leg ihn an das passende Ende.
Place magnetic stones without letting them snap together.	放下磁石，别让它们吸在一起。	磁石をくっつかないように置きましょう。	Coloca piedras magnéticas sin que se peguen entre sí.	Lege Magnetsteine, ohne dass sie zusammenschnappen.
Place stones inside the ring. Land too close to another stone and they snap together into your hand.	在圈内放磁石。离另一块太近，它们就会吸在一起回到你手里。	リングの中に石を置きます。ほかの石に近すぎると、くっついて手持ちに戻ります。	Coloca piedras dentro del anillo. Si caes demasiado cerca de otra, se pegan y vuelven a tu mano.	Lege Steine in den Ring. Landest du zu nah an einem anderen, schnappen sie zusammen und kommen auf deine Hand.
Plan ahead: remove cards that free the most others.	提前计划：先拿能放出最多牌的牌。	先を読みましょう。いちばん多くのカードを自由にする札から取ります。	Planifica: retira primero las cartas que liberan más cartas.	Plane voraus: Entferne die Karten, die die meisten anderen freigeben.
Planets	行星	惑星	Planetas	Planeten
Plans for the endgame space	为残局留足空间	終盤の空きまで考えます	Planifica el espacio del final	Plant den Platz fürs Endspiel
PLANT, found in three guesses!	PLANT，三次就猜中了！	PLANT、3回で正解！	¡PLANT, en tres intentos!	PLANT, in drei Versuchen gefunden!
Play	开始玩	遊ぶ	Jugar	Spielen
Play 5|5 anyway	硬出 5|5	かまわず5|5を出す	Jugar 5|5 de todos modos	Trotzdem 5|5 legen
Play again	再玩一次	もう一度	Jugar otra vez	Nochmal spielen
Play again with the same settings?	用同样的设置再玩一局？	同じ設定でもう一度遊びますか？	¿Jugar otra vez con los mismos ajustes?	Mit denselben Einstellungen noch einmal spielen?
Play left ({0})	打在左端（{0}）	左に出す（{0}）	Jugar a la izquierda ({0})	Links anlegen ({0})
Play mode	游戏模式	プレイモード	Modo de juego	Spielmodus
Play now	现在就玩	さっそく遊ぶ	Jugar ahora	Jetzt spielen
Play right ({0})	打在右端（{0}）	右に出す（{0}）	Jugar a la derecha ({0})	Rechts anlegen ({0})
Play {0}	玩{0}	{0}で遊ぶ	Jugar a {0}	{0} spielen
playable	可以出	出せる	jugable	spielbar
played	游戏时长	プレイ時間	jugado	gespielt
Played	已玩	プレイ	Jugadas	Gespielt
Player	玩家	プレイヤー	Jugador	Spieler
Playful	活泼	ポップ	Divertido	Verspielt
Playing	游戏	プレイ	Juego	Spielen
Poor	贫穷	貧しい	Pobre	Arm
Prefer same-suit moves; mixed runs get stuck.	尽量走同花色的牌；花色混杂的连牌容易卡住。	できるだけ同じマークで重ねましょう。マークが混ざると動かせなくなります。	Prefiere movimientos del mismo palo; las escaleras mezcladas se atascan.	Bevorzuge Züge in derselben Farbe; gemischte Folgen bleiben stecken.
Previous clue	上一条提示	前のカギ	Pista anterior	Vorheriger Hinweis
Privacy policy	隐私政策	プライバシーポリシー	Política de privacidad	Datenschutzerklärung
Profile	个人资料	プロフィール	Perfil	Profil
Progress saved.	进度已保存。	保存しました。	Progreso guardado.	Fortschritt gespeichert.
Public-domain sayings in a letter-swap code × 4 levels.	公有领域的名言，用字母替换密码写成 × 4 个难度。	著作権の切れたことわざを文字の置きかえ暗号にしたもの × 4レベル。	Frases de dominio público en un código de letras cambiadas × 4 niveles.	Gemeinfreie Sprüche in einem Buchstabentausch-Code × 4 Stufen.
Public-domain sayings whose letters drop into columns × 4 levels.	公有领域的名言，字母落进各列 × 4 个难度。	文字が列に落ちてくる、著作権の切れたことわざ × 4レベル。	Frases de dominio público cuyas letras caen en columnas × 4 niveles.	Gemeinfreie Sprüche, deren Buchstaben in Spalten fallen × 4 Stufen.
Purple	紫色	紫	Morado	Lila
Purple peg	紫色钉	紫のピン	Clavija morada	Lila Stift
Put a digit from 1 to 9 in every white square.	在每个白格里填 1 到 9 的数字。	白いマスすべてに1〜9の数字を入れます。	Pon un número del 1 al 9 en cada casilla blanca.	Setze in jedes weiße Feld eine Ziffer von 1 bis 9.
Put the run on the 6♠.	把这串牌放到 6♠ 上。	この列を6♠の上に置きましょう。	Pon la escalera sobre el 6♠.	Leg die Folge auf die 6♠.
Puzzle collection	谜题合集	パズル集	Colección de puzzles	Rätselsammlung
Puzzle complete!	谜题完成！	パズル完成！	¡Puzzle completado!	Rätsel gelöst!
Puzzles, clues, word lists, art and tutorials are made for this app. These parts come from others, with thanks:	谜题、提示、词表、美术和教程都是为本应用制作的。以下部分来自他人，特此致谢：	パズル、ヒント、単語リスト、イラスト、チュートリアルはこのアプリのために作られています。以下は他の方々によるもので、感謝をこめて使わせていただいています。	Los puzzles, pistas, listas de palabras, dibujos y tutoriales se hicieron para esta app. Estas partes vienen de otros, con agradecimiento:	Rätsel, Hinweise, Wortlisten, Grafiken und Tutorials wurden für diese App gemacht. Diese Teile stammen von anderen, mit Dank:
Pyramid	金字塔纸牌	ピラミッド	Pirámide	Pyramide
Pyramid cleared!	金字塔清空了！	ピラミッドを崩しました！	¡Pirámide despejada!	Pyramide abgeräumt!
Pyramid Solitaire	金字塔纸牌	ピラミッドソリティア	Solitario pirámide	Pyramiden-Solitär
Quiet neutral surfaces with a single teal accent	安静的中性色，只有一抹青绿点缀	落ち着いたニュートラルな色に、青緑のアクセントをひとつだけ	Superficies neutras y tranquilas con un solo acento verde azulado	Ruhige, neutrale Flächen mit einem einzigen Petrol-Akzent
Raised surface	凸起面板	浮き上がったパネル	Superficie elevada	Erhöhte Fläche
Random jigsaw	随机锯齿	ランダムなジグソー	Irregular al azar	Zufälliges Puzzle
rare words	生僻词	めったに使わない言葉	palabras raras	seltene Wörter
Rate	胜率	率	Porcentaje	Quote
Reach the goal tile to win (512 to 8192 by level); the game ends when no move is possible. Undo takes back a move.	拼出目标方块就赢了（按难度从 512 到 8192）；无路可走时游戏结束。撤销可以收回一步。	目標のタイルを作れば勝ち（レベルにより512〜8192）。動かせなくなると終わりです。元に戻すで1手戻せます。	Consigue la ficha objetivo para ganar (de 512 a 8192 según el nivel); la partida acaba cuando no hay movimientos. Deshacer anula uno.	Erreiche die Zielkachel, um zu gewinnen (je nach Stufe 512 bis 8192); das Spiel endet, wenn kein Zug mehr geht. Rückgängig nimmt einen Zug zurück.
Reaching the far row crowns your piece. Tap it.	走到对面最后一行，你的棋子就会升王。点它。	奥の列に着くと、駒はキングになります。タップしましょう。	Si llegas a la última fila, tu pieza se corona. Tócala.	Erreicht dein Stein die hinterste Reihe, wird er gekrönt. Tippe darauf.
Read the rules	阅读规则	ルールを読む	Leer las reglas	Regeln lesen
Read the whole sentence: what the person does tells you a lot about the word.	读完整个句子：人物做了什么，能告诉你很多关于这个词的信息。	文全体を読みましょう。人の行動から、言葉の意味がよくわかります。	Lee la frase entera: lo que hace la persona dice mucho de la palabra.	Lies den ganzen Satz: Was die Person tut, verrät viel über das Wort.
Ready to play	可以开始玩	遊べます	Lista para jugar	Spielbereit
Rearrange into an animal	字母重排成动物	並べかえると動物	Reordena y sale un animal	Umgestellt ein Tier
Recycle the waste	重新使用弃牌堆	捨て札を山札に戻す	Reciclar el descarte	Ablagestapel wieder nutzen
Recycle the waste as often as you like	弃牌堆可以无限次重新使用	捨て札を何回でも戻せます	Recicla el descarte tantas veces como quieras	Den Ablagestapel beliebig oft wieder nutzen
Recycle the waste once	弃牌堆可以重新使用一次	捨て札を1回戻せます	Recicla el descarte una vez	Den Ablagestapel einmal wieder nutzen
Recycle the waste twice	弃牌堆可以重新使用两次	捨て札を2回戻せます	Recicla el descarte dos veces	Den Ablagestapel zweimal wieder nutzen
Recycle waste into stock	把弃牌放回牌堆	捨て札を山札に戻す	Devolver el descarte al mazo	Ablage zurück auf den Stapel
Red	红色	赤	Rojo	Rot
Red dragon	红中	中	Dragón rojo	Roter Drache
Red is in the first hole.	红色在第一个孔里。	赤が最初の穴に入りました。	El rojo está en el primer hueco.	Rot liegt im ersten Loch.
Red peg	红色钉	赤のピン	Clavija roja	Roter Stift
Red, blue, red, yellow matches the code. Tap yellow.	红、蓝、红、黄就是密码。点黄色。	赤、青、赤、黄がコードです。黄をタップしましょう。	Rojo, azul, rojo, amarillo es el código. Toca el amarillo.	Rot, blau, rot, gelb ist der Code. Tippe auf Gelb.
region {0}	区域 {0}	ブロック{0}	la región {0}	Region {0}
Region {0}	区域 {0}	ブロック{0}	Región {0}	Region {0}
Region {0} has {1} squares; every region needs exactly {2}	区域 {0} 有 {1} 格；每个区域必须正好 {2} 格	ブロック{0}は{1}マスです。どのブロックもちょうど{2}マス必要です	La región {0} tiene {1} casillas; cada región necesita exactamente {2}	Region {0} hat {1} Felder; jede Region braucht genau {2}
Region {0} has {1} squares; every region needs exactly {2}.	区域 {0} 有 {1} 格；每个区域正好需要 {2} 格。	ブロック{0}は{1}マスです。どのブロックもちょうど{2}マス必要です。	La región {0} tiene {1} casillas; cada región necesita exactamente {2}.	Region {0} hat {1} Felder; jede Region braucht genau {2}.
Region {0} is split into separate pieces. That's allowed, but unusual.	区域 {0} 被分成了几块。这是允许的，但不太常见。	ブロック{0}が離れた部分に分かれています。できますが、めずらしい形です。	La región {0} está dividida en trozos separados. Se permite, pero es poco habitual.	Region {0} besteht aus getrennten Teilen. Das ist erlaubt, aber ungewöhnlich.
Region {0}, {1} squares	区域 {0}，{1} 格	ブロック{0}、{1}マス	Región {0}, {1} casillas	Region {0}, {1} Felder
Regions	区域	ブロック	Regiones	Regionen
Remove cage	移除笼子	ケージを外す	Quitar jaula	Käfig entfernen
Remove group	移除组	グループを外す	Quitar grupo	Gruppe entfernen
Remove pairs of uncovered cards that add up to 13.	拿走两张没被压住、加起来等于 13 的牌。	上に何も重なっていない、合計13になる2枚を取りのぞきます。	Retira parejas de cartas descubiertas que sumen 13.	Entferne Paare freier Karten, die zusammen 13 ergeben.
Remove pairs of uncovered cards whose values add up to 13. Ace is 1, Jack 11, Queen 12.	拿走点数加起来等于 13 的两张没被压住的牌。A 算 1，J 算 11，Q 算 12。	上に何も重なっていない2枚で、合計13になるものを取りのぞきます。エースは1、ジャックは11、クイーンは12です。	Retira parejas de cartas descubiertas cuyos valores sumen 13. El as vale 1, la jota 11 y la reina 12.	Entferne Paare freier Karten, deren Werte zusammen 13 ergeben. Ass zählt 1, Bube 11, Dame 12.
Remove the tiles in matching pairs. Two tiles match when their pictures are identical.	把相同的牌成对拿走。图案完全一样的两张牌才算一对。	同じ牌をペアで取ります。絵がまったく同じ2枚がペアです。	Retira las fichas por parejas iguales. Dos fichas forman pareja cuando su dibujo es idéntico.	Entferne die Steine in passenden Paaren. Zwei Steine passen, wenn ihre Bilder gleich sind.
Rename	重命名	名前を変更	Cambiar nombre	Umbenennen
Replay the tutorial	重看教程	チュートリアルをもう一度	Repetir el tutorial	Tutorial wiederholen
Reset	重置	リセット	Restablecer	Zurücksetzen
Restart	重来	やり直し	Reiniciar	Neu beginnen
Restart deal	重新开始本局	配牌をやり直す	Reiniciar reparto	Runde neu starten
Restart this deal?	重新开始本局？	この配牌をやり直しますか？	¿Reiniciar este reparto?	Diese Runde neu starten?
Restart this game?	重新开始这局？	このゲームをやり直しますか？	¿Reiniciar esta partida?	Dieses Spiel neu starten?
Resume	继续	再開	Reanudar	Fortsetzen
Resume computer	继续电脑	コンピューター再開	Reanudar ordenador	Computer fortsetzen
Reveal	翻开	開く	Descubrir	Aufdecken
Reveal every safe square. Numbers count mines in the eight surrounding squares. Use Flag mode to mark suspects; tap an open number in Reveal mode to open its unflagged neighbors when the flag count matches. Wrong flags can make this dangerous. The opening and its neighbors are safe. Hints use visible clues only; later guesses may be necessary.	翻开所有安全的格子。数字表示周围八格里有几个雷。用插旗模式标记可疑的格子；在翻开模式下点一个已翻开的数字，旗数对上时会翻开它周围没插旗的格子。插错旗会很危险。第一格和它周围一定是安全的。提示只根据看得见的线索；之后可能需要猜。	安全なマスをすべて開きましょう。数字は、周りの8マスにある地雷の数です。旗モードであやしいマスに印をつけます。開くモードで開いた数字をタップすると、旗の数が合っていれば、旗のない周りのマスが開きます。旗がまちがっていると危険です。最初のマスとその周りは安全です。ヒントは見えている手がかりだけを使うので、あとで推測が必要になることもあります。	Descubre todas las casillas seguras. Los números cuentan las minas de las ocho casillas de alrededor. Usa el modo bandera para marcar sospechosas; en modo descubrir, toca un número abierto para abrir sus vecinas sin bandera cuando coincida el número de banderas. Las banderas equivocadas pueden ser peligrosas. La primera casilla y sus vecinas son seguras. Las pistas solo usan lo visible; más adelante quizá haya que adivinar.	Deck alle sicheren Felder auf. Zahlen zählen die Minen in den acht Feldern ringsum. Markiere Verdächtiges im Flaggen-Modus; tippst du im Aufdeck-Modus auf eine offene Zahl, öffnen sich ihre Nachbarn ohne Flagge, wenn die Anzahl der Flaggen stimmt. Falsche Flaggen machen das gefährlich. Das erste Feld und seine Nachbarn sind sicher. Tipps nutzen nur sichtbare Hinweise; später musst du vielleicht raten.
Reveal letter	揭示字母	文字を表示	Revelar letra	Buchstabe zeigen
Reveal mode: tap to open. Tap a number to open its unflagged neighbors.	翻开模式：点一下翻开。点一个数字可以翻开它周围没插旗的格子。	開くモード：タップで開きます。数字をタップすると、旗のない周りのマスが開きます。	Modo descubrir: toca para abrir. Toca un número para abrir sus vecinas sin bandera.	Aufdeck-Modus: Tippe zum Öffnen. Tippe auf eine Zahl, um ihre Nachbarn ohne Flagge zu öffnen.
Reversal	忽然换向	急反転	Cambio de giro	Richtungswechsel
Reverse	反向	逆回転	Inverso	Rückwärts
Reversi	黑白棋	リバーシ	Reversi	Reversi
right	右端	右端	derecha	rechts
Right	右	右	Derecha	Rechts
right and down	向右和向下	右と下	a la derecha y hacia abajo	nach rechts und unten
Right end {0}	右端 {0}	右端 {0}	Extremo derecho {0}	Rechtes Ende {0}
Right place	位置正确	正しい位置	Lugar correcto	Richtiger Platz
right spot	位置正确	位置も正解	en su sitio	richtige Stelle
Right ▶	右 ▶	右 ▶	Derecha ▶	Rechts ▶
Right!	答对了！	正解！	¡Correcto!	Richtig!
Right! Careful not to waste money.	对了！小心不浪费钱。	正解！お金をむだにしないよう気をつけることです。	¡Correcto! Cuida de no malgastar el dinero.	Richtig! Achtet darauf, kein Geld zu verschwenden.
Right! Frugal people avoid waste.	对了！frugal 的人不喜欢浪费。	正解！frugal な人はむだを避けます。	¡Correcto! Las personas frugales evitan el derroche.	Richtig! Sparsame Menschen vermeiden Verschwendung.
right, down and down-right diagonals	向右、向下和右下斜向	右・下・右下ななめ	a la derecha, hacia abajo y en diagonal	nach rechts, unten und schräg nach unten rechts
Right, so the square beside it is 3.	对，所以它旁边的格子是 3。	正解。すると、となりのマスは3です。	Correcto, así que la casilla de al lado es 3.	Richtig, also ist das Feld daneben 3.
Right.	对。	正解。	Correcto.	Richtig.
Right: 1 here and 3 below it makes 4.	对：这里填 1，下面填 3，加起来是 4。	正解。ここが1で、下が3なら4です。	Correcto: 1 aquí y 3 debajo suman 4.	Richtig: 1 hier und 3 darunter ergibt 4.
Right: 2 + 2 would repeat a digit, and 1 + 4 makes 5. Both squares get notes 1 and 3.	对：2 + 2 数字重复了，1 + 4 等于 5。两个格子都记上笔记 1 和 3。	正解。2＋2は数字が重なり、1＋4は5になります。2つのマスにメモ1と3を書きます。	Correcto: 2 + 2 repetiría un número y 1 + 4 suma 5. Las dos casillas reciben las notas 1 y 3.	Richtig: 2 + 2 würde eine Ziffer wiederholen, und 1 + 4 ergibt 5. Beide Felder bekommen die Notizen 1 und 3.
Right: 4 completes the row.	对了：4 让这一行完整了。	正解！4でこの行がそろいました。	Correcto: el 4 completa la fila.	Richtig: Die 4 vervollständigt die Zeile.
Right: you draw until a tile fits (or pass when the boneyard is empty). The game does this for you.	对：你要一直摸，直到有能接的牌（牌堆摸完就过）。游戏会自动帮你做。	正解。出せる牌が来るまで引きます（山がなくなったらパス）。ゲームが自動でやってくれます。	Correcto: robas hasta que encaje una ficha (o pasas si el pozo está vacío). El juego lo hace por ti.	Richtig: Du ziehst, bis ein Stein passt (oder setzt aus, wenn der Vorrat leer ist). Das Spiel erledigt das für dich.
Ringed	密纹	年輪	Anillado	Jahresringe
Rotate	旋转	回転	Girar	Drehen
Round complete: {0} of {1} points.	本轮结束：{0}/{1} 分。	ラウンド終了：{1}点中{0}点。	Ronda terminada: {0} de {1} puntos.	Runde vorbei: {0} von {1} Punkten.
Round complete: {0} of {1} solved.	本轮结束：解出 {0}/{1}。	ラウンド終了：{1}語中{0}語正解。	Ronda terminada: {0} de {1} resueltas.	Runde vorbei: {0} von {1} gelöst.
round log	圆木	丸い丸太	tronco redondo	runder Stamm
Rounds of 8 jumbled words; word length grows by level.	每轮 8 个打乱的单词；难度越高单词越长。	1ラウンド8語。レベルが上がると言葉が長くなります。	Rondas de 8 palabras revueltas; la longitud crece con el nivel.	Runden mit 8 Buchstabensalaten; mit der Stufe werden die Wörter länger.
Row 2 says 5, so every square in it is filled. Tap it to paint the row (in the game you can drag across it).	第 2 行是 5，所以整行都要涂色。点它来涂这一行（在游戏里可以直接拖过去）。	2行目は「5」なので、すべてのマスを塗ります。タップして行を塗りましょう（ゲームではなぞっても塗れます）。	La fila 2 dice 5, así que todas sus casillas están pintadas. Tócala para pintar la fila (en el juego puedes arrastrar).	Zeile 2 sagt 5, also ist jedes Feld darin gefüllt. Tippe darauf, um die Zeile zu malen (im Spiel kannst du darüber wischen).
Row 3 is also 5. Paint it too.	第 3 行也是 5。也把它涂满。	3行目も「5」です。これも塗りましょう。	La fila 3 también es 5. Píntala también.	Zeile 3 ist ebenfalls 5. Mal sie auch.
Row 3 reads 3 4 1 4. The 1 sits between two 4s: if it were shaded, both 4s would have to stay white. Circle the 1.	第 3 行是 3 4 1 4。1 夹在两个 4 中间：如果把它涂黑，两个 4 就都得保持白色。给 1 画圈。	3行目は 3 4 1 4。1は2つの4の間にあります。1を黒くすると、両方の4が白になってしまいます。1に丸をつけましょう。	La fila 3 es 3 4 1 4. El 1 está entre dos 4: si lo sombrearas, los dos 4 tendrían que quedar blancos. Rodea el 1.	Zeile 3 lautet 3 4 1 4. Die 1 steht zwischen zwei 4en: Würdest du sie schwärzen, müssten beide 4en weiß bleiben. Kreise die 1 ein.
row {0}	第 {0} 行	{0}行	la fila {0}	Zeile {0}
Row {0}	第 {0} 行	{0}行目	Fila {0}	Zeile {0}
row {0}, column {1}	第 {0} 行第 {1} 列	{0}行{1}列	fila {0}, columna {1}	Zeile {0}, Spalte {1}
Row {0}, column {1}	第 {0} 行，第 {1} 列	{0}行{1}列	Fila {0}, columna {1}	Zeile {0}, Spalte {1}
row {0}, column {1} to row {2}, column {3}	从第 {0} 行第 {1} 列到第 {2} 行第 {3} 列	{0}行{1}列から{2}行{3}列へ	de fila {0}, columna {1} a fila {2}, columna {3}	von Zeile {0}, Spalte {1} nach Zeile {2}, Spalte {3}
Row {0}, column {1}, {2}	第 {0} 行，第 {1} 列，{2}	{0}行{1}列、{2}	Fila {0}, columna {1}, {2}	Zeile {0}, Spalte {1}, {2}
Row {0}, column {1}: {2}.	第 {0} 行，第 {1} 列：{2}。	{0}行{1}列：{2}。	Fila {0}, columna {1}: {2}.	Zeile {0}, Spalte {1}: {2}.
Rows 4 and 5 finish the same way, and the heart appears. In the game, finished rows and columns grey out their clues.	第 4、5 行也照样完成，一颗心就出现了。在游戏里，完成的行和列的提示会变成灰色。	4行目と5行目も同じように仕上げると、ハートが現れます。ゲームでは、完成した行・列のヒントは灰色になります。	Las filas 4 y 5 se completan igual y aparece el corazón. En el juego, las filas y columnas terminadas atenúan sus pistas.	Zeile 4 und 5 werden genauso fertig, und das Herz erscheint. Im Spiel werden die Hinweise fertiger Zeilen und Spalten grau.
Rows and columns don't continue from one grid into another; only the shared boxes link them.	行和列不会从一个盘面延续到另一个；只有共享的宫把它们连起来。	行や列が別の盤に続くことはありません。盤どうしをつなぐのは共有のボックスだけです。	Las filas y columnas no pasan de una cuadrícula a otra; solo las cajas compartidas las unen.	Zeilen und Spalten setzen sich nicht von einem Gitter ins andere fort; nur die gemeinsamen Kästen verbinden sie.
Rows and columns finish the rest. Every sign is satisfied.	剩下的交给行和列就能完成。所有符号都成立。	残りは行と列から決まります。記号はすべて成り立っています。	Filas y columnas completan el resto. Se cumplen todos los signos.	Zeilen und Spalten erledigen den Rest. Jedes Zeichen stimmt.
rule variants	种规则变体	ルールの種類	variantes de reglas	Regelvarianten
Rules	规则	ルール	Reglas	Regeln
Runs are separated by at least one empty square. A clue of 0 means the whole line is empty.	每段之间至少隔一个空格。提示为 0 表示整行（列）都是空的。	かたまりの間には少なくとも1マスの空きがあります。0はその列がすべて空きという意味です。	Los tramos están separados por al menos una casilla vacía. Una pista de 0 significa que toda la línea está vacía.	Blöcke sind durch mindestens ein leeres Feld getrennt. Ein Hinweis 0 bedeutet, die ganze Linie ist leer.
Runs the on-device model	运行设备端模型	端末内のモデルを動かします	Ejecuta el modelo del dispositivo	Führt das Modell auf dem Gerät aus
Safe hint	安全提示	安全なヒント	Pista segura	Sicherer Tipp
Safe spot. Tap it again to place your stone.	安全位置。再点一下放下你的磁石。	安全な場所です。もう一度タップして置きましょう。	Sitio seguro. Tócalo otra vez para colocar tu imán.	Sichere Stelle. Tippe noch einmal, um deinen Stein zu legen.
Safe: every box has at most two sides, so the computer must give something away.	安全：每个方格最多只有两条边，所以电脑不得不送出一些方格。	安全です。どの箱も辺は2本まで。今度はコンピューターが何かを渡す番です。	Segura: ninguna caja tiene más de dos lados, así que el ordenador tendrá que regalarte algo.	Sicher: Jedes Kästchen hat höchstens zwei Seiten, also muss der Computer etwas verschenken.
Safe: one stone fewer in your hand.	安全：手里少了一块。	安全です。手持ちが1個減りました。	Segura: una piedra menos en tu mano.	Sicher: ein Stein weniger auf der Hand.
Samurai map. Showing grid: {0}. Tap a grid to zoom in.	武士数独总览。当前盘面：{0}。点一个盘面放大。	サムライナンプレの全体図。表示中の盤：{0}。盤をタップすると拡大します。	Mapa del samurái. Cuadrícula mostrada: {0}. Toca una cuadrícula para ampliarla.	Samurai-Übersicht. Gezeigtes Gitter: {0}. Tippe auf ein Gitter, um es zu vergrößern.
Samurai Sudoku	武士数独	サムライナンプレ	Sudoku samurái	Samurai-Sudoku
Sandwich	三明治	サンドイッチ	Sándwich	Sandwich
Save	保存	保存	Guardar	Speichern
Save and use theme	保存并使用主题	保存して使う	Guardar y usar el tema	Speichern und verwenden
Save changes	保存更改	変更を保存	Guardar cambios	Änderungen speichern
Save grid	保存盘面	盤を保存	Guardar cuadrícula	Gitter speichern
Save now	立即保存	今すぐ保存	Guardar ahora	Jetzt speichern
Save theme	保存主题	テーマを保存	Guardar tema	Design speichern
Saved as a draft. It can't be played or shared until it has exactly one answer.	已存为草稿。只有当它恰好有一个答案时，才能玩或分享。	下書きとして保存しました。答えがちょうどひとつになるまで、遊んだり共有したりできません。	Guardada como borrador. No se puede jugar ni compartir hasta que tenga una única solución.	Als Entwurf gespeichert. Spielen und Teilen geht erst, wenn es genau eine Lösung hat.
Saved. It's ready to play and share.	已保存，可以玩也可以分享了。	保存しました。遊ぶことも共有することもできます。	Guardada. Ya se puede jugar y compartir.	Gespeichert. Es ist bereit zum Spielen und Teilen.
Say the pictures to yourself; it helps you remember them.	在心里念出图案的名字，有助于记住它们。	絵の名前を心の中で言ってみると、覚えやすくなります。	Di los dibujos para ti; te ayudará a recordarlos.	Sag dir die Bilder im Kopf vor; das hilft beim Merken.
Say the words out loud with BALL, FISH or HOUSE after them.	试着在单词后面加上 BALL、FISH 或 HOUSE 念出来。	語のあとに BALL、FISH、HOUSE をつけて声に出してみましょう。	Di las palabras en voz alta con BALL, FISH o HOUSE detrás.	Sprich die Wörter laut mit BALL, FISH oder HOUSE dahinter.
Say what it means	说出它的意思	意味を答えよう	Di qué significa	Sag, was es bedeutet
Say what the word is like, not just an example of it.	说出这个词是什么样的，而不只是举个例子。	例をあげるだけでなく、どういう意味かを答えましょう。	Di cómo es la palabra, no solo un ejemplo.	Beschreib, was das Wort ausmacht, nicht nur ein Beispiel.
Science	科学	科学	Ciencia	Wissenschaft
Score {0}	得分 {0}	スコア {0}	Puntos {0}	Punkte {0}
Score {0} of {1}	得分 {0}/{1}	{1}点中{0}点	{0} de {1} puntos	{0} von {1} Punkten
Search limit reached. Solvability is still unknown; try Undo or another pair.	搜索已达上限，尚不确定能否清空；可以撤销或试试别的牌对。	探索の上限に達しました。解けるかどうかはまだ不明です。元に戻すか、別のペアを試してください。	Se alcanzó el límite de búsqueda. Aún no se sabe si tiene solución; prueba a deshacer o elige otra pareja.	Suchgrenze erreicht. Ob es lösbar ist, bleibt offen; versuch Rückgängig oder ein anderes Paar.
Searches deeper for the best column	搜索得更深，选出最好的一列	より深く読んで最良の列を選びます	Busca más a fondo la mejor columna	Sucht tiefer nach der besten Spalte
Searching for a route to clear the board…	正在寻找清空牌面的路线…	盤を全部取れる手順を探しています…	Buscando una forma de vaciar el tablero…	Suche nach einem Weg, das Brett zu leeren …
Secondary text	次要文字	補足の文字	Texto secundario	Zweittext
Secret code	密码	秘密のコード	Código secreto	Geheimer Code
Secret code, peg {0}, {1}	密码，第 {0} 颗钉，{1}	秘密のコード、ピン{0}、{1}	Código secreto, clavija {0}, {1}	Geheimer Code, Stift {0}, {1}
Secrets are seeded. Easy is a permutation of four colors; Expert is any classic code.	密码由种子决定。简单是四种颜色的一种排列；专家可以是任何经典密码。	コードはシードから決まります。かんたんは4色の並べかえ、エキスパートはクラシックのどのコードでもあり得ます。	Los códigos salen de una semilla. Fácil es una permutación de cuatro colores; Experto es cualquier código clásico.	Codes kommen aus einem Startwert. Leicht ist eine Anordnung von vier Farben; Experte ist jeder klassische Code.
See results	查看结果	結果を見る	Ver resultados	Ergebnis ansehen
Select a tile, then Left or Right to choose the end.	选一张骨牌，再选“左”或“右”决定接在哪一端。	牌を選んでから、「左」か「右」ではしを選びます。	Elige una ficha y luego Izquierda o Derecha para decidir el extremo.	Wähle einen Stein und dann Links oder Rechts für das Ende.
Select cell	选择格子	マスを選ぶ	Elegir casilla	Feld wählen
Selected	已选中	選択中	Seleccionado	Ausgewählt
selected	已选中	選択中	seleccionada	ausgewählt
selected answer	已选中的答案	選択中の答え	respuesta seleccionada	ausgewählte Antwort
selected start	已选中的起点	選択中の始点	inicio seleccionado	ausgewählter Anfang
Selected. Now choose its digit.	已选中。现在选择数字。	選びました。次は数字を選びます。	Seleccionada. Ahora elige su número.	Ausgewählt. Wähle jetzt die Ziffer.
Selection	选中	選択	Selección	Auswahl
setting combos	种设置组合	設定の組み合わせ	combinaciones de ajustes	Einstellungs-Kombinationen
Settings	设置	設定	Ajustes	Einstellungen
Shade repeated numbers without cutting the grid apart.	涂掉重复的数字，但不能把盘面切断。	重なる数字を黒くぬります。ただし盤を分断しないように。	Sombrea los números repetidos sin partir la cuadrícula.	Schwärze doppelte Zahlen, ohne das Gitter zu zerteilen.
Shade squares so no number appears more than once in any row or column among the unshaded squares.	把格子涂黑，使每一行和每一列中没涂黑的格子里，每个数字最多出现一次。	ぬられていないマスの中で、どの行・列にも同じ数字が2回以上出ないように、マスを黒くぬります。	Sombrea casillas para que, entre las no sombreadas, ningún número aparezca más de una vez en una fila o columna.	Schwärze Felder so, dass unter den weißen Feldern keine Zahl mehr als einmal in einer Zeile oder Spalte vorkommt.
Shade squares so no number repeats in a row or column, shaded squares never touch side by side, and the white squares stay connected.	把格子涂黑，使行和列中没有重复的数字，涂黑的格子不上下左右相邻，白格保持相连。	行・列で数字が重ならないように黒くぬります。黒マスはたて・よこにとなり合わず、白いマスはひとつながりのままです。	Sombrea casillas para que ningún número se repita en filas ni columnas, las sombreadas no se toquen por los lados y las blancas sigan unidas.	Schwärze Felder so, dass sich keine Zahl in Zeile oder Spalte wiederholt, schwarze Felder sich nie seitlich berühren und die weißen zusammenhängen.
Shade squares so that no number appears twice in any row or column among the unshaded squares. Shaded squares may not touch side by side, and all unshaded squares must stay connected in one area. Tap a square to shade it, tap again to circle it (a reminder that it stays white), and once more to clear it. Every puzzle has one answer.	给格子涂黑，让每一行和每一列中没涂黑的格子里没有重复的数字。涂黑的格子不能左右或上下相邻，所有没涂黑的格子必须连成一片。点一下涂黑，再点一下画圈（提醒它保持白色），第三下清除。每道题只有一个答案。	マスを黒くぬって、どの行・列でも、ぬられていないマスに同じ数字が2回出ないようにします。黒マスはたて・よこにとなり合ってはいけません。白いマスはすべてひとつながりでなければなりません。タップで黒、もう一度で丸（白のままの目印）、さらにもう一度で消えます。どの問題も答えはひとつです。	Sombrea casillas para que ningún número se repita en una fila o columna entre las casillas sin sombrear. Las casillas sombreadas no pueden tocarse por los lados, y todas las casillas blancas deben quedar unidas en una sola zona. Toca una casilla para sombrearla, otra vez para rodearla (recordatorio de que queda blanca) y otra más para borrarla. Cada puzzle tiene una única solución.	Schwärze Felder so, dass unter den weißen Feldern keine Zahl in einer Zeile oder Spalte doppelt vorkommt. Schwarze Felder dürfen nicht seitlich aneinanderstoßen, und alle weißen Felder müssen zusammenhängen. Einmal tippen schwärzt, noch einmal kreist ein (Merker: bleibt weiß), ein drittes Mal leert. Jedes Rätsel hat genau eine Lösung.
Shade the other outer 2.	把另一边的 2 也涂黑。	反対側の2も黒くしましょう。	Sombrea el otro 2 del extremo.	Schwärze die andere äußere 2.
Shade the repeats	涂掉重复的数字	重なる数字を塗る	Sombrea las repeticiones	Schwärze die Doppelten
shaded	已涂黑	黒	sombreada	geschwärzt
Shaded groups hold different digits.	带底色的组里数字互不相同。	色のついたグループには、ちがう数字が入ります。	Los grupos sombreados tienen números distintos.	Schattierte Gruppen enthalten verschiedene Ziffern.
Shaded square	涂黑的格子	ぬられたマス	Casilla sombreada	Geschwärztes Feld
Shaded squares may not touch each other side by side (touching at corners is fine).	涂黑的格子不能上下左右相邻（斜着相碰没关系）。	黒マスどうしは、たて・よこにとなり合ってはいけません（角で接するのはOK）。	Las casillas sombreadas no pueden tocarse por los lados (por las esquinas sí).	Schwarze Felder dürfen sich nicht seitlich berühren (an den Ecken ist erlaubt).
Shape and layout	形状与布局	形とレイアウト	Forma y diseño	Form und Layout
Shapes	形状	形	Formas	Formen
Share	分享	共有	Compartir	Teilen
Shared corner box	共享的角宫	共有する角のボックス	Caja de esquina compartida	Gemeinsamer Eckkasten
Shared corner boxes are the key: a digit found in one grid often unlocks its neighbour.	关键在共享的角宫：在一个盘面找到的数字，常常能帮你解开相邻的盘面。	カギは共有する角のボックスです。ひとつの盤で見つけた数字が、となりの盤を解く手がかりになります。	Las cajas compartidas son la clave: un número hallado en una cuadrícula suele desbloquear la vecina.	Die gemeinsamen Eckkästen sind der Schlüssel: Eine Ziffer aus einem Gitter hilft oft beim Nachbarn weiter.
Short answers are fine. "Careful with money" is as good as a long definition.	简短的回答也可以。“花钱谨慎”和长长的定义一样好。	短い答えでもOK。「お金に慎重」でも長い定義と同じくらい良い答えです。	Las respuestas cortas valen. «Cuidadoso con el dinero» es tan bueno como una definición larga.	Kurze Antworten sind in Ordnung. „Vorsichtig mit Geld“ ist so gut wie eine lange Definition.
Short saying, 3 letters given	短句，给出 3 个字母	短いことわざ、3文字あり	Frase corta, 3 letras dadas	Kurzer Spruch, 3 Buchstaben vorgegeben
Show	显示	表示	Mostrar	Anzeigen
Show a start	显示开头	始まりを表示	Mostrar un inicio	Anfang zeigen
Show licence text	显示许可文本	ライセンス全文を表示	Mostrar texto de la licencia	Lizenztext anzeigen
Show me	给我看看	見本を見る	Muéstramelo	Zeig es mir
Show meaning	显示意思	意味を見る	Ver significado	Bedeutung zeigen
Show meaning skips a word you don't know, so you still learn it.	“显示意思”可以跳过不认识的词，你也能学到它。	「意味を見る」で知らない言葉をとばせます。それでも意味は覚えられます。	Ver significado salta una palabra que no conoces, así igualmente la aprendes.	Bedeutung zeigen überspringt ein Wort, das du nicht kennst, damit du es trotzdem lernst.
Show the timer while playing	游戏时显示计时器	プレイ中にタイマーを表示	Mostrar el cronómetro al jugar	Timer beim Spielen anzeigen
showing	正在显示	表示中	mostrada	angezeigt
Shuffle	打乱	まぜる	Mezclar	Mischen
Shuffled two-deck deals; winnability is not guaranteed.	两副牌洗好发牌；不保证能赢。	2組をシャッフルして配ります。クリアできるとはかぎりません。	Repartos barajados con dos barajas; no se garantiza que se pueda ganar.	Gemischte Doppelspiele; ein Sieg ist nicht garantiert.
Side-by-side squares can't hold consecutive digits.	左右或上下相邻的格子不能是连续的数字。	たて・よこにとなり合うマスには、連続した数字が入りません。	Las casillas contiguas no pueden tener números consecutivos.	Nebeneinanderliegende Felder dürfen keine aufeinanderfolgenden Ziffern haben.
Sign layouts vary per puzzle; each is proven to have one solution.	每道题的符号布局都不同；每道题都已证明只有一个解。	記号の配置はパズルごとに変わります。どれも答えがひとつであることを確認済み。	La disposición de los signos cambia en cada puzzle; cada uno tiene una única solución comprobada.	Die Zeichen verteilen sich je Rätsel anders; jedes hat nachweislich genau eine Lösung.
Single-square cages give their digit straight away.	只有一格的笼子直接就给出了数字。	1マスだけのケージは、すぐに数字がわかります。	Las jaulas de una casilla dan su número directamente.	Käfige mit nur einem Feld verraten ihre Ziffer sofort.
Six tiles hide three pairs of Mahjong pictures.	六张牌下面藏着三对麻将图案。	6枚の牌に、麻雀牌の絵が3ペア隠れています。	Seis fichas esconden tres parejas de dibujos de Mahjong.	Sechs Steine verbergen drei Paare von Mahjong-Bildern.
Sixteen words hide four groups of four. Select four words that share something and tap Submit. A right group locks in and shows what links it; a wrong one costs a life. Groups can be categories, words that join another word (___BALL), hidden words or anagrams. Some words seem to fit two groups, but only one way works for all sixteen.	十六个单词里藏着四组，每组四个。选出有共同点的四个单词，点“提交”。选对了，这组会锁定并显示它们的联系；选错了扣一条命。分组可以是类别、能和另一个词组成新词的词（___BALL）、藏着的词或字母重排词。有些词看起来能归入两组，但只有一种分法能让十六个词都各得其所。	16語の中に4語ずつのグループが4つ隠れています。共通点のある4語を選んで「決定」をタップ。正しければグループが確定してつながりが表示され、まちがえるとライフが1つ減ります。グループはカテゴリー、別の語とくっつく語（___BALL）、隠れた語、アナグラムなど。2つのグループに入りそうな語もありますが、16語すべてがうまく分かれる方法はひとつだけです。	Dieciséis palabras esconden cuatro grupos de cuatro. Elige cuatro que tengan algo en común y toca Enviar. Un grupo correcto se fija y muestra qué lo une; uno incorrecto cuesta una vida. Los grupos pueden ser categorías, palabras que se unen a otra (___BALL), palabras ocultas o anagramas. Algunas parecen encajar en dos grupos, pero solo un reparto sirve para las dieciséis.	Sechzehn Wörter verbergen vier Gruppen zu je vier. Wähle vier Wörter mit etwas Gemeinsamem und tippe auf Senden. Eine richtige Gruppe wird festgelegt und zeigt, was sie verbindet; eine falsche kostet ein Leben. Gruppen können Kategorien sein, Wörter, die mit einem anderen Wort ein neues bilden (___BALL), versteckte Wörter oder Anagramme. Manche Wörter scheinen in zwei Gruppen zu passen, aber nur eine Aufteilung klappt für alle sechzehn.
Sixteen words hide four groups. Each group of four shares one thread.	十六个单词里藏着四组，每组四个词有一个共同点。	16語の中に4つのグループがあり、各グループの4語には共通点がひとつあります。	Dieciséis palabras esconden cuatro grupos. Cada grupo de cuatro comparte un hilo.	Sechzehn Wörter verbergen vier Gruppen. Jede Vierergruppe teilt einen Faden.
Sixteen words in four hidden groups × 4 levels; categories, compound words, hidden words and anagrams.	十六个单词分成四个隐藏组 × 4 个难度；类别、复合词、藏词和字母重排。	16語を4つの隠れたグループに × 4レベル。カテゴリー、複合語、隠れた語、アナグラム。	Dieciséis palabras en cuatro grupos ocultos × 4 niveles; categorías, palabras compuestas, palabras ocultas y anagramas.	Sechzehn Wörter in vier versteckten Gruppen × 4 Stufen; Kategorien, zusammengesetzte Wörter, versteckte Wörter und Anagramme.
Size	尺寸	サイズ	Tamaño	Größe
Skip	跳过	とばす	Saltar	Überspringen
Skip the tutorial	跳过教程	チュートリアルをとばす	Saltar el tutorial	Tutorial überspringen
Skip to the game	直接开始游戏	ゲームへ進む	Ir al juego	Direkt zum Spiel
Skipped. It comes back at the end.	已跳过，最后会再出现。	とばしました。最後にもう一度出てきます。	Saltada. Volverá al final.	Übersprungen. Es kommt am Ende wieder.
SLANT has an S and CHANT was already tried.	SLANT 有 S，而 CHANT 已经试过了。	SLANT には S があり、CHANT はもう試しました。	SLANT tiene una S y CHANT ya se probó.	SLANT hat ein S, und CHANT wurde schon versucht.
Slide and merge	滑动合并	スライドして合体	Desliza y combina	Schieben und verschmelzen
Slide down	向下滑	下へ	Deslizar abajo	Nach unten schieben
Slide left	向左滑	左へ	Deslizar a la izquierda	Nach links schieben
Slide right	向右滑	右へ	Deslizar a la derecha	Nach rechts schieben
Slide tiles to merge equal numbers and build big tiles.	滑动方块，合并相同的数字，拼出大数字。	タイルをスライドして同じ数字を合わせ、大きなタイルを作りましょう。	Desliza fichas para unir números iguales y formar fichas grandes.	Schiebe Kacheln, um gleiche Zahlen zu verschmelzen und große Kacheln zu bauen.
Slide up	向上滑	上へ	Deslizar arriba	Nach oben schieben
Slowing down	越转越慢	減速	Frenando	Langsamer werdend
Small board; the computer sometimes misses boxes	小棋盘；电脑有时会漏掉方格	小さな盤。コンピューターはときどき箱を見逃します	Tablero pequeño; el ordenador a veces se deja cajas	Kleines Brett; der Computer übersieht manchmal Kästchen
Snap! Both stones jumped into your hand, so you now have more to place. Keep your distance.	啪！两块都跳回了你手里，你要放的更多了。保持距离吧。	カチッ！2つとも手持ちに戻り、置く石が増えました。距離をとりましょう。	¡Clac! Las dos piedras han saltado a tu mano, así que ahora tienes más por colocar. Guarda las distancias.	Schnapp! Beide Steine sind auf deiner Hand gelandet, jetzt hast du mehr zu legen. Halt Abstand.
Snap! {0} stones went back into your hand.	啪！{0} 块磁石回到了你手里。	カチッ！{0}個の磁石があなたの手もとに戻りました。	¡Clac! {0} imanes vuelven a tu mano.	Schnapp! {0} Steine gehen zurück in deine Hand.
Snap! {0} stones went back to the computer.	啪！{0} 块磁石回到了电脑手里。	カチッ！{0}個の磁石がコンピューターに戻りました。	¡Clac! {0} imanes vuelven al ordenador.	Schnapp! {0} Steine gehen zurück an den Computer.
So the word ends in ANT, and C, H, S and I are out.	所以单词以 ANT 结尾，C、H、S 和 I 都排除了。	つまり最後は ANT で、C、H、S、I は使われていません。	Así que la palabra termina en ANT, y la C, la H, la S y la I quedan descartadas.	Das Wort endet also auf ANT, und C, H, S und I scheiden aus.
Soft drop	加速下落	ソフトドロップ	Bajar	Schneller fallen
Solitaire	纸牌接龙	ソリティア	Solitario	Solitär
Solve a connected grid with original clues. Tap a clue or square, then type the answer.	用原创提示解开相连的盘面。点一个提示或格子，然后输入答案。	オリジナルのカギでつながった盤を解きます。カギかマスをタップして、答えを入力しましょう。	Resuelve una cuadrícula conectada con pistas originales. Toca una pista o una casilla y escribe la respuesta.	Löse ein verbundenes Gitter mit eigenen Hinweisen. Tippe auf einen Hinweis oder ein Feld und gib die Antwort ein.
Solved	已解	正解	Resueltas	Gelöst
solved	已解出	正解	resuelta	gelöst
Solved in {0}!	用 {0} 次猜中！	{0}回で正解！	¡Resuelto en {0}!	In {0} Versuchen gelöst!
Solved!	解开了！	解けました！	¡Resuelto!	Gelöst!
Solved! Every square is correct.	解开了！每一格都正确。	解けました！すべてのマスが正解です。	¡Resuelto! Todas las casillas son correctas.	Gelöst! Jedes Feld stimmt.
Solved: no repeats, no touching shaded squares, and all white squares connect.	解开了：没有重复，涂黑的格子不相邻，所有白格都连在一起。	解けました。数字の重なりなし、黒マスのとなり合いなし、白いマスはすべてつながっています。	Resuelto: sin repeticiones, sin casillas sombreadas que se toquen y con todas las blancas unidas.	Gelöst: keine Wiederholungen, keine sich berührenden schwarzen Felder, und alle weißen Felder hängen zusammen.
Some squares hide mines. Open every square that doesn't have one to win; opening a mine loses.	有些格子下面藏着地雷。翻开所有没有地雷的格子就赢了；翻到地雷就输了。	いくつかのマスには地雷が隠れています。地雷のないマスをすべて開ければ勝ち、地雷を開けると負けです。	Algunas casillas esconden minas. Descubre todas las que no tienen para ganar; si abres una mina, pierdes.	Unter manchen Feldern liegen Minen. Deckst du alle Felder ohne Mine auf, gewinnst du; triffst du eine Mine, verlierst du.
Some starting digits break the rules.	有些初始数字违反了规则。	最初の数字の一部がルールに反しています。	Algunos números iniciales incumplen las reglas.	Einige Startziffern verstoßen gegen die Regeln.
Some totals have only one set of digits: 3 in two squares is 1 + 2; 4 in two is 1 + 3; 16 in two is 7 + 9.	有些总和只有一种组合：两格和为 3 是 1 + 2；两格和为 4 是 1 + 3；两格和为 16 是 7 + 9。	組み合わせがひとつしかない合計もあります。2マスで3なら1＋2、4なら1＋3、16なら7＋9です。	Algunos totales solo tienen una combinación: 3 en dos casillas es 1 + 2; 4 en dos es 1 + 3; 16 en dos es 7 + 9.	Manche Summen haben nur eine Zifferngruppe: 3 in zwei Feldern ist 1 + 2, 4 ist 1 + 3, 16 ist 7 + 9.
Some totals have only one set of digits: two squares making 3 must be 1 + 2, and making 17 must be 8 + 9.	有些总和只有一种组合：两格和为 3 一定是 1 + 2，和为 17 一定是 8 + 9。	組み合わせがひとつしかない合計もあります。2マスで3なら1＋2、17なら8＋9です。	Algunos totales solo tienen una combinación: dos casillas que suman 3 son 1 + 2, y las que suman 17 son 8 + 9.	Manche Summen haben nur eine Zifferngruppe: Zwei Felder mit 3 sind 1 + 2, mit 17 sind es 8 + 9.
Some words seem to fit two groups. Only one way sorts all sixteen, so look for the group that can only be made one way.	有些词看起来能归入两组。只有一种分法能分好全部十六个词，所以先找只能组成一种方式的那组。	2つのグループに入りそうな語もあります。16語すべてを分ける方法はひとつだけなので、1通りにしか作れないグループを探しましょう。	Algunas palabras parecen encajar en dos grupos. Solo un reparto ordena las dieciséis, así que busca el grupo que solo puede formarse de una manera.	Manche Wörter scheinen in zwei Gruppen zu passen. Nur eine Aufteilung ordnet alle sechzehn, also such die Gruppe, die sich nur auf eine Art bilden lässt.
Sort sixteen words into four groups of four.	把十六个单词分成四组，每组四个。	16語を4語ずつ4つのグループに分けよう。	Ordena dieciséis palabras en cuatro grupos de cuatro.	Sortiere sechzehn Wörter in vier Gruppen zu je vier.
South wind	南风	南	Viento del sur	Südwind
Space	太空	宇宙	Espacio	Weltraum
Space runs out quickly; leave awkward gaps for your opponent.	空间很快就不够了；给对手留下难放的空隙。	場所はすぐになくなります。相手には置きにくいすき間を残しましょう。	El espacio se acaba rápido; deja huecos incómodos a tu rival.	Der Platz wird schnell knapp; lass deinem Gegner ungünstige Lücken.
Spades and hearts	黑桃和红心	スペードとハート	Picas y corazones	Pik und Herz
Spades only · the gentlest start	只有黑桃 · 最轻松的开始	スペードのみ · いちばんやさしい	Solo picas · el comienzo más suave	Nur Pik · der sanfteste Einstieg
sparse signs	符号稀少	記号がまばら	pocos signos	spärliche Zeichen
Speeding up	越转越快	加速	Acelerando	Schneller werdend
Spider	蜘蛛纸牌	スパイダー	Spider	Spider
Spider Solitaire	蜘蛛纸牌	スパイダーソリティア	Solitario Spider	Spider-Solitär
Spiral grain	旋纹	渦目	Veta en espiral	Spiralmaserung
Sports	运动	スポーツ	Deportes	Sportarten
spot	点	点	punto	Punkt
spot with {0} left	点，还剩 {0}	点、残り{0}	punto, le quedan {0}	Punkt, noch {0}
Sprouts	豆芽棋	スプラウト	Brotes	Sprossen
Sprouts board with {0} spots and {1} lines	豆芽棋盘，{0} 个点，{1} 条线	スプラウトの盤、点{0}つ、線{1}本	Tablero de Brotes con {0} puntos y {1} líneas	Sprossen-Brett mit {0} Punkten und {1} Linien
Square	格子	マス	Casilla	Feld
square {0}	第 {0} 格	{0}番のマス	casilla {0}	Feld {0}
Squares a chess knight's move apart can't share a digit.	相隔一个国际象棋马步的两个格子不能填相同的数字。	チェスのナイトの動きで届くマスどうしには、同じ数字が入りません。	Dos casillas separadas por un salto de caballo no pueden tener el mismo número.	Felder, die einen Springerzug auseinanderliegen, dürfen nicht dieselbe Ziffer haben.
Squares hold even digits.	方框里填偶数。	四角には偶数が入ります。	Los cuadrados llevan números pares.	Quadrate enthalten gerade Ziffern.
Squares next to an empty corner often give it away.	下在空角旁边的格子，往往会把角送给对手。	空いている角のとなりに置くと、角を取られやすくなります。	Las casillas junto a una esquina vacía suelen regalarla.	Felder neben einer leeren Ecke verschenken sie oft.
Stage {0}	第 {0} 关	ステージ {0}	Fase {0}	Runde {0}
Stages speed up, reverse, and tighten	关卡会加速、反向，空隙也会变窄	ステージは速くなり、逆回転し、すき間が狭くなる	Las fases se aceleran, invierten el giro y aprietan	Die Runden werden schneller, drehen um und werden enger
Stand the piece upright: tap Rotate.	把方块竖起来：点“旋转”。	ピースを縦にしましょう。「回転」をタップします。	Pon la pieza de pie: toca Girar.	Stell das Teil aufrecht: Tippe auf Drehen.
Standard 7×6 gravity board × 4 computer strengths. Four in a row wins; a full board draws.	标准 7×6 重力棋盘 × 4 档电脑强度。四子相连即获胜；棋盘放满则为平局。	標準の7×6重力盤 × コンピューターの強さ4段階。4つ並べれば勝ち、盤が埋まれば引き分け。	Tablero de gravedad 7×6 estándar × 4 niveles del ordenador. Cuatro en línea gana; un tablero lleno es empate.	Standard-Schwerkraftbrett 7×6 × 4 Computerstärken. Vier in einer Reihe gewinnt; ein volles Brett ist unentschieden.
Standard 8×8 rules × 4 computer strengths.	标准 8×8 规则 × 4 种电脑强度。	標準の8×8ルール × コンピューターの強さ4段階。	Reglas estándar de 8×8 × 4 niveles del ordenador.	Standardregeln auf 8×8 × 4 Computerstärken.
Start	开始	開始	Empezar	Los
Start a 16×16 puzzle from the Sudoku screen, or build your own grid.	从数独界面开始一个 16×16 谜题，或者自己设计一个盘面。	ナンプレの画面から16×16のパズルを始めるか、自分で盤を作りましょう。	Empieza un puzzle de 16×16 desde la pantalla de Sudoku o crea tu propia cuadrícula.	Starte im Sudoku-Bildschirm ein 16×16-Rätsel oder bau dein eigenes Gitter.
Start a new game?	开始新游戏？	新しいゲームを始めますか？	¿Empezar una partida nueva?	Neues Spiel starten?
Start a new puzzle?	开始新谜题？	新しいパズルを始めますか？	¿Empezar un puzzle nuevo?	Neues Rätsel starten?
Start from	基于	もとにするテーマ	Partir de	Ausgangsdesign
Start game	开始游戏	ゲーム開始	Empezar partida	Spiel starten
Start puzzle	开始谜题	パズル開始	Empezar puzzle	Rätsel starten
Start with a word full of common letters, like STAIN or CRANE.	先用含有常见字母的词开始，比如 STAIN 或 CRANE。	STAIN や CRANE のように、よく使う文字が多い単語から始めましょう。	Empieza con una palabra llena de letras comunes, como STAIN o CRANE.	Fang mit einem Wort voller häufiger Buchstaben an, etwa STAIN oder CRANE.
Start with big clues: a 5 in a 5-square line fills everything, and a 4 always fills the middle three.	从大的提示入手：5 格的一行提示为 5 就全部涂满，提示为 4 则中间三格一定涂色。	大きなヒントから始めましょう。5マスの列で「5」なら全部塗り、「4」なら真ん中の3マスは必ず塗ります。	Empieza por las pistas grandes: un 5 en una línea de 5 casillas la llena entera, y un 4 siempre llena las tres centrales.	Beginne mit großen Hinweisen: Eine 5 in einer Linie mit 5 Feldern füllt alles, eine 4 füllt immer die mittleren drei.
Start with single squares and cages with only one possible combination.	先从单格笼子和只有一种组合的笼子开始。	1マスのケージと、組み合わせがひとつしかないケージから始めましょう。	Empieza por las casillas sueltas y las jaulas con una sola combinación posible.	Fang mit einzelnen Feldern und Käfigen an, die nur eine Kombination erlauben.
Starting digits added. The puzzle has one answer.	已加入初始数字，这个谜题只有一个答案。	最初の数字を入れました。答えはひとつだけです。	Números iniciales añadidos. El puzzle tiene una única solución.	Startziffern ergänzt. Das Rätsel hat genau eine Lösung.
Starting digits clash	初始数字冲突	最初の数字が矛盾	Los números iniciales chocan	Startziffern widersprechen sich
Starting speed	起始速度	スタート時の速さ	Velocidad inicial	Startgeschwindigkeit
Starting spots are placed per game; curve routes differ by play.	每局重新摆放起始点；曲线路线因走法而不同。	はじめの点は毎回置き直され、線の通り道は指し方しだいで変わります。	Los puntos iniciales se colocan en cada partida; los trazados cambian según el juego.	Die Startpunkte werden je Spiel gesetzt; die Linienwege unterscheiden sich durchs Spiel.
Starts at level {0}	从第 {0} 级开始	レベル{0}から開始	Empieza en el nivel {0}	Beginnt auf Stufe {0}
Statistics	统计	統計	Estadísticas	Statistik
Steady	匀速	一定	Constante	Gleichmäßig
Step {0} of {1}	第 {0} 步，共 {1} 步	ステップ {0}/{1}	Paso {0} de {1}	Schritt {0} von {1}
Stick every dagger for that log and it bursts. Apples and coins on the rim add to the score. Some logs start with daggers already stuck.	把那根圆木的短刃全部扎上，它就会裂开。边缘上的苹果和金币加分。有的圆木一开始就扎着短刃。	その丸太の短刀をすべて刺すと割れます。縁のリンゴとコインは得点になります。最初から短刀が刺さっている丸太もあります。	Clava todas las dagas de ese tronco y estalla. Las manzanas y las monedas del borde suman puntos. Algunos troncos empiezan con dagas ya clavadas.	Stecken alle Dolche dieses Stamms, birst er. Äpfel und Münzen am Rand geben Punkte. Manche Stämme starten mit schon steckenden Dolchen.
Stock	牌堆	山札	Mazo	Stapel
Stock, {0} cards	牌堆，{0} 张	山札、{0}枚	Mazo, {0} cartas	Stapel, {0} Karten
Stock, {0} cards. Draw {1}	牌堆，{0} 张。每次翻 {1} 张	山札、{0}枚。{1}枚ずつめくる	Mazo, {0} cartas. Robar {1}	Stapel, {0} Karten. {1} ziehen
Stock, {0} deals left	牌堆，还能发 {0} 次	山札、残り{0}回	Mazo, quedan {0} repartos	Stapel, noch {0}-mal geben
Stones must be placed inside the ring.	磁石必须放在圈内。	石はリングの中に置かなければなりません。	Las piedras deben colocarse dentro del anillo.	Steine müssen in den Ring gelegt werden.
Stones near the edge of the ring have fewer neighbours to worry about.	靠近圈边的磁石，需要担心的邻居更少。	リングのふち近くの石は、気にするとなりが少なくてすみます。	Las piedras cerca del borde del anillo tienen menos vecinas de las que preocuparse.	Steine am Rand des Rings haben weniger Nachbarn, auf die du achten musst.
Stop and go	停停走走	止まって進む	Para y sigue	Stopp und los
Stronger players sometimes decline the last two boxes of a chain to keep control.	高手有时会故意不拿一串中的最后两格，以保持主动。	上級者は、主導権を保つために連なりの最後の2箱をあえて取らないことがあります。	Los jugadores fuertes a veces renuncian a las dos últimas cajas de una cadena para mantener el control.	Starke Spieler lassen manchmal die letzten zwei Kästchen einer Kette liegen, um die Kontrolle zu behalten.
stuck dagger	已扎住的短刃	刺さった短刀	daga clavada	steckender Dolch
Submit	提交	決定	Enviar	Senden
Success	成功	成功	Acierto	Erfolg
Sudoku	数独	ナンプレ	Sudoku	Sudoku
Sudoku grid {0} by {1}	{0}×{1} 数独盘面	{0}×{1}のナンプレ	Sudoku de {0} por {1}	Sudoku {0} mal {1}
Sudoku grid {0} by {1}, {2} squares filled	{0}×{1} 数独盘面，已填 {2} 格	{0}×{1}のナンプレ、{2}マス記入済み	Sudoku de {0} por {1}, {2} casillas rellenas	Sudoku-Gitter {0} mal {1}, {2} Felder gefüllt
Sudoku grids	数独大盘面	ナンプレ（大盤・自作）	Sudokus grandes y propios	Große und eigene Sudokus
Sudoku statistics	数独统计	ナンプレの統計	Estadísticas de sudoku	Sudoku-Statistik
Sudoku with no starting digits: dashed cages add up to their totals.	没有初始数字的数独：虚线笼子里的数字加起来等于总和。	最初の数字がないナンプレ。点線のケージの数字を足すと合計になります。	Sudoku sin números iniciales: las jaulas de trazos suman su total.	Sudoku ohne Startziffern: Gestrichelte Käfige ergeben ihre Summe.
Sudoku {0}×{1}	数独 {0}×{1}	ナンプレ {0}×{1}	Sudoku {0}×{1}	Sudoku {0}×{1}
Suggested legal move: {0}. This is not a guaranteed win.	建议走法：{0}。不保证能赢。	おすすめの手：{0}。勝てるとはかぎりません。	Movimiento sugerido: {0}. No garantiza la victoria.	Vorschlag: {0}. Ein Sieg ist damit nicht garantiert.
Suits	花色	スート	Palos	Farben
Suits can be mixed too: tap the 5♥.	花色也可以混着放：点 5♥。	マークを混ぜて置くこともできます。5♥をタップしましょう。	También se pueden mezclar palos: toca el 5♥.	Farben dürfen auch gemischt werden: Tippe auf die 5♥.
sum {0}	和为 {0}	合計{0}	suma {0}	Summe {0}
Suppose it's your turn again: ends 6 and 2. Neither 5|5 nor 1|3 fits. What happens?	假设又轮到你了：两端是 6 和 2。5|5 和 1|3 都接不上。会怎样？	またあなたの番だとします。はしは6と2。5|5も1|3も合いません。どうなる？	Imagina que vuelve a ser tu turno: extremos 6 y 2. Ni 5|5 ni 1|3 encajan. ¿Qué pasa?	Angenommen, du bist wieder dran: Enden 6 und 2. Weder 5|5 noch 1|3 passt. Was passiert?
Surface	面板	パネル	Superficie	Fläche
Swipe (or use the arrows) to slide every tile as far as it goes in that direction.	滑动屏幕（或用箭头）让所有方块朝那个方向滑到底。	スワイプ（または矢印）で、すべてのタイルをその方向に端まで動かします。	Desliza el dedo (o usa las flechas) para mover todas las fichas hasta el fondo en esa dirección.	Wische (oder nutze die Pfeile), um alle Kacheln so weit wie möglich in diese Richtung zu schieben.
Swipe left: the two 2s merge, and so do the two 4s.	向左滑：两个 2 合并，两个 4 也合并。	左にスワイプ。2どうし、4どうしが合体します。	Desliza a la izquierda: los dos 2 se unen, y también los dos 4.	Wisch nach links: Die beiden 2en verschmelzen, die beiden 4en auch.
Swipe or use the arrows to slide every tile. Two tiles with the same number merge into one with their sum. A new 2 or 4 appears after each move. Reach the goal tile, then keep going for a high score until the board locks up.	滑动或用箭头按钮移动所有方块。两个相同数字的方块相撞会合并成它们的和。每走一步会出现一个新的 2 或 4。先达到目标方块，然后继续冲高分，直到无路可走。	スワイプするか矢印ボタンで、すべてのタイルを動かします。同じ数字のタイルがぶつかると、合計の数字になって1つにまとまります。1手ごとに2か4が新しく出てきます。目標のタイルを作ったら、動かせなくなるまでハイスコアを目指しましょう。	Desliza o usa las flechas para mover todas las fichas. Dos fichas con el mismo número se unen en una con su suma. Tras cada movimiento aparece un 2 o un 4 nuevo. Consigue la ficha objetivo y sigue para lograr una buena puntuación hasta que el tablero se bloquee.	Wische oder nutze die Pfeile, um alle Kacheln zu schieben. Zwei Kacheln mit derselben Zahl verschmelzen zu einer mit ihrer Summe. Nach jedem Zug erscheint eine neue 2 oder 4. Erreiche die Zielkachel und spiel dann weiter auf Punkte, bis nichts mehr geht.
Switch on Notes to pencil in candidates; placing a digit clears it from the notes around it.	打开笔记可以写下候选数字；填好一个数字后，周围笔记里的这个数字会自动清掉。	メモをオンにすると候補を書きこめます。数字を置くと、周りのメモからその数字が消えます。	Activa Notas para apuntar candidatos; al colocar un número, se borra de las notas de alrededor.	Mit Notizen trägst du Kandidaten ein; setzt du eine Ziffer, verschwindet sie aus den Notizen ringsum.
Switch on rules that apply to the whole grid.	打开适用于整个盘面的规则。	盤全体に適用するルールをオンにします。	Activa reglas que se aplican a toda la cuadrícula.	Schalte Regeln ein, die für das ganze Gitter gelten.
System default	跟随系统	システムの設定	Idioma del sistema	Systemsprache
Table inset	桌面内框	テーブルのくぼみ	Hueco de la mesa	Tischvertiefung
Take turns drawing a line between two neighboring dots. Whoever completes the fourth side of a box claims it and moves again. When every line is drawn, the player with more boxes wins. Tap one dot, then a neighboring dot. Turn off Tap two dots to tap between them instead.	轮流在相邻两点之间画线。画出方格第四条边的人占有该格，并再走一步。所有线画完后，方格多者获胜。先点击一个点，再点击相邻的点。关闭“点击两个点”可改为点击两点之间。	交互に隣り合う点を線で結びます。箱の4本目の辺を引くと、その箱を獲得してもう一度手番になります。すべての線を引いたら、箱が多い方の勝ちです。点と隣の点を順にタップします。「2つの点をタップ」をオフにすると点の間をタップできます。	Por turnos, une dos puntos vecinos. Quien completa el cuarto lado de una caja la gana y vuelve a jugar. Al terminar todas las líneas, gana quien tenga más cajas. Toca un punto y luego su vecino. Desactiva Tocar dos puntos para tocar entre ellos.	Verbindet abwechselnd benachbarte Punkte. Wer die vierte Seite eines Kästchens zeichnet, gewinnt es und ist erneut dran. Sind alle Linien gezeichnet, gewinnt die höhere Kästchenzahl. Tippe auf einen Punkt und dann seinen Nachbarn. Schalte Zwei Punkte antippen aus, um dazwischen zu tippen.
Take turns drawing a line between two spots, or from a spot back to itself (a loop).	双方轮流在两个点之间画一条线，或从一个点画回它自己（圈）。	交代で、2つの点の間か、1つの点から自分自身へ（ループ）線を引きます。	Por turnos, trazad una línea entre dos puntos, o de un punto a sí mismo (un bucle).	Abwechselnd zieht ihr eine Linie zwischen zwei Punkten oder von einem Punkt zu sich selbst zurück (eine Schleife).
Take turns drawing a line between two spots, or from a spot back to itself. Lines may not cross each other or pass through a spot, and a new spot sprouts in the middle of each line. A spot can have at most three line ends. Whoever draws the last possible line wins. Tap two spots, optionally tap a point to steer the line, then Draw.	轮流在两个点之间画一条线，或从一个点画回它自己。线不能互相交叉，也不能穿过点；每条线的中间会长出一个新点。每个点最多只能连三个线头。画出最后一条可画的线的人获胜。点两个点，可以再点一个位置来引导线的走向，然后点“画线”。	交代に、2つの点を線でつなぐか、1つの点からぐるっと自分に戻る線を引きます。線どうしは交差できず、点を通り抜けることもできません。線を引くたびに、その真ん中に新しい点が生まれます。1つの点につながる線の端は3本まで。最後に線を引けた人の勝ちです。2つの点をタップし、必要なら経由する点をタップしてから「線を引く」を押します。	Por turnos, trazad una línea entre dos puntos o de un punto a sí mismo. Las líneas no pueden cruzarse ni pasar por un punto, y en el centro de cada línea brota un punto nuevo. Un punto admite como mucho tres extremos de línea. Gana quien traza la última línea posible. Toca dos puntos, si quieres toca otro punto para guiar la línea, y luego pulsa Trazar.	Zieht abwechselnd eine Linie zwischen zwei Punkten oder von einem Punkt zurück zu sich selbst. Linien dürfen sich nicht kreuzen und nicht durch einen Punkt gehen; in der Mitte jeder Linie sprießt ein neuer Punkt. Ein Punkt verträgt höchstens drei Linienenden. Wer die letzte mögliche Linie zieht, gewinnt. Tippe auf zwei Punkte, wenn du willst noch auf eine Stelle zum Lenken, dann auf „Linie ziehen“.
Take turns drawing one line between two neighbouring dots.	双方轮流在两个相邻的点之间画一条线。	交代で、となり合う2つの点の間に線を1本引きます。	Por turnos, trazad una línea entre dos puntos vecinos.	Abwechselnd zieht ihr eine Linie zwischen zwei benachbarten Punkten.
Take turns dropping a disc into a column. It falls to the lowest empty space. Line up four of your discs across, down or diagonally before the computer does. A full board with no line of four is a draw. You play red and move first. Tap a column to drop.	轮流把棋子投入一列，它会落到该列最下面的空位。在横、竖或斜向先连成四子即获胜。棋盘放满且没有四子相连则为平局。你执红子，先手。点一列即可落子。	交互にコマを列へ落とします。コマはその列の一番下の空きまで落ちます。横・縦・斜めに自分のコマを4つ並べると勝ちです。盤が埋まって4つ揃わなければ引き分け。あなたは赤で先手です。列をタップして落とします。	Por turnos, suelta una ficha en una columna. Cae al hueco más bajo. Alinea cuatro fichas tuyas en horizontal, vertical o diagonal antes que el ordenador. Si el tablero se llena sin cuatro en línea, es un empate. Juegas con rojo y empiezas. Toca una columna para soltar.	Wirf abwechselnd eine Scheibe in eine Spalte. Sie fällt auf den untersten freien Platz. Wer zuerst vier eigene Scheiben waagerecht, senkrecht oder diagonal verbindet, gewinnt. Ein volles Brett ohne Viererreihe ist unentschieden. Du spielst Rot und beginnst. Tippe auf eine Spalte.
Take turns dropping one disc into a column. It falls to the lowest empty space.	轮流把一枚棋子投入一列。它会落到最下面的空位。	交互にコマを1つ列へ落とします。その列の一番下の空きまで落ちます。	Por turnos, suelta una ficha en una columna. Cae al hueco más bajo.	Wirf abwechselnd eine Scheibe in eine Spalte. Sie fällt auf den untersten freien Platz.
Takes a win and blocks yours	会取胜并挡住你的四连	勝ちを取り、あなたの4つを止めます	Aprovecha su victoria y bloquea la tuya	Nimmt einen Gewinnzug und blockt deinen
Tap a card to pick it up, then where it goes, or tap it twice to send it to the best spot.	点一张牌拿起来，再点要放的地方；或者点两下，把它送到最合适的位置。	カードをタップして持ち上げ、置き先をタップします。2回タップすると、いちばんよい場所へ自動で移ります。	Toca una carta para cogerla y luego su destino, o tócala dos veces para enviarla al mejor sitio.	Tippe auf eine Karte, um sie aufzunehmen, dann auf ihr Ziel, oder tippe zweimal, um sie an die beste Stelle zu schicken.
Tap a card, then its destination. Hint suggests a legal move; Undo takes one back.	先点一张牌，再点它要去的地方。提示会给出一步可走的棋；撤销可以收回一步。	カードをタップし、次に置き先をタップします。ヒントは動かせる手を示し、元に戻すで1手戻せます。	Toca una carta y luego su destino. La pista sugiere un movimiento válido; Deshacer anula uno.	Tippe auf eine Karte, dann auf ihr Ziel. Der Tipp schlägt einen gültigen Zug vor; Rückgängig nimmt einen zurück.
Tap a card, then tap where it goes. Tap a selected card again to send it home.	点一张牌，再点它要去的位置。再点一次选中的牌，可以把它送到收牌区。	カードをタップしてから、置き場所をタップします。選んだカードをもう一度タップすると組札へ送れます。	Toca una carta y luego su destino. Vuelve a tocar la carta elegida para mandarla a su base.	Tippe auf eine Karte und dann auf ihr Ziel. Tippe die gewählte Karte noch einmal an, um sie abzulegen.
Tap a coded letter to choose it.	点一个密码字母来选择它。	暗号の文字をタップして選びます。	Toca una letra cifrada para elegirla.	Tippe auf einen verschlüsselten Buchstaben, um ihn zu wählen.
Tap a color, then Guess.	点一种颜色，再点“猜测”。	色をタップしてから「推理」。	Toca un color y luego Probar.	Tippe eine Farbe an und dann auf Raten.
Tap a grid on the map, or use the X-shaped picker, to play it full size.	在总览图上点一个盘面，或者用 X 形的选择器，就能放大来玩。	全体図で盤をタップするか、X字形の切り替えボタンで、大きく表示して遊べます。	Toca una cuadrícula del mapa o usa el selector en forma de X para jugarla a tamaño completo.	Tippe auf ein Gitter in der Übersicht oder nutze die X-förmige Auswahl, um es groß zu spielen.
Tap a letter in the highlighted column.	点高亮这一列中的字母。	光っている列の文字をタップします。	Toca una letra de la columna resaltada.	Tippe auf einen Buchstaben in der markierten Spalte.
Tap a numbered column to drop your disc.	点带数字的一列来落子。	番号の列をタップしてコマを落とします。	Toca una columna numerada para soltar tu ficha.	Tippe auf eine nummerierte Spalte, um deine Scheibe fallen zu lassen.
Tap a spot to start a line.	点一个点开始画线。	点をタップして線を始めます。	Toca un punto para empezar una línea.	Tippe auf einen Punkt, um eine Linie zu beginnen.
Tap a square or number to choose it.	点一个格子或数字来选择。	マスか数字をタップして選びます。	Toca una casilla o un número para elegirlo.	Tippe auf ein Feld oder eine Zahl, um sie zu wählen.
Tap a square to cycle: odd (circle), even (square), none.	点一个格子依次切换：奇数（圆圈）、偶数（方框）、无。	マスをタップするたびに、奇数（丸）→偶数（四角）→なし と切り替わります。	Toca una casilla para alternar: impar (círculo), par (cuadrado), nada.	Tippe auf ein Feld zum Wechseln: ungerade (Kreis), gerade (Quadrat), nichts.
Tap a square, then a digit to place a starting digit. Tap the same digit again to remove it.	点一个格子，再点一个数字来放置初始数字。再点一次同一个数字即可移除。	マスをタップしてから数字をタップすると、最初の数字を置けます。同じ数字をもう一度タップすると消えます。	Toca una casilla y luego un número para poner un número inicial. Vuelve a tocar el mismo número para quitarlo.	Tippe auf ein Feld und dann auf eine Ziffer, um eine Startziffer zu setzen. Tippe dieselbe Ziffer noch einmal, um sie zu entfernen.
Tap a square, then a letter above its column.	点一个格子，再点它所在列上方的字母。	マスをタップしてから、その列の上の文字をタップします。	Toca una casilla y luego una letra encima de su columna.	Tippe auf ein Feld und dann auf einen Buchstaben über seiner Spalte.
Tap an empty point to steer the line, or Draw it.	点一个空位置引导线的走向，或者直接画线。	空いた所をタップして線を導くか、そのまま線を引きます。	Toca un sitio vacío para guiar la línea, o trázala ya.	Tippe auf eine freie Stelle, um die Linie zu lenken, oder zieh sie gleich.
Tap another spot, or the same spot for a loop.	再点另一个点；点同一个点可以画环。	別の点をタップ。同じ点をタップすると輪になります。	Toca otro punto, o el mismo para hacer un lazo.	Tippe auf einen anderen Punkt oder denselben für eine Schleife.
Tap between two dots to draw a line.	点两个点之间的位置来画线。	2つの点の間をタップすると線が引けます。	Toca entre dos puntos para trazar una línea.	Tippe zwischen zwei Punkte, um eine Linie zu ziehen.
Tap four words, then Submit. A right group locks in and shows its thread; a wrong guess costs a life.	点四个单词，再点“提交”。选对了这组会锁定并显示共同点；选错扣一条命。	4語をタップして「決定」。正しければグループが確定して共通点が表示され、まちがえるとライフが1つ減ります。	Toca cuatro palabras y luego Enviar. Un grupo correcto se fija y muestra su hilo; un fallo cuesta una vida.	Tippe auf vier Wörter und dann auf Senden. Eine richtige Gruppe wird festgelegt und zeigt ihren Faden; ein Fehlversuch kostet ein Leben.
Tap inside the ring to preview a spot.	点圆环内部预览位置。	リングの中をタップして場所を確認します。	Toca dentro del anillo para ver un sitio.	Tippe in den Ring, um eine Stelle zu prüfen.
Tap one of the shared corner boxes.	点一个共享的角宫。	共有する角のボックスをひとつタップしましょう。	Toca una de las cajas de esquina compartidas.	Tippe auf einen der gemeinsamen Eckkästen.
Tap or drag to pick squares, then make a cage and enter its total. Cage digits can't repeat.	点或拖动来选择格子，然后建立笼子并输入总和。笼子里的数字不能重复。	タップかなぞってマスを選び、ケージを作って合計を入力します。ケージの中で数字は重なりません。	Toca o arrastra para elegir casillas, crea una jaula y escribe su total. Los números de una jaula no se repiten.	Tippe oder wische, um Felder zu wählen, bilde dann einen Käfig und gib die Summe ein. Ziffern im Käfig dürfen sich nicht wiederholen.
Tap red to place the first peg of a guess.	点红色，放下这次猜测的第一颗钉。	赤をタップして、推測の最初のピンを置きます。	Toca el rojo para colocar la primera clavija de un intento.	Tippe auf Rot, um den ersten Stift eines Versuchs zu setzen.
Tap that 1 to open all its other neighbours at once (chording).	点这个 1，一次翻开它的所有其他邻格（快速翻开）。	その1をタップすると、残りのとなりが一度に開きます（一括オープン）。	Toca ese 1 para abrir todas sus demás vecinas a la vez (apertura rápida).	Tippe auf diese 1, um alle anderen Nachbarn auf einmal zu öffnen (Akkord).
Tap the 7♣.	点 7♣。	7♣をタップしましょう。	Toca el 7♣.	Tippe auf die 7♣.
Tap the 8♠ to move it there.	点 8♠，把它移过去。	8♠をタップして、そこへ動かしましょう。	Toca el 8♠ para moverla allí.	Tippe auf die 8♠, um sie dorthin zu legen.
Tap the 8♣ to remove the pair.	点 8♣，拿走这一对。	8♣をタップして、ペアを取りのぞきましょう。	Toca el 8♣ para retirar la pareja.	Tippe auf die 8♣, um das Paar zu entfernen.
Tap the board to rotate, drag sideways to move, swipe down to drop, or use the buttons. The ghost shows where the piece will land.	点棋盘旋转，左右拖动移动，向下滑直接落下，也可以用按钮。虚影显示方块会落在哪里。	盤をタップで回転、横にドラッグで移動、下にスワイプで落下。ボタンでも操作できます。影は着地する位置を示します。	Toca el tablero para girar, arrastra a los lados para mover, desliza hacia abajo para soltar o usa los botones. La sombra muestra dónde caerá la pieza.	Tippe aufs Brett zum Drehen, zieh seitwärts zum Verschieben, wisch nach unten zum Fallenlassen oder nutze die Tasten. Der Schatten zeigt, wo das Teil landet.
Tap the bottom-left square.	点左下角的格子。	左下のマスをタップしましょう。	Toca la casilla de abajo a la izquierda.	Tippe auf das Feld unten links.
Tap the circle above the top-left white disc.	点左上方白棋上面的圆圈。	左上の白い石の上にある丸をタップしましょう。	Toca el círculo que hay encima de la ficha blanca de arriba a la izquierda.	Tippe auf den Kreis über dem weißen Stein oben links.
Tap the first letter of a word, then its last letter.	先点单词的第一个字母，再点最后一个字母。	言葉の最初の文字、次に最後の文字をタップします。	Toca la primera letra de una palabra y luego la última.	Tippe auf den ersten und dann auf den letzten Buchstaben eines Wortes.
Tap the foundation.	点基础堆。	組札をタップしましょう。	Toca la base.	Tippe auf den Ablagestapel.
Tap the left red dragon.	点左边的红中。	左の「中」をタップしましょう。	Toca el dragón rojo de la izquierda.	Tippe auf den linken roten Drachen.
Tap the left spot.	点左边的点。	左の点をタップしましょう。	Toca el punto de la izquierda.	Tippe auf den linken Punkt.
Tap the marked point below it to steer the loop.	点它下方标记的位置，控制圈的走向。	下にある印の点をタップして、ループの向きを決めましょう。	Toca el punto marcado debajo para guiar el bucle.	Tippe auf die markierte Stelle darunter, um die Schleife zu lenken.
Tap the middle column.	点中间那一列。	真ん中の列をタップしましょう。	Toca la columna del centro.	Tippe auf die mittlere Spalte.
Tap the North wind on top.	点上面的北风。	上の「北」をタップしましょう。	Toca el viento del norte de arriba.	Tippe auf den Nordwind oben.
Tap the other North wind to match them.	点另一张北风，把它们配成对。	もう1枚の「北」をタップして、ペアにしましょう。	Toca el otro viento del norte para emparejarlos.	Tippe auf den anderen Nordwind, um sie zu paaren.
Tap the other square of the top run.	点上面一段的另一个格子。	上の並びのもう1マスをタップしましょう。	Toca la otra casilla del tramo de arriba.	Tippe auf das andere Feld des oberen Blocks.
Tap the right spot to join them.	点右边的点，把它们连起来。	右の点をタップして、つなぎましょう。	Toca el punto de la derecha para unirlos.	Tippe auf den rechten Punkt, um sie zu verbinden.
tap the stock	点牌堆	山札をタップ	toca el mazo	tippe auf den Stapel
Tap the stock to draw 1 or 3 cards (your choice when starting); the waste can be redealt without limit.	点牌堆抽 1 张或 3 张（开局时自选）；弃牌堆可以无限次重发。	山札をタップして1枚か3枚めくります（始めるときに選べます）。捨て札は何度でも山札に戻せます。	Toca el mazo para robar 1 o 3 cartas (lo eliges al empezar); el descarte puede repartirse de nuevo sin límite.	Tippe auf den Stapel, um 1 oder 3 Karten zu ziehen (wählst du beim Start); der Ablagestapel kann beliebig oft neu verteilt werden.
Tap the tile that matches it.	点和它配对的那张。	ペアになる牌をタップしましょう。	Toca la ficha que hace pareja con ella.	Tippe auf den passenden Stein.
Tap the top-left square to cross off column 1.	点左上角的格子，把第 1 列打叉。	左上のマスをタップして、1列目にバツをつけましょう。	Toca la casilla de arriba a la izquierda para tachar la columna 1.	Tippe auf das Feld oben links, um Spalte 1 abzukreuzen.
Tap to throw	点按投掷	タップして投げる	Toca para lanzar	Tippen zum Werfen
Tap two cards that make 13.\nKings go on their own.	点两张加起来是 13 的牌。\nK 可以单独拿走。	足して13になる2枚をタップします。\nKは1枚で取れます。	Toca dos cartas que sumen 13.\nLos reyes se quitan solos.	Tippe auf zwei Karten, die 13 ergeben.\nKönige gehen allein.
Tap two identical free tiles. Free tiles have nothing on top and an open left or right side.	点两张相同的空闲牌。空闲牌上面没有牌压着，左边或右边是空的。	同じ絵柄の空いている牌を2つタップします。空いている牌とは、上に何も乗っておらず、左か右があいている牌です。	Toca dos fichas libres iguales. Una ficha está libre si no tiene nada encima y su lado izquierdo o derecho está despejado.	Tippe auf zwei gleiche freie Steine. Frei ist ein Stein, wenn nichts auf ihm liegt und seine linke oder rechte Seite offen ist.
Tap your dagger to throw it into the open gap.	点按你的短刃，把它投进空着的缺口。	短刀をタップして、空いたすき間に投げます。	Toca tu daga para lanzarla al hueco libre.	Tippe deinen Dolch, um ihn in die freie Lücke zu werfen.
Tap your piece.	点你的棋子。	自分の駒をタップしましょう。	Toca tu pieza.	Tippe auf deinen Stein.
Tap: shade · tap again: circle (keep) · third tap: clear.	点一下：涂黑 · 再点：画圈（保留）· 第三下：清除。	タップ：黒 · もう一度：丸（残す）· 3回目：消す。	Toca: sombrear · otra vez: rodear (se queda) · tercera: borrar.	Tippen: schwärzen · nochmal: einkreisen (bleibt) · drittes Mal: leeren.
Tastes of fruit	有水果味	果物の味がする	Sabe a fruta	Schmeckt nach Obst
Tetras	下落方块	テトラス	Tetras	Tetras
Tetras board	方块棋盘	ブロックの盤	Tablero de bloques	Blockbrett
Tetras board, {0} piece falling	方块棋盘，{0} 形方块正在落下	テトラスの盤、{0}ブロックが落下中	Tablero de Tetras, cae una pieza {0}	Tetras-Brett, ein {0}-Teil fällt
Text	文字	文字	Texto	Text
Text on accent	强调色上的文字	アクセント上の文字	Texto sobre el acento	Text auf Akzent
Text on header	标题栏文字	ヘッダーの文字	Texto de la cabecera	Text in der Kopfzeile
Text on table	桌面文字	テーブルの文字	Texto sobre la mesa	Text auf dem Tisch
That code isn't a valid grid. Check it and try again.	这不是有效的盘面代码，请检查后再试。	有効な盤のコードではありません。確認してもう一度お試しください。	Ese código no es una cuadrícula válida. Revísalo y vuelve a intentarlo.	Dieser Code ist kein gültiges Gitter. Prüf ihn und versuch es erneut.
That code isn't a valid theme. Check it and try again.	这不是有效的主题代码，请检查后再试。	有効なテーマコードではありません。確認してもう一度お試しください。	Ese código no es un tema válido. Revísalo y vuelve a intentarlo.	Dieser Code ist kein gültiges Design. Prüf ihn und versuch es erneut.
The 1 at the right end of the third row touches only one covered square, so that square must be a mine. Switch to Flag.	第三行最右边的 1 只挨着一个未翻开的格子，所以那一格一定是地雷。切换到插旗。	3行目の右はしの1は、閉じたマスひとつだけに接しています。そのマスは地雷です。旗に切り替えましょう。	El 1 del extremo derecho de la tercera fila solo toca una casilla cubierta, así que esa casilla es una mina. Cambia a Bandera.	Die 1 am rechten Ende der dritten Zeile berührt nur ein verdecktes Feld, also muss dort eine Mine liegen. Wechsle zu Flagge.
The 1 at the start of the second row now touches just one covered square, the corner: the last mine. Every safe square is open, so you win!	第二行开头的 1 现在只挨着一个未翻开的格子，就是角上那格：最后一颗地雷。所有安全的格子都翻开了，你赢了！	2行目の最初の1は、閉じたマスが角のひとつだけ。それが最後の地雷です。安全なマスはすべて開いたので、あなたの勝ちです！	El 1 del principio de la segunda fila ya solo toca una casilla cubierta, la de la esquina: la última mina. Todas las casillas seguras están abiertas, ¡has ganado!	Die 1 am Anfang der zweiten Zeile berührt nur noch ein verdecktes Feld, die Ecke: die letzte Mine. Alle sicheren Felder sind offen – du hast gewonnen!
The 1 in the second row, third square.	第二行第三格的 1。	2行目の3マス目の1です。	El 1 de la segunda fila, tercera casilla.	Die 1 in der zweiten Zeile, drittes Feld.
The 1 just left of the flag now has its mine, so its other covered neighbours are safe. Switch back to Reveal.	旗子左边的 1 已经找到了它的地雷，所以它其他未翻开的邻格都安全。切换回翻开。	旗のすぐ左の1は地雷が見つかったので、ほかの閉じたとなりは安全です。開くに戻しましょう。	El 1 justo a la izquierda de la bandera ya tiene su mina, así que sus demás vecinas cubiertas son seguras. Vuelve a Descubrir.	Die 1 direkt links der Flagge hat ihre Mine, also sind ihre anderen verdeckten Nachbarn sicher. Wechsle zurück zu Aufdecken.
The 2♠ goes on the A♠. Tap it.	2♠ 可以放在 A♠ 上。点它。	2♠はA♠の上に置けます。タップしましょう。	El 2♠ va sobre el A♠. Tócalo.	Die 2♠ kommt auf das A♠. Tippe darauf.
The 3÷ cage needs two digits where one divided by the other is 3: only 3 and 1. The middle column already has a 1, so its bottom square must be 3. Tap it.	3÷ 的笼子需要两个数，一个除以另一个等于 3：只能是 3 和 1。中间一列已经有 1 了，所以它最下面的格子一定是 3。点它。	「3÷」のケージは、一方をもう一方でわると3になる2つの数字。3と1しかありません。真ん中の列にはもう1があるので、いちばん下のマスは3です。タップしましょう。	La jaula 3÷ necesita dos números donde uno entre el otro da 3: solo 3 y 1. La columna central ya tiene un 1, así que su casilla de abajo debe ser 3. Tócala.	Der 3÷-Käfig braucht zwei Ziffern, bei denen eine geteilt durch die andere 3 ergibt: nur 3 und 1. Die mittlere Spalte hat schon eine 1, also muss ihr unterstes Feld 3 sein. Tippe darauf.
The 3♥ is uncovered now.	现在 3♥ 没被压住了。	3♥が取れるようになりました。	Ahora el 3♥ está descubierto.	Die 3♥ ist jetzt frei.
The 4 is on the right end of the chain.	4 在长龙的右端。	4は列の右はしです。	El 4 está en el extremo derecho de la cadena.	Die 4 liegt am rechten Ende der Kette.
The 6♥ pairs with the 7♣ on the waste. Tap the 6♥.	6♥ 和弃牌堆上的 7♣ 配对。点 6♥。	6♥は捨て札の7♣と組み合わせられます。6♥をタップしましょう。	El 6♥ hace pareja con el 7♣ del descarte. Toca el 6♥.	Die 6♥ bildet mit der 7♣ auf dem Ablagestapel ein Paar. Tippe auf die 6♥.
The 7♥ is red and one lower than the black 8♠, so it may go on it. Tap the 7♥.	7♥ 是红色，比黑色的 8♠ 小一，所以可以放在它上面。点 7♥。	7♥は赤で、黒の8♠より1小さいので、その上に置けます。7♥をタップしましょう。	El 7♥ es rojo y uno menos que el 8♠ negro, así que puede ir encima. Toca el 7♥.	Die 7♥ ist rot und eins niedriger als die schwarze 8♠, darf also darauf. Tippe auf die 7♥.
The app's building blocks	本应用的基础组件	アプリの土台となる部品	Los componentes básicos de la app	Die Bausteine der App
The board has 7 columns and 6 rows. Filling it with no line of four is a draw.	棋盘有 7 列 6 行。放满且没有四子相连则为平局。	盤は7列6行です。埋まって4つ揃わなければ引き分けです。	El tablero tiene 7 columnas y 6 filas. Llenarlo sin cuatro en línea es un empate.	Das Brett hat 7 Spalten und 6 Reihen. Füllt es sich ohne Viererreihe, ist es unentschieden.
The board is five 9×9 Sudoku grids: one in the centre and one on each corner.	棋盘由五个 9×9 数独组成：中间一个，四个角各一个。	盤は5つの9×9のナンプレでできています。真ん中に1つ、四すみに1つずつ。	El tablero son cinco sudokus de 9×9: uno en el centro y uno en cada esquina.	Das Brett besteht aus fünf 9×9-Sudokus: eines in der Mitte und eines an jeder Ecke.
The bottom row now has 3 and 1. Tap the square that still needs a digit.	最下面一行现在有 3 和 1。点还缺数字的那一格。	いちばん下の行には3と1が入りました。まだ数字のないマスをタップしましょう。	La fila de abajo ya tiene el 3 y el 1. Toca la casilla a la que aún le falta un número.	Die unterste Zeile hat jetzt 3 und 1. Tippe auf das Feld, das noch eine Ziffer braucht.
The bottom rows are full except for the rightmost column: a perfect spot for this long piece.	底部几行除了最右边一列都满了：正好放这根长条。	下の列は、いちばん右以外うまっています。この長いピースにぴったりの場所です。	Las filas de abajo están llenas salvo la columna de la derecha: el sitio perfecto para esta pieza larga.	Die unteren Reihen sind bis auf die rechte Spalte voll: der perfekte Platz für dieses lange Teil.
The bottom-left box is the lower two rows of the first two columns.	左下的宫是前两列的下面两行。	左下のボックスは、左の2列の下2行です。	La caja de abajo a la izquierda son las dos filas inferiores de las dos primeras columnas.	Der Kasten unten links sind die unteren zwei Zeilen der ersten zwei Spalten.
The bottom-left box now holds 2, 1 and 3. Tap its empty square.	左下的宫现在有 2、1、3。点它的空格。	左下のボックスには2・1・3があります。空いているマスをタップしましょう。	La caja de abajo a la izquierda ya tiene el 2, el 1 y el 3. Toca su casilla vacía.	Der Kasten unten links enthält jetzt 2, 1 und 3. Tippe auf sein leeres Feld.
The bottom-left cage makes 6 from two squares, which on a 4×4 can only be 2 + 4. The bottom row already has a 2, so tap its corner square.	左下的笼子用两格凑出 6，在 4×4 里只能是 2 + 4。最下面一行已经有 2 了，所以点它角上的格子。	左下のケージは2マスで6。4×4では2＋4しかありません。いちばん下の行にはもう2があるので、角のマスをタップしましょう。	La jaula de abajo a la izquierda suma 6 con dos casillas, y en un 4×4 eso solo puede ser 2 + 4. La fila de abajo ya tiene un 2, así que toca la casilla de la esquina.	Der Käfig unten links ergibt 6 aus zwei Feldern, auf 4×4 geht das nur als 2 + 4. Die unterste Zeile hat schon eine 2, also tippe auf das Eckfeld.
The bottom-middle square has a > sign on its right.	最下面中间的格子右边有一个 > 号。	いちばん下の真ん中のマスは、右側に>の記号があります。	La casilla de abajo en el centro tiene un signo > a su derecha.	Das Feld unten in der Mitte hat rechts ein >-Zeichen.
The bottom-middle square.	最下面中间的格子。	いちばん下の真ん中のマスです。	La casilla de abajo en el centro.	Das Feld unten in der Mitte.
The box is yours, and you move again.	这个方格归你了，你再走一步。	箱はあなたのもの。もう一度引けます。	La caja es tuya y vuelves a jugar.	Das Kästchen gehört dir, und du bist noch mal dran.
The card underneath turned face up: it's the 2♠.	下面那张牌翻开了：是 2♠。	下のカードが表になりました。2♠です。	La carta de debajo se ha girado: es el 2♠.	Die Karte darunter wurde aufgedeckt: die 2♠.
The centre grid shares each of its corner boxes with an outer grid. Digits there count for both grids.	中间的盘面和外面的每个盘面共享一个角宫。那里的数字同时属于两个盘面。	真ん中の盤は、角のボックスを外側の盤と共有しています。そこの数字は両方の盤に数えます。	La cuadrícula central comparte cada caja de esquina con una exterior. Los números de ahí cuentan para las dos.	Das mittlere Gitter teilt jeden Eckkasten mit einem äußeren Gitter. Die Ziffern dort zählen für beide.
The centre grid touches all four others.	中间的盘面和另外四个都相连。	真ん中の盤は、ほかの4つすべてと接しています。	La cuadrícula central toca las otras cuatro.	Das mittlere Gitter berührt alle vier anderen.
The chain now ends in 6 and 2.	长龙现在两端是 6 和 2。	列のはしは6と2になりました。	Ahora la cadena termina en 6 y 2.	Die Kette endet jetzt auf 6 und 2.
The chain's open ends are 6 on the left and 4 on the right. Your tiles are below.	长龙的开放端左边是 6，右边是 4。你的骨牌在下面。	列のはしは、左が6、右が4です。あなたの手札は下にあります。	Los extremos abiertos de la cadena son un 6 a la izquierda y un 4 a la derecha. Tus fichas están abajo.	Die offenen Enden der Kette sind 6 links und 4 rechts. Deine Steine liegen unten.
The circles show where it can go. Move to the right-hand one.	圆圈表示它能去的地方。走到右边那个。	丸は動ける場所です。右側の丸に動かしましょう。	Los círculos muestran adónde puede ir. Muévela al de la derecha.	Die Kreise zeigen, wohin er ziehen kann. Zieh auf den rechten.
The computer answers by moving next to you.	电脑应了一步，走到你旁边。	コンピューターは、あなたのとなりに動いてきました。	El ordenador responde colocándose a tu lado.	Der Computer antwortet und zieht neben dich.
The computer couldn't move. Undo to try again.	电脑无法走棋。撤销后再试一次。	コンピューターが動けませんでした。元に戻してやり直してください。	El ordenador no pudo mover. Deshaz para volver a intentarlo.	Der Computer konnte nicht ziehen. Nimm den Zug zurück und versuch es erneut.
The computer drops in a different column. Four in a row can also run down or on a diagonal.	电脑落在另一列。四连也可以是纵向或斜向。	コンピューターは別の列に落とします。4つは縦や斜めにも揃います。	El ordenador suelta en otra columna. Cuatro en línea también puede ser vertical o en diagonal.	Der Computer wirft in eine andere Spalte. Vier in einer Reihe geht auch senkrecht oder diagonal.
The computer has hidden four pegs. You choose from six colors, and the same color can appear twice.	电脑藏起了四颗钉。你从六种颜色里选，同一种颜色可以出现两次。	コンピューターが4本のピンを隠しました。6色から選びます。同じ色が2回出ることもあります。	El ordenador ha escondido cuatro clavijas. Eliges entre seis colores, y el mismo color puede salir dos veces.	Der Computer hat vier Stifte versteckt. Du wählst aus sechs Farben, und dieselbe Farbe kann zweimal vorkommen.
The computer hides a code of four pegs. Each peg is one of six colors, and a color may be used more than once.	电脑藏着一个四钉密码。每颗钉是六种颜色之一，同一种颜色可以出现多次。	コンピューターが4本のピンのコードを隠します。ピンは6色のどれかで、同じ色が何度でも使えます。	El ordenador esconde un código de cuatro clavijas. Cada clavija es de uno de seis colores, y un color puede usarse más de una vez.	Der Computer versteckt einen Code aus vier Stiften. Jeder Stift hat eine von sechs Farben, und eine Farbe darf mehrfach vorkommen.
The computer won	电脑赢了	コンピューターの勝ち	Ganó el ordenador	Der Computer hat gewonnen
The computer won this one.	这局电脑赢了。	今回はコンピューターの勝ちです。	Esta vez ganó el ordenador.	Diesmal hat der Computer gewonnen.
The down total 4 now needs 3 under the 1. Tap that square.	纵向总和 4 现在需要在 1 的下面填 3。点那一格。	タテの合計4にするには、1の下に3が必要です。そのマスをタップしましょう。	El total vertical 4 necesita ahora un 3 bajo el 1. Toca esa casilla.	Für die senkrechte Summe 4 fehlt jetzt eine 3 unter der 1. Tippe auf dieses Feld.
The empty column between your discs.	你的棋子之间空着的那一列。	自分のコマのあいだの空いている列です。	La columna vacía entre tus fichas.	Die leere Spalte zwischen deinen Scheiben.
The first player to place all their stones wins.	先放完所有磁石的一方获胜。	先に石をすべて置き終えた人の勝ちです。	Gana el primero en colocar todas sus piedras.	Wer zuerst alle Steine gelegt hat, gewinnt.
The game is over.	游戏已结束。	ゲームは終わりました。	La partida ha terminado.	Das Spiel ist vorbei.
The game speeds up every 10 rows. It ends when a new piece can't enter the well.	每消除 10 行速度就会加快。新方块进不了场地时游戏结束。	10列消すごとにスピードが上がります。新しいピースが入れなくなると終わりです。	El juego se acelera cada 10 filas. Termina cuando una pieza nueva no puede entrar.	Alle 10 Reihen wird das Spiel schneller. Es endet, wenn ein neues Teil nicht mehr hineinpasst.
The gap is blocked. Wait, don't throw into the dagger that's already there.	缺口被挡住了。等一等，不要投向已经扎在那里的短刃。	すき間はふさがっています。待って、すでに刺さっている短刀には投げないでください。	El hueco está tapado. Espera, no lances contra la daga que ya está ahí.	Die Lücke ist zu. Warte und wirf nicht in den Dolch, der schon steckt.
The guess must use {0}.	猜测里必须有 {0}。	{0} を使う必要があります。	El intento debe incluir la {0}.	Der Versuch muss {0} enthalten.
The hidden word here is a secret. Our first guess is STAIN. A is in the right spot, T and N are in the word but elsewhere, and S and I aren't in it.	这里的答案是个秘密。第一次猜 STAIN：A 位置正确，T 和 N 在单词里但位置不对，S 和 I 不在单词里。	ここでの答えはまだ秘密です。最初の予想は STAIN。A は位置も正解、T と N は単語にあるが位置がちがい、S と I は単語にありません。	La palabra oculta es un secreto. Primer intento: STAIN. La A está en su sitio, la T y la N están en la palabra pero en otro lugar, y la S y la I no están.	Das versteckte Wort ist geheim. Erster Versuch: STAIN. A steht richtig, T und N sind im Wort, aber woanders, S und I kommen nicht vor.
The highlighted cards make 13.	高亮的牌加起来是 13。	光っているカードで13になります。	Las cartas resaltadas suman 13.	Die markierten Karten ergeben 13.
The judge also understands "not" and "doesn't", so "doesn't spend much" counts too.	判定也能理解“不”和“没有”，所以“不怎么花钱”也算对。	判定は「〜ない」のような否定も理解するので、「あまりお金を使わない」も正解になります。	El juez también entiende «no», así que «no gasta mucho» también cuenta.	Die Bewertung versteht auch „nicht“ und „kein“, also zählt „gibt nicht viel aus“ auch.
The keys are only those two counts. They do not show which peg earned which key.	提示钉只给出这两个数量。它们不告诉你哪颗钉对应哪颗提示。	キーが伝えるのは、その2つの数だけです。どのピンのキーかはわかりません。	Las claves solo dan esas dos cantidades. No dicen qué clavija obtuvo cada clave.	Die Schlüssel nennen nur diese beiden Zahlen. Sie sagen nicht, welcher Stift welchen Schlüssel bekommen hat.
The last column has two 4s. The top one touches a shaded square, so it stays white. Shade the lower 4.	最后一列有两个 4。上面那个挨着涂黑的格子，所以保持白色。把下面的 4 涂黑。	いちばん右の列には4が2つあります。上の4は黒マスのとなりなので白のまま。下の4を黒くしましょう。	La última columna tiene dos 4. El de arriba toca una casilla sombreada, así que queda blanco. Sombrea el 4 de abajo.	Die letzte Spalte hat zwei 4en. Die obere berührt ein schwarzes Feld und bleibt weiß. Schwärze die untere 4.
The layout isn't finished: check the region sizes and cages.	布局还没完成：请检查区域大小和笼子。	レイアウトが未完成です。ブロックの大きさとケージを確認してください。	El diseño no está terminado: revisa el tamaño de las regiones y las jaulas.	Das Layout ist noch nicht fertig: Prüf die Regionsgrößen und Käfige.
The log bursts	圆木裂开了	丸太が割れた	El tronco estalla	Der Stamm birst
The log spins with one dagger already stuck. Your stack waits at the bottom. The open gap is where a throw can land.	圆木转着，上面已经扎着一把短刃。刀堆在下方等着。空着的缺口才是能扎进去的地方。	丸太は回り、短刀が1本すでに刺さっています。束は下で待っています。投げて刺さるのは空いたすき間です。	El tronco gira con una daga ya clavada. Tu pila espera abajo. El hueco libre es donde puede clavarse un lanzamiento.	Der Stamm dreht sich, ein Dolch steckt schon. Dein Stapel wartet unten. Die freie Lücke ist die Stelle, wo ein Wurf stecken bleibt.
The loop used two of the right spot's ends: it's full and greys out.	这个圈用掉了右边点的两个线头：它满了，变成灰色。	ループで右の点の端を2つ使ったので、いっぱいになって灰色になりました。	El bucle ha usado dos extremos del punto de la derecha: está lleno y se vuelve gris.	Die Schleife hat zwei Enden des rechten Punktes verbraucht: Er ist voll und wird grau.
The middle column, where the circle is.	中间那一列，有圆圈的地方。	真ん中の列、丸のあるところです。	La columna del centro, donde está el círculo.	Die mittlere Spalte, dort wo der Kreis ist.
The middle columns are part of more lines of four, so they're useful early.	中间的几列能参与更多四连，所以开局很有用。	中央の列は4つの線に多く関わるので、序盤に有利です。	Las columnas centrales forman parte de más líneas de cuatro, así que sirven al principio.	Die mittleren Spalten gehören zu mehr Viererreihen und sind am Anfang nützlich.
The missing side is the right-hand side of the top-left box.	缺的是左上方格的右边。	足りないのは、左上の箱の右の辺です。	El lado que falta es el derecho de la caja de arriba a la izquierda.	Es fehlt die rechte Seite des Kästchens oben links.
The North wind on top covers both red dragons, so they're blocked (darker). The two North winds are free.	上面的北风压住了两张红中，所以它们被挡住了（颜色较暗）。两张北风是自由的。	上の「北」が2枚の「中」をふさいでいるので、「中」は取れません（暗い色）。2枚の「北」は取れます。	El viento del norte de arriba tapa los dos dragones rojos, así que están bloqueados (más oscuros). Los dos vientos del norte están libres.	Der Nordwind oben verdeckt beide roten Drachen, sie sind also blockiert (dunkler). Die beiden Nordwinde sind frei.
The numbers beside each row and above each column list its runs of filled squares, in order.	每行旁边和每列上方的数字，按顺序列出了该行（列）中连续涂色格的长度。	各行の左と各列の上の数字は、その行・列で続けて塗るマスの長さを順番に表します。	Los números junto a cada fila y sobre cada columna indican, en orden, sus tramos de casillas pintadas.	Die Zahlen neben jeder Zeile und über jeder Spalte nennen der Reihe nach ihre Blöcke gefüllter Felder.
The on-device model that helps judge Word Meaning answers	帮助判定“词义”答案的设备端模型	「言葉の意味」の答えの判定を助ける端末内のモデル	El modelo del dispositivo que ayuda a evaluar las respuestas de Significado	Das Modell auf dem Gerät, das bei der Bewertung in Wortbedeutung hilft
The pair is gone and the red dragons are free: nothing on top and an open side.	这一对拿走了，红中也自由了：上面没有牌，而且有一边是空的。	ペアが消えて、「中」が取れるようになりました。上に何もなく、横が空いています。	La pareja ha desaparecido y los dragones rojos están libres: nada encima y un lado despejado.	Das Paar ist weg, und die roten Drachen sind frei: nichts darauf und eine Seite offen.
The red peg, with the circle.	带圆圈的那颗红色钉。	丸のついた赤いピンです。	La clavija roja, la del círculo.	Der rote Stift mit dem Kreis.
The region map doesn't match the grid size.	区域图和盘面尺寸不符。	ブロックの配置が盤のサイズと合いません。	El mapa de regiones no coincide con el tamaño.	Die Regionskarte passt nicht zur Gittergröße.
The rest follows: 6× needs 3 and 2 in the right column, and 3+ is 1 + 2. That's Calcudoku: arithmetic plus Sudoku logic.	剩下的就顺理成章了：6× 在右边一列需要 3 和 2，3+ 就是 1 + 2。这就是聪明格：算术加数独逻辑。	あとは自然に決まります。「6×」は右の列の3と2、「3+」は1＋2です。これがカルクドク：計算とナンプレの論理の組み合わせです。	El resto sale solo: 6× necesita 3 y 2 en la columna derecha, y 3+ es 1 + 2. Eso es Calcudoku: aritmética más lógica de sudoku.	Der Rest ergibt sich: 6× braucht 3 und 2 in der rechten Spalte, und 3+ ist 1 + 2. Das ist Calcudoku: Rechnen plus Sudoku-Logik.
The row has 1, 2 and 3, so only one digit is left.	这一行有 1、2、3，所以只剩一个数字。	この行には1・2・3があるので、残る数字はひとつだけです。	La fila tiene el 1, el 2 y el 3, así que solo queda un número.	Die Zeile hat 1, 2 und 3, also bleibt nur eine Ziffer übrig.
The second column has 2, 4 and 3. Tap its empty square.	第二列有 2、4、3。点它的空格。	左から2番目の列には2・4・3があります。空いているマスをタップしましょう。	La segunda columna tiene el 2, el 4 y el 3. Toca su casilla vacía.	Die zweite Spalte hat 2, 4 und 3. Tippe auf ihr leeres Feld.
The shaded squares cut the white area apart.	涂黑的格子把白色区域隔开了。	黒マスが白い部分を分断しています。	Las casillas sombreadas parten la zona blanca.	Die schwarzen Felder zerteilen die weiße Fläche.
The starting digits are fixed and can't be changed.	开始时给出的数字是固定的，不能修改。	最初から入っている数字は変えられません。	Los números iniciales son fijos y no se pueden cambiar.	Die Startziffern stehen fest und lassen sich nicht ändern.
The stock deals one card onto every column (no column may be empty). Play with 1, 2 or 4 suits.	牌堆会给每一列发一张牌（发牌时不能有空列）。可以选 1、2 或 4 种花色。	山札からは各列に1枚ずつ配ります（空いた列があると配れません）。マークは1・2・4種類から選べます。	El mazo reparte una carta en cada columna (ninguna puede estar vacía). Juega con 1, 2 o 4 palos.	Der Stapel teilt eine Karte auf jede Spalte aus (keine Spalte darf leer sein). Spiel mit 1, 2 oder 4 Farben.
The top row (1 1) now has three open squares in the middle. Two runs of 1 with a gap only fit as filled, empty, filled. Switch back to Fill.	第一行（1 1）现在中间还有三个空位。两段 1 中间隔一格，只能是涂、空、涂。切换回涂色模式。	いちばん上の行（1 1）は、真ん中に3マス空いています。1マスのかたまり2つを間をあけて入れるには、塗る・空き・塗るしかありません。塗りモードに戻しましょう。	La fila de arriba (1 1) tiene ahora tres casillas libres en el centro. Dos tramos de 1 con un hueco solo caben como pintada, vacía, pintada. Vuelve al modo Pintar.	Die oberste Zeile (1 1) hat jetzt drei offene Felder in der Mitte. Zwei Einerblöcke mit Lücke passen nur als gefüllt, leer, gefüllt. Wechsle zurück zu Füllen.
The top row already has 1, 2 and 3. Tap its empty square.	第一行已经有 1、2、3。点它的空格。	いちばん上の行には、もう1・2・3があります。空いているマスをタップしましょう。	La fila de arriba ya tiene el 1, el 2 y el 3. Toca su casilla vacía.	In der obersten Zeile stehen schon 1, 2 und 3. Tippe auf ihr leeres Feld.
The top row has three 2s side by side. You can't shade two neighbours, and only one 2 may stay white, so both outer 2s are shaded. Tap the first one.	第一行有三个挨在一起的 2。不能把相邻的两个涂黑，而且只能留一个 2 是白的，所以两边的 2 都要涂黑。点第一个。	いちばん上の行には2が3つ並んでいます。となり合う2マスは黒くできず、白にできる2はひとつだけなので、両はしの2を黒くします。最初の2をタップしましょう。	La fila de arriba tiene tres 2 seguidos. No puedes sombrear dos vecinos y solo un 2 puede quedar blanco, así que se sombrean los dos de los extremos. Toca el primero.	In der obersten Zeile stehen drei 2en nebeneinander. Du darfst keine zwei Nachbarn schwärzen, und nur eine 2 darf weiß bleiben, also werden beide äußeren 2en geschwärzt. Tippe auf die erste.
The top row still needs 1 and 3, and its first square is smaller than its second. Tap the first square.	第一行还缺 1 和 3，而且第一格比第二格小。点第一格。	いちばん上の行にはまだ1と3が必要で、1マス目は2マス目より小さいです。1マス目をタップしましょう。	A la fila de arriba aún le faltan el 1 y el 3, y su primera casilla es menor que la segunda. Toca la primera casilla.	Der obersten Zeile fehlen noch 1 und 3, und ihr erstes Feld ist kleiner als das zweite. Tippe auf das erste Feld.
The top run must make 3 from two different digits, so it's 1 and 2. Tap the first square of that run.	上面一段要用两个不同的数凑出 3，所以是 1 和 2。点这一段的第一个格子。	上の並びは、ちがう数字2つで3にするので1と2です。この並びの最初のマスをタップしましょう。	El tramo de arriba debe sumar 3 con dos números distintos, así que son 1 y 2. Toca la primera casilla de ese tramo.	Der obere Block muss 3 aus zwei verschiedenen Ziffern ergeben, also 1 und 2. Tippe auf das erste Feld dieses Blocks.
The top-left box has three sides. Draw its missing side.	左上的方格已经有三条边了。画上缺的那条边。	左上の箱には辺が3本あります。足りない辺を引きましょう。	La caja de arriba a la izquierda tiene tres lados. Traza el que falta.	Das Kästchen oben links hat drei Seiten. Zieh die fehlende.
The top-left cage needs 4 from two different digits. Which pair works?	左上的笼子要用两个不同的数字凑出 4。哪一对可以？	左上のケージは、ちがう数字2つで4にします。どの組み合わせ？	La jaula de arriba a la izquierda necesita 4 con dos números distintos. ¿Qué pareja sirve?	Der Käfig oben links braucht 4 aus zwei verschiedenen Ziffern. Welches Paar passt?
The two 2s at the bottom of the left column can merge. Swipe down.	左列下面的两个 2 可以合并。向下滑。	左の列の下にある2つの2が合体できます。下にスワイプしましょう。	Los dos 2 de abajo de la columna izquierda pueden unirse. Desliza hacia abajo.	Die beiden 2en unten in der linken Spalte können verschmelzen. Wisch nach unten.
The white disc between your two black discs flipped.	夹在你两枚黑棋之间的白棋翻过来了。	2つの黒い石にはさまれた白い石がひっくり返りました。	La ficha blanca entre tus dos negras se ha dado la vuelta.	Der weiße Stein zwischen deinen zwei schwarzen hat sich umgedreht.
The word was {0}	答案是 {0}	答えは{0}でした	La palabra era {0}	Das Wort war {0}
The word was {0}.	答案是 {0}。	答えは {0} でした。	La palabra era {0}.	Das Wort war {0}.
The yellow peg.	黄色那颗钉。	黄色いピンです。	La clavija amarilla.	Der gelbe Stift.
Theme	主题	テーマ	Tema	Thema
Theme code	主题代码	テーマコード	Código del tema	Design-Code
Theme code copied. Share it so others can import it.	主题代码已复制。分享出去，别人就能导入。	テーマコードをコピーしました。共有すれば他の人も読み込めます。	Código del tema copiado. Compártelo para que otros lo importen.	Design-Code kopiert. Teile ihn, damit andere ihn importieren können.
Theme default	主题默认	テーマの初期値	Valor del tema	Design-Standard
Theme imported	主题已导入	テーマを読み込みました	Tema importado	Design importiert
Theme is missing colors	主题缺少颜色	テーマに色が足りません	Al tema le faltan colores	Dem Design fehlen Farben
Theme name	主题名称	テーマ名	Nombre del tema	Name des Designs
Themes	主题	テーマ	Temas	Designs
Themes and dark mode	主题与深色模式	テーマとダークモード	Temas y modo oscuro	Designs und dunkler Modus
There are no starting digits; the cage totals give everything you need.	没有初始数字；笼子的总和就提供了所需的一切。	最初の数字はありません。ケージの合計だけで解けます。	No hay números iniciales; los totales de las jaulas dan todo lo que necesitas.	Es gibt keine Startziffern; die Käfigsummen liefern alles, was du brauchst.
Thermo	温度计	サーモ	Termómetro	Thermo
They go before BALL	都能放在 BALL 前面	BALL の前につく	Van delante de BALL	Sie stehen vor BALL
They merged into a 4 at the bottom. Keep building towards one corner.	它们在底部合并成了 4。继续朝一个角落拼。	下で4になりました。ひとつの角に向かって育て続けましょう。	Se han unido en un 4 abajo. Sigue construyendo hacia una esquina.	Sie sind unten zu einer 4 verschmolzen. Bau weiter auf eine Ecke zu.
Third square of the top row.	第一行的第三格。	いちばん上の行の3マス目です。	La tercera casilla de la fila de arriba.	Das dritte Feld der obersten Zeile.
This answer has empty squares.	这个答案还有空格。	この答えにはまだ空いたマスがあります。	Esta respuesta tiene casillas vacías.	In dieser Antwort sind noch Felder leer.
This answer is already correct.	这个答案已经正确。	この答えはもう正解です。	Esta respuesta ya es correcta.	Diese Antwort ist schon richtig.
This answer is correct.	答案正确。	正解です。	Esta respuesta es correcta.	Diese Antwort ist richtig.
This answer needs another look.	这个答案再看看。	この答えはもう一度見直しましょう。	Revisa otra vez esta respuesta.	Schau dir diese Antwort noch einmal an.
This grid doesn't have exactly one answer yet.	这个盘面还不是恰好只有一个答案。	この盤の答えは、まだひとつに決まっていません。	Esta cuadrícula aún no tiene una única solución.	Dieses Gitter hat noch nicht genau eine Lösung.
This grid has no answer, so no digits can fix it.	这个盘面没有答案，加数字也无法补救。	この盤には答えがないので、数字を足しても直せません。	Esta cuadrícula no tiene solución, así que ningún número la arregla.	Dieses Gitter hat keine Lösung, daran ändern auch keine Ziffern etwas.
This grid is too open to check quickly. Add a few starting digits.	这个盘面太空，无法快速检查。请加几个初始数字。	空きが多すぎて、すぐには確認できません。最初の数字をいくつか足してください。	Esta cuadrícula es demasiado abierta para comprobarla rápido. Añade algunos números iniciales.	Dieses Gitter ist zu offen für eine schnelle Prüfung. Füge ein paar Startziffern hinzu.
This guess is red, green, blue, purple. One filled key and one open key: one peg is in the right place, and one right color is in the wrong place. The keys do not say which peg.	这次猜的是红、绿、蓝、紫。一颗实心钉、一颗空心钉：有一颗颜色和位置都对，还有一种对的颜色放错了位置。提示钉不会指出是哪一颗。	この推測は赤、緑、青、紫です。塗りつぶしが1つ、輪郭が1つ。位置も色も正しいピンが1本、色は正しく位置がちがうものが1つあります。どのピンかはキーではわかりません。	Este intento es rojo, verde, azul, morado. Una clave rellena y una hueca: una clavija está en su sitio y un color correcto está en otro lugar. Las claves no dicen cuál.	Dieser Versuch ist rot, grün, blau, lila. Ein gefüllter und ein offener Schlüssel: ein Stift sitzt richtig, und eine richtige Farbe sitzt falsch. Die Schlüssel sagen nicht, welcher Stift.
This is a small 4×4 Sudoku. Every row, column and 2×2 box needs 1, 2, 3 and 4 exactly once. The thick lines mark the boxes.	这是一个小的 4×4 数独。每一行、每一列和每个 2×2 宫都要恰好包含 1、2、3、4 各一次。粗线标出了宫。	これは小さな4×4のナンプレです。どの行・列・2×2のボックスにも、1・2・3・4がちょうど1回ずつ入ります。太線がボックスの区切りです。	Este es un sudoku pequeño de 4×4. Cada fila, columna y caja de 2×2 necesita el 1, el 2, el 3 y el 4 una sola vez. Las líneas gruesas marcan las cajas.	Das ist ein kleines 4×4-Sudoku. Jede Zeile, Spalte und jeder 2×2-Kasten braucht 1, 2, 3 und 4 genau einmal. Die dicken Linien markieren die Kästen.
This map shows the five grids, each drawn as its 3×3 boxes. The starred boxes belong to two grids at once.	这张总览图显示了五个盘面，每个都画成 3×3 个宫。带星号的宫同时属于两个盘面。	この全体図は5つの盤を、それぞれ3×3のボックスで表しています。星のついたボックスは2つの盤に属します。	Este mapa muestra las cinco cuadrículas, cada una dibujada como sus cajas de 3×3. Las cajas con estrella pertenecen a dos cuadrículas a la vez.	Diese Übersicht zeigt die fünf Gitter, jeweils als ihre 3×3-Kästen. Die Kästen mit Stern gehören zu zwei Gittern zugleich.
This position cannot be cleared. Undo a move or restart the deal.	这个局面已无法清空。撤销一步或重新开始本局。	この状態からは全部取れません。1手戻すか、配牌をやり直してください。	Esta posición no se puede vaciar. Deshaz un movimiento o reinicia el reparto.	Diese Stellung lässt sich nicht mehr leeren. Nimm einen Zug zurück oder beginne die Runde neu.
This removes every finished game and all high scores. It can't be undone.	这会删除所有已完成的游戏和最高纪录，且无法撤销。	終わったゲームとハイスコアがすべて消えます。元に戻せません。	Se borrarán todas las partidas terminadas y todos los récords. No se puede deshacer.	Damit werden alle beendeten Spiele und Bestleistungen gelöscht. Das lässt sich nicht rückgängig machen.
This removes every game in progress, every finished game, high scores and Sudoku statistics. It can't be undone.	这会删除所有进行中的游戏、已完成的游戏、最高纪录和数独统计，且无法撤销。	プレイ中のゲーム、終わったゲーム、ハイスコア、ナンプレの統計がすべて消えます。元に戻せません。	Se borrarán todas las partidas en curso, todas las partidas terminadas, los récords y las estadísticas de sudoku. No se puede deshacer.	Damit werden alle laufenden Spiele, alle beendeten Spiele, Bestleistungen und die Sudoku-Statistik gelöscht. Das lässt sich nicht rückgängig machen.
This replaces your current {0} game.	这会替换你当前的{0}进度。	今の「{0}」のゲームが置き換わります。	Esto reemplaza tu partida actual de {0}.	Dein aktuelles Spiel ({0}) wird ersetzt.
This replaces your saved puzzle.	这会替换你保存的谜题。	保存しているパズルが置き換わります。	Esto reemplaza tu puzzle guardado.	Dein gespeichertes Rätsel wird ersetzt.
This replaces your saved {0} game.	这会替换你保存的{0}进度。	保存している「{0}」のゲームが置き換わります。	Esto reemplaza tu partida guardada de {0}.	Dein gespeichertes Spiel ({0}) wird ersetzt.
This replaces your saved {0} puzzle.	这会替换你保存的{0}谜题。	保存している「{0}」のパズルが置き換わります。	Esto reemplaza tu puzzle guardado de {0}.	Dein gespeichertes Rätsel ({0}) wird ersetzt.
This round	本轮	このラウンド	Esta ronda	Diese Runde
Threads can be categories (Fruits), words that join another word (___BALL, SUN___), hidden words or anagrams.	共同点可以是类别（水果）、能和另一个词组成新词的词（___BALL、SUN___）、藏着的词或字母重排词。	共通点は、カテゴリー（果物）、別の語とくっつく語（___BALL、SUN___）、隠れた語、アナグラムなどです。	Los hilos pueden ser categorías (Frutas), palabras que se unen a otra (___BALL, SUN___), palabras ocultas o anagramas.	Fäden können Kategorien sein (Obst), Wörter, die sich mit einem anderen verbinden (___BALL, SUN___), versteckte Wörter oder Anagramme.
Three of those four belong together.	这四个里有三个是一组的。	その4語のうち3語は同じグループです。	Tres de esas cuatro van juntas.	Drei dieser vier gehören zusammen.
Three of yours sit on the bottom, with one gap. Drop there to make four across.	你有三枚棋子在最下面，中间空了一格。落在那里就能横向连成四子。	一番下に自分のコマが3つあり、1つ空いています。そこに落として横に4つ揃えましょう。	Tres fichas tuyas están abajo, con un hueco. Suéltala ahí para hacer cuatro en horizontal.	Drei deiner Scheiben liegen unten, mit einer Lücke. Wirf dort hinein, um vier waagerecht zu bekommen.
Throw	投掷	投げる	Lanzar	Werfen
Throw daggers into a spinning log and stick every one.	把短刃投进旋转的圆木，并全部扎上。	回る丸太に短刀を投げ、全部刺します。	Lanza dagas a un tronco que gira y clávalas todas.	Wirf Dolche in einen drehenden Stamm und steck jeden fest.
Throw into the spinning log	投进旋转的圆木	回る丸太に投げ込む	Lanza al tronco que gira	Wirf in den drehenden Stamm
Throw when the gap is at the bottom, where the dagger arrives.	等缺口转到下方、短刃到达的地方再投。	短刀が届く下側にすき間が来たときに投げます。	Lanza cuando el hueco esté abajo, donde llega la daga.	Wirf, wenn die Lücke unten ist, dort, wo der Dolch ankommt.
Tile and domino face	牌面与骨牌面	牌とドミノの表面	Cara de fichas y dominó	Oberfläche von Steinen und Domino
Tile edge	牌边	牌の側面	Borde de las fichas	Steinkante
Tile spawns are seeded per game; there is no final level.	每局方块的出现由种子决定；没有最终关卡。	タイルの出方は毎回決まったシードで作られます。最終レベルはありません。	La aparición de fichas depende de la semilla de cada partida; no hay nivel final.	Das Erscheinen der Kacheln hängt vom Startwert des Spiels ab; es gibt kein letztes Level.
Tile {0}	字母块 {0}	タイル {0}	Ficha {0}	Stein {0}
Tiles	方块	タイル	Mosaico	Kacheln
Time {0}	用时 {0}	タイム {0}	Tiempo {0}	Zeit {0}
Timed	计时	タイムあり	Con tiempo	Mit Zeit
Timed {0}	计时 {0}	タイム {0}	Con tiempo {0}	Mit Zeit {0}
Tiny target	极小目标	ごく小さい的	Blanco diminuto	Winziges Ziel
Tips	小技巧	コツ	Consejos	Tipps
Too open to check. Add a few starting digits.	太空了，无法检查。请加几个初始数字。	空きが多すぎて確認できません。最初の数字をいくつか足してください。	Demasiado abierta para comprobarla. Añade algunos números iniciales.	Zu offen zum Prüfen. Füge ein paar Startziffern hinzu.
Tools	工具	道具	Herramientas	Werkzeuge
Top left	左上	左上	Arriba a la izquierda	Oben links
Top right	右上	右上	Arriba a la derecha	Oben rechts
Total	总和	合計	Total	Summe
Trade pieces when you're ahead.	领先时就多兑子。	リードしているときは、駒を交換していきましょう。	Cambia piezas cuando vayas ganando.	Tausche Steine, wenn du vorn liegst.
Trap your opponent's discs to flip them to your colour.	夹住对手的棋子，把它们翻成你的颜色。	相手の石をはさんで、自分の色にひっくり返しましょう。	Atrapa las fichas rivales para darles la vuelta a tu color.	Schließe gegnerische Steine ein, um sie in deine Farbe umzudrehen.
Travel	旅行	旅行	Viajes	Reisen
Trees	树木	木	Árboles	Bäume
Try each of 1 and 2 against the down total 4.	分别用 1 和 2 去对照纵向总和 4。	1と2のそれぞれで、タテの合計4に合うか試しましょう。	Prueba el 1 y el 2 con el total vertical 4.	Probier 1 und 2 jeweils mit der senkrechten Summe 4 aus.
Try each word with BALL after it.	在每个词后面加上 BALL 试试。	それぞれの語のあとに BALL をつけてみましょう。	Prueba cada palabra con BALL detrás.	Probier jedes Wort mit BALL dahinter.
Try moving {0} to column {1}.	试试把 {0} 移到第 {1} 列。	{0}を{1}列目へ動かしてみましょう。	Prueba a mover {0} a la columna {1}.	Versuch, {0} auf Spalte {1} zu legen.
Try the guided tutorial	试试引导教程	ガイド付きチュートリアルを試す	Prueba el tutorial guiado	Probier das geführte Tutorial
Try the highlighted pair. A clearing route was verified.	试试高亮的这一对，已验证能清空牌面。	光っているペアを取ってみてください。全部取れる手順を確認済みです。	Prueba la pareja resaltada. Hay una forma comprobada de vaciar el tablero.	Probier das markierte Paar. Ein Weg zum Leeren wurde bestätigt.
Try: {0}	试试：{0}	おすすめ：{0}	Prueba: {0}	Versuch: {0}
Turn over a tile you haven't seen before rather than one you know.	优先翻开没看过的牌，而不是已经知道的牌。	知っている牌より、まだ見ていない牌をめくりましょう。	Da la vuelta a una ficha que no hayas visto antes en lugar de una que ya conoces.	Deck lieber einen Stein auf, den du noch nicht kennst, als einen bekannten.
Turn over another one: try the top-middle tile.	再翻一张：试试上面中间那张。	もう1枚めくりましょう。上のまん中の牌はどうでしょう。	Da la vuelta a otra: prueba con la de arriba en el centro.	Deck noch einen auf: Versuch den oben in der Mitte.
Turn over the bottom-middle tile.	翻开下面中间那张。	下のまん中の牌をめくりましょう。	Da la vuelta a la ficha de abajo en el centro.	Deck den Stein unten in der Mitte auf.
Turn over the top-left tile.	翻开左上角的牌。	左上の牌をめくりましょう。	Da la vuelta a la ficha de arriba a la izquierda.	Deck den Stein oben links auf.
Turn over two tiles at a time and find every pair.	每次翻开两张牌，找出所有的对子。	牌を2枚ずつめくって、すべてのペアを見つけましょう。	Da la vuelta a dos fichas cada vez y encuentra todas las parejas.	Decke immer zwei Steine auf und finde alle Paare.
Turn stock cards onto the waste; the top waste card can pair with a pyramid card or another waste card.	把牌堆的牌翻到弃牌堆；弃牌堆最上面的牌可以和金字塔里的牌或另一张弃牌配对。	山札をめくって捨て札に置きます。捨て札のいちばん上は、ピラミッドのカードや別の捨て札と組み合わせられます。	Pasa cartas del mazo al descarte; la carta superior del descarte puede emparejarse con una de la pirámide o con otra del descarte.	Dreh Karten vom Stapel auf den Ablagestapel; dessen oberste Karte kann mit einer Pyramidenkarte oder einer anderen Ablagekarte ein Paar bilden.
Two decks are dealt into ten columns. Build runs down from King to Ace.	两副牌发成十列。从 K 往下接到 A。	2組のトランプを10列に配ります。キングからエースへ、小さい数字を重ねていきます。	Se reparten dos barajas en diez columnas. Forma escaleras descendentes del rey al as.	Zwei Decks werden in zehn Spalten ausgeteilt. Baue abwärts vom König bis zum Ass.
Two decks with 1, 2 or 4 suits; 10 columns and 5 deals.	两副牌，1、2 或 4 种花色；10 列，发 5 次。	2組のカード、1・2・4スート。10列、配り5回。	Dos barajas con 1, 2 o 4 palos; 10 columnas y 5 repartos.	Zwei Kartenspiele mit 1, 2 oder 4 Farben; 10 Spalten und 5 Austeilungen.
Two decks; build King-to-Ace runs in one suit.	两副牌；按同一花色从 K 接到 A。	2組のトランプで、同じマークのキングからエースまでの列を作ります。	Dos barajas; forma escaleras del rey al as de un solo palo.	Zwei Decks; baue Folgen vom König bis zum Ass in einer Farbe.
Two lines flipped at once, and a corner disc can never be flipped back.	一次翻了两条线，而且角上的棋子永远不会被翻回去。	一度に2列ひっくり返り、しかも角の石はもう返されません。	Se han volteado dos líneas a la vez, y una ficha en la esquina nunca se puede voltear.	Zwei Linien auf einmal umgedreht, und ein Eckstein kann nie zurückgedreht werden.
Two starting digits break a rule.	有两个初始数字违反了规则。	最初の数字の2つがルールに反しています。	Dos números iniciales incumplen una regla.	Zwei Startziffern verstoßen gegen eine Regel.
Two tiles with the same number that collide merge into one tile with their sum. A tile merges once per move.	两个数字相同的方块相撞，会合并成一个数字是它们之和的方块。每个方块每步只合并一次。	同じ数字のタイルがぶつかると、合計の数字のタイル1枚になります。1手で合体できるのは1回だけです。	Dos fichas con el mismo número que chocan se unen en una con su suma. Cada ficha se une una vez por movimiento.	Zwei Kacheln mit gleicher Zahl, die zusammenstoßen, verschmelzen zu einer mit ihrer Summe. Pro Zug verschmilzt eine Kachel nur einmal.
Two ways to play	两种玩法	遊び方は2つ	Dos formas de jugar	Zwei Spielarten
Two ways to play: an endless high score, and 48 numbered logs. A boss every fifth log, challenge logs, and stars for fruit taken.	两种玩法：无尽高分，以及 48 根编号圆木。每五根一个首领，另有挑战圆木，摘到的果子记为星星。	遊び方は2つ。エンドレスのハイスコアと、番号つきの丸太48本。5本ごとにボス、挑戦の丸太、取った果実の星。	Dos formas de jugar: una puntuación sin fin y 48 troncos numerados. Un jefe cada cinco, troncos de reto y estrellas por la fruta.	Zwei Spielarten: ein Endlos-Bestwert und 48 nummerierte Stämme. Jeder fünfte ein Boss, Herausforderungs-Stämme und Sterne für genommenes Obst.
Type a five-letter word and press Enter. Each letter is then marked.	输入一个五字母单词并按 Enter，每个字母都会被标记。	5文字の単語を入力して Enter を押すと、各文字に印がつきます。	Escribe una palabra de cinco letras y pulsa Enter. Cada letra queda marcada.	Gib ein Wort mit fünf Buchstaben ein und drücke Enter. Dann wird jeder Buchstabe markiert.
Type the answer	输入答案	答えを入力	Escribe la respuesta	Antwort eingeben
Type what you think the word means. Your own words are fine; you don't need a dictionary definition.	输入你认为这个词的意思。用自己的话就行，不需要字典里的定义。	その言葉の意味だと思うことを入力します。自分の言葉でOK。辞書の定義でなくてかまいません。	Escribe lo que crees que significa. Vale con tus propias palabras; no hace falta una definición de diccionario.	Schreib, was das Wort deiner Meinung nach bedeutet. Eigene Worte reichen, eine Wörterbuchdefinition brauchst du nicht.
typed	已输入	入力済み	escrita	getippt
uncovered	没被压住	取れる	descubierta	frei
Uncovering face-down cards is usually more valuable than drawing from the stock.	翻开背面朝上的牌通常比从牌堆抽牌更有价值。	裏向きのカードを表にする方が、山札をめくるより役に立つことが多いです。	Destapar cartas boca abajo suele valer más que robar del mazo.	Verdeckte Karten aufzudecken ist meist mehr wert, als vom Stapel zu ziehen.
Undo	撤销	元に戻す	Deshacer	Rückgängig
Undo to step back, or try another board.	撤销退一步，或者换一局试试。	元に戻すか、別の盤で試してください。	Deshaz para retroceder o prueba otro tablero.	Nimm einen Zug zurück oder versuch ein anderes Brett.
Unfinished layout	布局未完成	未完成のレイアウト	Diseño sin terminar	Unfertiges Layout
Units of time	时间单位	時間の単位	Unidades de tiempo	Zeiteinheiten
Unjumble each word by tapping its letters in order. Any real word using all the letters counts. Stuck? Shuffle the tiles, reveal the next letter, or skip and come back later. Eight words per round.	按顺序点字母，把打乱的单词还原。用上全部字母的任何真实单词都算对。卡住了？可以打乱字母块、揭示下一个字母，或者先跳过、之后再回来。每轮八个单词。	文字を順番にタップして、ばらばらの言葉を元に戻します。すべての文字を使った本当の言葉なら正解です。つまったら、タイルをまぜる・次の文字を見る・とばして後で戻る、ができます。1ラウンド8語です。	Ordena cada palabra tocando sus letras en orden. Vale cualquier palabra real que use todas las letras. ¿Atascado? Mezcla las fichas, revela la siguiente letra o salta y vuelve más tarde. Ocho palabras por ronda.	Entwirre jedes Wort, indem du seine Buchstaben der Reihe nach antippst. Jedes echte Wort mit allen Buchstaben zählt. Du hängst fest? Misch die Steine, deck den nächsten Buchstaben auf oder überspring es und komm später zurück. Acht Wörter pro Runde.
Unjumble words	还原打乱的词	並んだ文字を戻す	Ordena las letras	Wörter entwirren
Unlimited	不限	無制限	Ilimitadas	Unbegrenzt
Unlimited passes	轮数不限	回数無制限	Pasadas ilimitadas	Unbegrenzte Durchgänge
unsolved	未解出	未解決	sin resolver	ungelöst
Untimed	不计时	タイムなし	Sin tiempo	Ohne Zeit
Untitled grid	未命名盘面	無題の盤	Cuadrícula sin nombre	Unbenanntes Gitter
Use 1–{0} characters without | or line breaks.	请使用 1–{0} 个字符，不要包含 | 或换行。	|や改行を使わず、1〜{0}文字で入力してください。	Usa de 1 a {0} caracteres, sin | ni saltos de línea.	Verwende 1–{0} Zeichen ohne | oder Zeilenumbrüche.
Use color	使用此颜色	この色を使う	Usar color	Farbe verwenden
Use the keyboard colors to see which letters are still possible.	看键盘上的颜色，就知道哪些字母还有可能。	キーボードの色で、まだ使える文字がわかります。	Fíjate en los colores del teclado para ver qué letras siguen siendo posibles.	An den Tastaturfarben siehst du, welche Buchstaben noch möglich sind.
used	已使用	使用済み	usada	benutzt
Variant	玩法	種類	Variante	Variante
Variants add one extra rule: Diagonal X (both long diagonals hold each digit once), Jigsaw (odd-shaped boxes), Killer (cages add up to their totals), Thermo (digits rise from the bulb), Kropki (a white dot joins consecutive digits, a black dot joins a digit and its double), Arrow (digits on an arrow add up to its circle) and Sandwich (the total between 1 and 9 in a row or column is shown outside).	各种玩法会多加一条规则：对角线（两条长对角线上每个数字只出现一次）、锯齿（宫的形状不规则）、杀手（笼子里的数字加起来等于总和）、温度计（数字从球部开始递增）、黑白点（白点连接相邻数字，黑点连接一个数和它的两倍）、箭头（箭头上的数字之和等于圆圈里的数）和三明治（行或列中 1 与 9 之间的数字之和标在外面）。	種類ごとにルールがひとつ加わります。対角線（2本の長い対角線にも数字が1回ずつ）、ジグソー（形がいびつなボックス）、キラー（ケージの合計）、サーモ（温度計の丸から数字が増える）、クロプキ（白い点は連続する数字、黒い点は2倍の数字）、アロー（矢印の数字の合計が丸の数字）、サンドイッチ（行・列の1と9の間の合計が外に書かれている）。	Las variantes añaden una regla: Diagonal X (las dos diagonales largas contienen cada número una vez), Irregular (cajas de formas raras), Asesino (las jaulas suman su total), Termómetro (los números suben desde el bulbo), Kropki (un punto blanco une números consecutivos y uno negro un número y su doble), Flecha (los números de la flecha suman su círculo) y Sándwich (fuera se indica la suma entre el 1 y el 9 de una fila o columna).	Varianten bringen eine Zusatzregel: Diagonal-X (beide langen Diagonalen enthalten jede Ziffer einmal), Puzzle (ungewöhnlich geformte Kästen), Killer (Käfige ergeben ihre Summe), Thermo (Ziffern steigen ab der Kugel an), Kropki (ein weißer Punkt verbindet aufeinanderfolgende Ziffern, ein schwarzer eine Ziffer und ihr Doppeltes), Pfeil (die Ziffern auf einem Pfeil ergeben seinen Kreis) und Sandwich (außen steht die Summe zwischen 1 und 9 einer Zeile oder Spalte).
Vegetables	蔬菜	野菜	Verduras	Gemüse
Vehicles	交通工具	乗り物	Vehículos	Fahrzeuge
verb	动词	動詞	verbo	Verb
Verified clearable deals with shuffled tile faces. Exact unique-deal count not measured.	每局都已验证能清空，牌面随机排列。未统计不同牌局的确切数量。	全部取れることを確認済みの配牌で、牌の絵はシャッフルされます。異なる配牌の正確な数は測っていません。	Repartos comprobados que se pueden vaciar, con las fichas barajadas. No se ha medido el número exacto de repartos distintos.	Geprüft lösbare Runden mit gemischten Steinbildern. Die genaue Zahl verschiedener Runden ist nicht gemessen.
Version {0}	版本 {0}	バージョン {0}	Versión {0}	Version {0}
Very rich	非常有钱	とてもお金持ち	Muy rico	Sehr reich
Wait	等待	待つ	Esperar	Warten
Waste	弃牌堆	捨て札	Descarte	Ablage
Waste, {0}	弃牌，{0}	捨て札、{0}	Descarte, {0}	Ablage, {0}
Watch the next pieces to plan ahead.	看看接下来的方块，提前计划。	次のピースを見て、先を読みましょう。	Fíjate en las siguientes piezas para planificar.	Behalte die nächsten Teile im Blick, um vorauszuplanen.
Weather	天气	天気	Tiempo	Wetter
Well done. That's all Sudoku is: one careful deduction at a time.	做得好。数独就是这样：一步一步仔细推理。	よくできました。ナンプレはこうやって、ひとつずつ確かに推理していくパズルです。	Muy bien. En eso consiste el sudoku: una deducción cuidadosa tras otra.	Gut gemacht. Mehr ist Sudoku nicht: ein sorgfältiger Schluss nach dem anderen.
Well played! Start a new game to go again.	打得好！开始新游戏再来一局。	お見事！新しいゲームでもう一度どうぞ。	¡Bien jugado! Empieza otra partida para repetir.	Gut gespielt! Starte ein neues Spiel für eine weitere Runde.
West wind	西风	西	Viento del oeste	Westwind
What completes the bottom row?	什么能让最下面一行完整？	いちばん下の行をそろえる数字は？	¿Qué completa la fila de abajo?	Was vervollständigt die unterste Zeile?
What do you think frugal means?	你觉得 frugal 是什么意思？	frugal はどんな意味だと思いますか？	¿Qué crees que significa frugal?	Was bedeutet frugal deiner Meinung nach?
What do you think it means?	你觉得它是什么意思？	どんな意味だと思いますか？	¿Qué crees que significa?	Was bedeutet es deiner Meinung nach?
What goes in a one-square cage with total 2?	总和为 2 的一格笼子里填什么？	合計2の1マスのケージに入る数字は？	¿Qué va en una jaula de una casilla con total 2?	Was kommt in einen Ein-Feld-Käfig mit Summe 2?
What goes there?	那里填什么？	そこに入る数字は？	¿Qué va ahí?	Was kommt dort hin?
When a line's clue is complete, cross off its remaining squares.	一行（列）的提示完成后，把剩下的格子都打叉。	ヒントどおりに塗り終えた列は、残りのマスにバツをつけましょう。	Cuando una línea cumple su pista, tacha las casillas que le quedan.	Ist der Hinweis einer Linie erfüllt, kreuze ihre übrigen Felder ab.
When every line is drawn, the player with more boxes wins.	所有线都画完后，方格多的一方获胜。	すべての線を引き終えたとき、箱の多い方の勝ちです。	Cuando todas las líneas estén trazadas, gana quien tenga más cajas.	Sind alle Linien gezogen, gewinnt, wer mehr Kästchen hat.
When the gap comes around, throw. Stick every dagger and the log bursts.	等缺口转过来再投。短刃全部扎上，圆木就会裂开。	すき間が回ってきたら投げます。短刀をすべて刺すと丸太が割れます。	Cuando el hueco vuelva, lanza. Clava todas las dagas y el tronco estalla.	Wenn die Lücke wiederkommt, wirf. Stecken alle Dolche, birst der Stamm.
When three copies of a tile are free, think about which pair leaves the fourth reachable.	如果同一种牌有三张是自由的，想想拿哪一对才能让第四张还拿得到。	同じ牌が3枚取れるときは、4枚目が取れるように残すペアを考えましょう。	Cuando haya tres copias libres de una ficha, piensa qué pareja deja accesible la cuarta.	Sind drei gleiche Steine frei, überleg, welches Paar den vierten erreichbar lässt.
Where an across run and a down run cross, the digit must fit both.	横向和纵向的两段交叉的地方，数字必须同时满足两边。	ヨコとタテの並びが交わるマスの数字は、両方に合わなければなりません。	Donde se cruzan un tramo horizontal y uno vertical, el número debe servir para los dos.	Wo sich ein waagerechter und ein senkrechter Block kreuzen, muss die Ziffer zu beiden passen.
Which digit completes that column?	哪个数字能让这一列完整？	この列をそろえる数字は？	¿Qué número completa esa columna?	Welche Ziffer vervollständigt die Spalte?
Which digit finishes the box?	哪个数字能填满这个宫？	このボックスを完成させる数字は？	¿Qué número completa la caja?	Welche Ziffer macht den Kasten voll?
Which digit goes in the corner?	角上填哪个数字？	角に入る数字は？	¿Qué número va en la esquina?	Welche Ziffer kommt in die Ecke?
Which digit goes in the smaller square?	较小的格子里填哪个数字？	小さい方のマスに入る数字は？	¿Qué número va en la casilla menor?	Welche Ziffer kommt ins kleinere Feld?
Which digit is left for it?	它还能填哪个数字？	このマスに残る数字は？	¿Qué número le queda?	Welche Ziffer bleibt dafür übrig?
Which digit is missing from 5 3 _ 6 7 8 9 1 2?	5 3 _ 6 7 8 9 1 2 缺哪个数字？	5 3 _ 6 7 8 9 1 2 に足りない数字は？	¿Qué número falta en 5 3 _ 6 7 8 9 1 2?	Welche Ziffer fehlt in 5 3 _ 6 7 8 9 1 2?
Which digit is missing from the top row?	第一行缺哪个数字？	いちばん上の行に足りない数字は？	¿Qué número le falta a la fila de arriba?	Welche Ziffer fehlt in der obersten Zeile?
Which word fits _ _ A N T without C, H, S or I?	哪个词符合 _ _ A N T，而且不含 C、H、S、I？	C、H、S、I を使わずに _ _ A N T に合う単語は？	¿Qué palabra encaja en _ _ A N T sin C, H, S ni I?	Welches Wort passt zu _ _ A N T ohne C, H, S oder I?
white	白	白	blanca	weiß
white disc	白棋	白い石	ficha blanca	weißer Stein
White dots join consecutive digits; black dots join a 1:2 pair.	白点连接相邻的连续数字；黑点连接一个是另一个两倍的一对。	白い点は連続する数字、黒い点は一方がもう一方の2倍の数字をつなぎます。	Los puntos blancos unen números consecutivos; los negros, una pareja en proporción 1:2.	Weiße Punkte verbinden aufeinanderfolgende Ziffern, schwarze ein 1:2-Paar.
White dragon	白板	白	Dragón blanco	Weißer Drache
White replies in the top row and flips one of yours back.	白棋在最上面一行应了一步，把你的一枚棋子翻了回去。	白はいちばん上の列に置き、あなたの石をひとつひっくり返しました。	Las blancas responden en la fila de arriba y te voltean una ficha.	Weiß antwortet in der obersten Reihe und dreht einen deiner Steine zurück.
Whoever draws the last possible line wins.	画出最后一条可画的线的人获胜。	最後に引ける線を引いた人の勝ちです。	Gana quien trace la última línea posible.	Wer die letzte mögliche Linie zieht, gewinnt.
Wild animals	野生动物	野生動物	Animales salvajes	Wildtiere
Win games to earn hints: 1 on the easiest level, up to 4 on the hardest. Finishing a tutorial earns 1 too. You can also switch off “Earn hints through play” in Settings.	赢得游戏就能获得提示：最简单难度得 1 次，最难的最多得 4 次。完成一个教程也能得 1 次。你也可以在设置中关闭“通过游戏赚取提示”。	ゲームに勝つとヒントがもらえます。いちばんやさしいレベルで1回、いちばん難しいレベルで最大4回です。チュートリアルを終えても1回もらえます。設定で「プレイしてヒントを獲得」をオフにすることもできます。	Gana partidas para conseguir pistas: 1 en el nivel más fácil y hasta 4 en el más difícil. Terminar un tutorial también da 1. También puedes desactivar «Ganar pistas jugando» en Ajustes.	Gewinne Spiele, um Tipps zu verdienen: 1 auf der leichtesten Stufe, bis zu 4 auf der schwersten. Auch jedes abgeschlossene Tutorial bringt 1. Du kannst „Tipps durch Spielen verdienen“ auch in den Einstellungen ausschalten.
wins	胜场	勝利	victorias	Siege
Wobble	来回摆	ゆらゆら	Bamboleo	Wackeln
Won	胜	勝ち	Ganada	Gewonnen
Word found!	找到了！	見つけました！	¡Palabra encontrada!	Wort gefunden!
Word games	文字游戏	ことばのゲーム	Juegos de palabras	Wortspiele
Word Meaning	词义	言葉の意味	Significado	Wortbedeutung
Word scramble	字词重组	文字並べ替え	Letras revueltas	Buchstabensalat
Word search	找词游戏	シークワーズ	Sopa de letras	Wortsuche
Word selections, placements and filler vary; exact unique-grid count not measured.	单词选择、摆放和填充字母都会变化；未统计不同盘面的确切数量。	言葉の選び方・置き方・うめ字が変わります。異なる盤の正確な数は測っていません。	Cambian las palabras, su colocación y las letras de relleno; no se ha medido el número exacto de cuadrículas distintas.	Wortauswahl, Platzierung und Fülllbuchstaben ändern sich; die genaue Zahl verschiedener Gitter ist nicht gemessen.
Word {0} of {1}	第 {0}/{1} 个词	{1}語中{0}語目	Palabra {0} de {1}	Wort {0} von {1}
word {0} of {1}	第 {0}/{1} 个词	{1}語中{0}語目	palabra {0} de {1}	Wort {0} von {1}
Words	单词	言葉	Palabras	Wörter
Words come from the bundled vocabulary; any real anagram counts.	单词来自内置词库；任何真实的字谜词都算对。	言葉は内蔵の語彙から出題。本当の言葉なら、どの並べ替えでも正解です。	Las palabras salen del vocabulario incluido; vale cualquier anagrama real.	Die Wörter stammen aus dem eingebauten Wortschatz; jedes echte Anagramm zählt.
words from the list	必须是词表里的词	単語リストの語のみ	solo palabras de la lista	nur Wörter aus der Liste
Wrong flags make chording dangerous. Hint uses only what's visible.	旗插错了，快速翻开就很危险。提示只根据能看到的信息。	旗をまちがえると、一括オープンが危険になります。ヒントは見えている情報だけを使います。	Las banderas equivocadas hacen peligrosa la apertura rápida. La pista solo usa lo que está a la vista.	Falsche Flaggen machen Akkorde gefährlich. Der Tipp nutzt nur, was sichtbar ist.
Wrong place	颜色对，位置错	色は正しく位置がちがう	Color correcto, otro lugar	Richtige Farbe, falscher Platz
Yellow	黄色	黄	Amarillo	Gelb
Yellow peg	黄色钉	黄のピン	Clavija amarilla	Gelber Stift
Yes, and the 1− cage makes the square above it 3, since 3 − 2 = 1.	对，而 1− 的笼子让它上面的格子是 3，因为 3 − 2 = 1。	そのとおり。「1−」のケージから、その上のマスは3です（3 − 2 = 1）。	Sí, y la jaula 1− hace que la casilla de encima sea 3, porque 3 − 2 = 1.	Ja, und der 1−-Käfig macht das Feld darüber zur 3, denn 3 − 2 = 1.
Yes, and the square above it must be 2.	对，那它上面的格子一定是 2。	そのとおり。すると、その上のマスは2です。	Sí, y la casilla de encima tiene que ser 2.	Ja, und das Feld darüber muss 2 sein.
Yes, and the square to its right must be smaller: 1.	对，它右边的格子必须更小：1。	そのとおり。右のマスはそれより小さいので1です。	Sí, y la casilla de su derecha tiene que ser menor: 1.	Ja, und das Feld rechts davon muss kleiner sein: 1.
Yes: 1 is the only digit left for that column.	对：这一列只剩 1 了。	そのとおり。この列に残る数字は1だけです。	Sí: el 1 es el único número que le queda a esa columna.	Ja: Die 1 ist die einzige Ziffer, die dieser Spalte fehlt.
You	你	あなた	Tú	Du
You already tried those four.	这四个你已经试过了。	その4語はもう試しました。	Ya probaste esas cuatro.	Diese vier hast du schon versucht.
You and the computer each have 8 magnetic stones. Take turns placing one inside the ring.	你和电脑各有 8 块磁石。轮流在圈内放一块。	あなたとコンピューターは磁石を8個ずつ持っています。交代でリングの中に1個ずつ置きます。	Tú y el ordenador tenéis 8 piedras magnéticas cada uno. Por turnos, colocad una dentro del anillo.	Du und der Computer habt je 8 Magnetsteine. Abwechselnd legt ihr einen in den Ring.
You and the computer each have {0} magnetic stones. Take turns placing one inside the ring. If your stone lands within the faint pull circle of another stone, they snap together and you take the whole cluster back. Place all your stones first to win. Tap once to preview a spot, tap again to place.	你和电脑各有 {0} 块磁石。轮流在圆环内放一块。如果你的磁石落在另一块磁石淡淡的吸力圈里，它们就会吸在一起，你要把整堆收回手里。先把所有磁石放完的一方获胜。点一下预览位置，再点一下放下。	あなたとコンピューターは、それぞれ{0}個の磁石を持っています。交代にリングの中へ1個ずつ置きます。ほかの磁石のうすい引力の円の中に置くとくっついてしまい、くっついた磁石をまとめて手もとに戻します。先に全部置いた方の勝ちです。1回タップで置き場所を確認、もう1回タップで置きます。	Tú y el ordenador tenéis {0} imanes cada uno. Por turnos, colocad uno dentro del anillo. Si tu imán cae dentro del círculo de atracción de otro, se pegan y te llevas todo el grupo a la mano. Gana quien coloque antes todos sus imanes. Toca una vez para ver el sitio y otra para colocar.	Du und der Computer habt je {0} Magnetsteine. Legt abwechselnd einen in den Ring. Landet dein Stein im schwachen Anziehungskreis eines anderen, schnappen sie zusammen und du nimmst den ganzen Haufen zurück. Wer zuerst alle Steine gelegt hat, gewinnt. Einmal tippen zeigt die Stelle, noch einmal tippen legt den Stein.
You broke the code in 1 guess!	一次就破解了密码！	1回でコードを当てました！	¡Has descifrado el código en 1 intento!	Du hast den Code in 1 Versuch geknackt!
You broke the code in {0} guesses!	用 {0} 次猜测破解了密码！	{0}回でコードを当てました！	¡Has descifrado el código en {0} intentos!	Du hast den Code in {0} Versuchen geknackt!
You can move a face-up card together with the cards on top of it. When a face-down card is uncovered, it turns face up.	你可以把一张正面朝上的牌连同压在它上面的牌一起移动。背面朝上的牌露出来后会自动翻开。	表向きのカードは、上に重なったカードごと動かせます。裏向きのカードが出てくると、表になります。	Puedes mover una carta boca arriba junto con las que tiene encima. Cuando queda al descubierto una carta boca abajo, se gira.	Du kannst eine offene Karte zusammen mit den Karten darauf verschieben. Wird eine verdeckte Karte frei, wird sie aufgedeckt.
You can only take free tiles: nothing may lie on top, and the left or right side must be open.	只能拿自由的牌：上面不能压着牌，而且左边或右边至少有一边是空的。	取れるのは自由な牌だけです。上に何も乗っておらず、左か右が空いている牌です。	Solo puedes coger fichas libres: sin nada encima y con el lado izquierdo o el derecho despejado.	Du darfst nur freie Steine nehmen: Nichts darf darauf liegen, und die linke oder rechte Seite muss frei sein.
You got it!	猜对了！	正解！	¡Lo has adivinado!	Richtig geraten!
You have ten guesses. Tap colors to fill the row, then tap Guess.	你有十次猜测。点颜色填满这一行，再点“猜测”。	推測は10回です。色をタップして列をうめ、「推理」をタップします。	Tienes diez intentos. Toca colores para llenar la fila y luego toca Probar.	Du hast zehn Versuche. Tippe Farben an, um die Reihe zu füllen, und tippe dann auf Raten.
You lead — play any tile from your hand.	你先出——从手里任选一张牌打出。	あなたが最初です。手もとの好きな牌を出してください。	Empiezas tú: juega cualquier ficha de tu mano.	Du fängst an – spiel einen beliebigen Stein aus deiner Hand.
You move first, up the board	你先走，往棋盘上方走	あなたが先手で、上に向かって進みます	Mueves tú primero, hacia arriba	Du ziehst zuerst, nach oben
You play Black and move first on an 8×8 board.	你执黑棋，在 8×8 的棋盘上先走。	あなたは黒で、8×8の盤で先手です。	Juegas con negras y empiezas tú en un tablero de 8×8.	Du spielst Schwarz und ziehst zuerst auf einem 8×8-Brett.
You play Black and move first. Place a disc to trap a line of White discs between two Black discs. All trapped lines flip. If a player has no legal move, that turn is skipped automatically. The game ends when neither can move; most discs wins. Marked squares are legal moves.	你执黑先走。放下一颗棋子，把一排白子夹在两颗黑子之间。所有被夹住的线都会翻过来。如果一方无处可下，这一回合会自动跳过。双方都无法落子时游戏结束，棋子多的一方获胜。标出的格子是可以落子的位置。	あなたは黒で先手です。白石の並びを2つの黒石ではさむように置きます。はさまれた列はすべて裏返ります。置ける場所がないときは、自動的にパスになります。どちらも置けなくなったら終わりで、石の多い方が勝ちです。印のついたマスに置けます。	Juegas con negras y empiezas tú. Coloca una ficha para atrapar una línea de fichas blancas entre dos negras. Se voltean todas las líneas atrapadas. Si un jugador no tiene movimiento válido, pasa automáticamente. La partida termina cuando nadie puede mover; gana quien tiene más fichas. Las casillas marcadas son movimientos válidos.	Du spielst Schwarz und ziehst zuerst. Setze einen Stein so, dass eine Reihe weißer Steine zwischen zwei schwarzen eingeschlossen wird. Alle eingeschlossenen Reihen drehen sich um. Kann ein Spieler nicht setzen, wird er automatisch übersprungen. Das Spiel endet, wenn keiner mehr setzen kann; wer mehr Steine hat, gewinnt. Markierte Felder sind gültige Züge.
You play black. Tap a dot to place a disc; trapped white discs flip.	你执黑。点一个圆点放子，被夹住的白子会翻过来。	あなたは黒です。点をタップして石を置くと、はさまれた白石が裏返ります。	Juegas con negras. Toca un punto para poner una ficha; las blancas atrapadas se voltean.	Du spielst Schwarz. Tippe auf einen Punkt, um einen Stein zu setzen; eingeschlossene weiße Steine drehen sich um.
You play the dark pieces from the bottom and move first. Pieces move diagonally on dark squares.	你执深色棋子，从下方出发，先走。棋子在深色格上斜着走。	あなたは下側の黒い駒で、先手です。駒は黒いマスをななめに進みます。	Juegas con las piezas oscuras desde abajo y empiezas tú. Las piezas se mueven en diagonal por las casillas oscuras.	Du spielst die dunklen Steine von unten und ziehst zuerst. Steine ziehen diagonal auf den dunklen Feldern.
You play the red discs and move first. In a game, tap a column to drop.	你执红子，先手。游戏中点一列即可落子。	あなたは赤いコマで先手です。対局では列をタップして落とします。	Juegas con las fichas rojas y empiezas. En la partida, toca una columna para soltar.	Du spielst die roten Scheiben und beginnst. Tippe in der Partie auf eine Spalte.
You said: {0}	你的回答：{0}	あなたの答え：{0}	Dijiste: {0}	Deine Antwort: {0}
You win when the computer has no pieces or no legal move. Repeated positions or 40 moves each without progress is a draw.	电脑没有棋子或无子可走时你就赢了。局面重复，或双方各走 40 步都没有进展，就算和棋。	コンピューターの駒がなくなるか、動ける手がなくなればあなたの勝ちです。同じ局面のくり返しや、おたがい40手進展がなければ引き分けです。	Ganas cuando el ordenador se queda sin piezas o sin movimientos. Repetir posiciones o hacer 40 movimientos cada uno sin avances es empate.	Du gewinnst, wenn der Computer keine Steine oder keinen Zug mehr hat. Wiederholte Stellungen oder je 40 Züge ohne Fortschritt ergeben ein Remis.
You won!	你赢了！	あなたの勝ち！	¡Has ganado!	Du hast gewonnen!
You {0}	你 {0}	あなた {0}	Tú {0}	Du {0}
You {0} · Computer {1}	你 {0} · 电脑 {1}	あなた{0} · コンピューター{1}	Tú {0} · Ordenador {1}	Du {0} · Computer {1}
You're Black. Circles show your legal moves: each traps white discs in a line.	你执黑。圆圈是你可以下的地方：每一处都能在一条线上夹住白棋。	あなたは黒です。丸は置ける場所で、どれも白い石を1列はさめます。	Juegas con negras. Los círculos son tus movimientos válidos: cada uno atrapa fichas blancas en línea.	Du bist Schwarz. Kreise zeigen deine gültigen Züge: Jeder schließt weiße Steine in einer Linie ein.
You're ready to play {0}!	你已经可以玩{0}了！	これで{0}を遊べます！	¡Ya puedes jugar a {0}!	Du bist bereit für {0}!
You: {0} left · Computer: {1} left	你：剩 {0} · 电脑：剩 {1}	あなた：残り{0} · コンピューター：残り{1}	Tú: quedan {0} · Ordenador: quedan {1}	Du: noch {0} · Computer: noch {1}
You: {0} to place	你：还要放 {0} 块	あなた：あと{0}個	Tú: te quedan {0}	Du: noch {0} zu legen
Your 4|2 matches the 4 on the right. Tap it.	你的 4|2 和右边的 4 相同。点它。	あなたの4|2は右の4に合います。タップしましょう。	Tu 4|2 coincide con el 4 de la derecha. Tócala.	Dein 4|2 passt zur 4 rechts. Tippe darauf.
Your changes to this grid will be lost.	你对这个盘面的修改会丢失。	この盤の変更は失われます。	Se perderán los cambios de esta cuadrícula.	Deine Änderungen an diesem Gitter gehen verloren.
Your checkers	你的棋子	あなたの駒	Tus fichas	Deine Steine
Your dark pieces move diagonally forward (up the board) on the dark squares.	你的深色棋子在深色格上斜着向前（往上）走。	あなたの黒い駒は、黒いマスをななめ前（上）に進みます。	Tus piezas oscuras avanzan en diagonal (hacia arriba) por las casillas oscuras.	Deine dunklen Steine ziehen auf den dunklen Feldern diagonal vorwärts (nach oben).
Your data	你的数据	データ	Tus datos	Deine Daten
your disc	你的棋子	あなたのコマ	tu ficha	deine Scheibe
Your disc landed at the bottom.	你的棋子落在了最下面。	あなたのコマが一番下に着きました。	Tu ficha ha caído hasta abajo.	Deine Scheibe ist unten gelandet.
Your first square and its neighbours are always safe.	你翻开的第一格和它周围的格子一定是安全的。	最初に開けるマスとそのまわりは、必ず安全です。	Tu primera casilla y sus vecinas siempre son seguras.	Dein erstes Feld und seine Nachbarn sind immer sicher.
Your hand	你的手牌	あなたの手	Tu mano	Deine Hand
your king	你的王	あなたのキング	tu dama	deine Dame
Your moves are cleared. The same solvable deal remains.	你的所有操作会被清除，牌局不变，仍然可以清空。	これまでの手が消えます。同じ（全部取れる）配牌のままです。	Se borrarán tus movimientos. El reparto, que tiene solución, sigue siendo el mismo.	Deine Züge werden gelöscht. Die lösbare Runde bleibt dieselbe.
Your moves will be cleared and the game returns to its starting position.	你的所有操作会被清除，游戏回到开局状态。	これまでの手が消え、ゲームは最初の状態に戻ります。	Se borrarán tus movimientos y la partida volverá a la posición inicial.	Deine Züge werden gelöscht und das Spiel kehrt zur Ausgangsstellung zurück.
Your name	你的名字	あなたの名前	Tu nombre	Dein Name
Your own grids	你自己的盘面	自作の盤	Tus cuadrículas	Deine eigenen Gitter
your piece	你的棋子	あなたの駒	tu pieza	dein Stein
Your saved puzzle	你保存的谜题	保存したパズル	Tu puzzle guardado	Dein gespeichertes Rätsel
your stone	你的磁石	あなたの石	tu piedra	dein Stein
Your turn	轮到你了	あなたの番	Tu turno	Du bist dran
your {0}	你的{0}	あなたの{0}	tu {0}	dein {0}
Zoom in	放大	拡大	Acercar	Vergrößern
Zoom out	缩小	縮小	Alejar	Verkleinern
{0} (shown)	{0}（已显示）	{0}（表示済み）	{0} (mostrada)	{0} (gezeigt)
{0} (skipped)	{0}（已跳过）	{0}（スキップ）	{0} (saltada)	{0} (übersprungen)
{0} (your call)	{0}（你自己判定）	{0}（自己判定）	{0} (según tú)	{0} (deine Entscheidung)
{0} / 28 cleared	{0}/28	{0}/28	{0}/28 quitadas	{0}/28 abgeräumt
{0} / 52 home	已收 {0}/52	{0}/52枚 組札	{0}/52 en casa	{0}/52 abgelegt
{0} / 8 runs	{0}/8 列	{0}/8列	{0}/8 escaleras	{0}/8 Reihen
{0} / {1} answers	{0}/{1} 个答案	{0}/{1}問	{0}/{1} respuestas	{0}/{1} Antworten
{0} / {1} filled	已填 {0}/{1}	{0}/{1}記入	{0}/{1} rellenas	{0}/{1} gefüllt
{0} / {1} found	已找到 {0}/{1}	{0}/{1}個見つけた	{0}/{1} encontradas	{0}/{1} gefunden
{0} / {1} letters	{0}/{1} 个字母	{0}/{1}文字	{0}/{1} letras	{0}/{1} Buchstaben
{0} / {1} pairs	{0}/{1} 对	{0}/{1}ペア	{0}/{1} parejas	{0}/{1} Paare
{0} / {1} solved	已解 {0}/{1}	{1}問中{0}問正解	{0}/{1} resueltas	{0}/{1} gelöst
{0} answers and {1} accepted guesses.	{0} 个答案词，{1} 个可接受的猜测词。	答え{0}語、使える予想{1}語。	{0} respuestas y {1} intentos aceptados.	{0} Lösungswörter und {1} erlaubte Versuche.
{0} answers have a wrong letter.	有 {0} 个答案里有错字母。	{0}つの答えにまちがった文字があります。	Hay {0} respuestas con alguna letra mal.	{0} Antworten haben einen falschen Buchstaben.
{0} can only be {1} — every other digit is blocked by its row, column or box.	{0}只能填 {1}——其他数字都被所在的行、列或宫排除了。	{0}には{1}しか入りません。ほかの数字は、行・列・ボックスで使われています。	{0} solo puede ser {1}: los demás números ya están en su fila, columna o caja.	{0} kann nur {1} sein – jede andere Ziffer ist durch Zeile, Spalte oder Kasten blockiert.
{0} cards	{0} 张牌	{0}枚	{0} cartas	{0} Karten
{0} cards. Draw {1}	{0} 张牌。每次抽 {1} 张	{0}枚。{1}枚ずつめくる	{0} cartas. Robar {1}	{0} Karten. Ziehen: {1}
{0} clashing	{0} 处冲突	矛盾{0}か所	{0} en conflicto	{0} widersprüchlich
{0} computer · 28 tiles · single hand	{0}电脑 · 28 张牌 · 一局	{0}のコンピューター · 28枚 · 1回戦	Ordenador {0} · 28 fichas · una mano	Computer: {0} · 28 Steine · eine Runde
{0} computer · standard 8 × 8 opening	{0}电脑 · 标准 8 × 8 开局	{0}のコンピューター · 標準の8 × 8	Ordenador {0} · inicio estándar de 8 × 8	Computer: {0} · Standardstart 8 × 8
{0} computer · you {1} left, computer {2} left	{0}电脑 · 你剩 {1}，电脑剩 {2}	{0}のコンピューター · あなた残り{1}、コンピューター残り{2}	Ordenador {0} · te quedan {1}, al ordenador {2}	Computer: {0} · du noch {1}, Computer noch {2}
{0} conflicts	{0} 处冲突	矛盾{0}か所	{0} conflictos	{0} Konflikte
{0} daggers	{0} 把短刃	短刀{0}本	{0} dagas	{0} Dolche
{0} deals left	还能发 {0} 次	残り{0}回配れる	Quedan {0} repartos	Noch {0}-mal geben
{0} distinct answers across eligible word pools. Theme/difficulty choices do not create new words.	所有可用词库中共有 {0} 个不同的答案。选择主题或难度不会产生新单词。	使える語彙全体で{0}種類の答え。テーマや難易度を選んでも、新しい言葉は増えません。	{0} respuestas distintas entre las listas de palabras válidas. Elegir tema o dificultad no crea palabras nuevas.	{0} verschiedene Antworten in allen Wortlisten. Thema oder Schwierigkeit erzeugen keine neuen Wörter.
{0} face down	{0} 张背面朝上	裏向き{0}枚	{0} boca abajo	{0} verdeckt
{0} face up	{0} 张正面朝上	表向き{0}枚	{0} boca arriba	{0} offen
{0} games · play offline, keep your progress	{0} 款游戏 · 离线畅玩，进度自动保存	{0}種類のゲーム · オフラインで遊べて進行も保存	{0} juegos · sin conexión, con tu progreso guardado	{0} Spiele · offline spielbar, Fortschritt bleibt erhalten
{0} grid	{0}盘面	{0}の盤	cuadrícula {0}	Gitter {0}
{0} guesses	{0} 次机会	{0}回	{0} intentos	{0} Versuche
{0} guesses left	还剩 {0} 次	残り{0}回	Quedan {0} intentos	Noch {0} Versuche
{0} hints	{0} 次提示	ヒント{0}回	{0} pistas	{0} Tipps
{0} in stock	牌堆 {0} 张	山札{0}枚	{0} en el mazo	{0} im Stapel
{0} left	剩 {0}	残り{0}	quedan {0}	noch {0}
{0} letters	{0} 个字母	{0}文字	{0} letras	{0} Buchstaben
{0} letters are wrong, marked in red.	有 {0} 个字母填错了，已用红色标出。	{0}文字がまちがっています（赤で表示）。	Hay {0} letras mal, marcadas en rojo.	{0} Buchstaben sind falsch, rot markiert.
{0} letters given	给出 {0} 个字母	{0}文字があらかじめ入っている	{0} letras dadas	{0} Buchstaben vorgegeben
{0} lives	{0} 条命	ライフ{0}	{0} vidas	{0} Leben
{0} mines left	还剩 {0} 个雷	残りの地雷{0}	Quedan {0} minas	Noch {0} Minen
{0} moves	{0} 步	{0}手	{0} movimientos	{0} Züge
{0} must go in {1} — it is the only cell in {2} that can take it.	{0} 必须填在{1}——它是{2}里唯一能放这个数字的格子。	{0}は{1}に入ります。{2}でそこだけが入れられるマスです。	El {0} tiene que ir en {1}: es la única casilla de {2} donde cabe.	Die {0} muss in {1} – es ist das einzige Feld in {2}, das sie aufnehmen kann.
{0} numbers have the wrong letter, marked in red.	有 {0} 个数字填错了字母，已用红色标出。	{0}つの数字の文字がまちがっています（赤で表示）。	{0} números tienen la letra equivocada, marcados en rojo.	{0} Zahlen haben den falschen Buchstaben, rot markiert.
{0} of 28 cleared	已拿走 {0}/28	28枚中{0}枚	{0} de 28 quitadas	{0} von 28 abgeräumt
{0} of 4 found	已找到 {0}/4 组	4つ中{0}つ発見	{0} de 4 encontrados	{0} von 4 gefunden
{0} of 8 runs	已完成 {0}/8 列	8列中{0}列	{0} de 8 escaleras	{0} von 8 Reihen
{0} of bamboo	{0}条	{0}索	{0} de bambú	Bambus-{0}
{0} of characters	{0}万	{0}萬	{0} de caracteres	Zeichen-{0}
{0} of dots	{0}筒	{0}筒	{0} de círculos	Kreis-{0}
{0} of {1} lines drawn	已画 {0}/{1} 条线	{1}本中{0}本の線	{0} de {1} líneas trazadas	{0} von {1} Linien gezogen
{0} of {1} lives left	剩 {0}/{1} 条命	ライフ残り{0}/{1}	Quedan {0} de {1} vidas	Noch {0} von {1} Leben
{0} of {1} pairs · {2} turns	{0}/{1} 对 · {2} 回合	{1}ペア中{0} · {2}回	{0} de {1} parejas · {2} turnos	{0} von {1} Paaren · {2} Runden
{0} of {1} stars	{1} 颗星中的 {0} 颗	星{0}/{1}	{0} de {1} estrellas	{0} von {1} Sternen
{0} of {1} wrong guesses	猜错 {0}/{1} 次	まちがい {0}/{1}	{0} de {1} fallos	{0} von {1} Fehlversuchen
{0} open	已翻开 {0}	{0}マス開いた	{0} descubiertas	{0} offen
{0} pairs of Mahjong pictures	{0} 对麻将图案	麻雀牌の絵が{0}ペア	{0} parejas de dibujos de mahjong	{0} Paare mit Mahjong-Bildern
{0} pairs open	{0} 对可取	取れるペア {0}	{0} parejas libres	{0} freie Paare
{0} per round	每轮 {0} 个	1ラウンド{0}語	{0} por ronda	{0} pro Runde
{0} piece falling	正在下落：{0} 形方块	{0}型のピースが落下中	cae una pieza {0}	{0}-Teil fällt
{0} recycles left	还能重来 {0} 次	残り{0}回戻せる	Quedan {0} reciclajes	Noch {0}-mal wiederverwenden
{0} revealed	已揭示 {0} 个	{0}文字表示済み	{0} reveladas	{0} aufgedeckt
{0} rule variants	{0} 种规则变体	ルール{0}種類	{0} variantes de reglas	{0} Regelvarianten
{0} sayings; each new puzzle uses a fresh random code.	共 {0} 句；每道新题都用新的随机密码。	ことわざ{0}個。毎回新しいランダムな暗号になります。	{0} frases; cada puzzle nuevo usa un código aleatorio nuevo.	{0} Sprüche; jedes neue Rätsel nutzt einen frischen Zufallscode.
{0} sayings; longer sayings and wider grids at higher levels.	共 {0} 句；难度越高句子越长、盘面越宽。	ことわざ{0}個。レベルが上がると長く、盤も広くなります。	{0} frases; frases más largas y cuadrículas más anchas en niveles altos.	{0} Sprüche; längere Sprüche und breitere Gitter auf höheren Stufen.
{0} selected — tap a column or foundation.	已选中 {0}——点一列或收牌区。	{0}を選択中。列か組札をタップしてください。	{0} seleccionada: toca una columna o una base.	{0} gewählt – tippe auf eine Spalte oder einen Ablagestapel.
{0} setting combinations	{0} 种设置组合	設定の組み合わせ{0}通り	{0} combinaciones de ajustes	{0} Einstellungs-Kombinationen
{0} shaded	已涂黑 {0} 格	黒マス{0}	{0} sombreadas	{0} geschwärzt
{0} solved	已解 {0}	{0}語正解	{0} resueltas	{0} gelöst
{0} spots	{0} 个点	点{0}つ	{0} puntos	{0} Punkte
{0} squares	{0} 格	{0}マス	{0} casillas	{0} Felder
{0} squares are wrong, marked in red.	有 {0} 格填错了，已用红色标出。	{0}マスがまちがっています（赤で表示）。	Hay {0} casillas mal, marcadas en rojo.	{0} Felder sind falsch, rot markiert.
{0} squares aren't in a region yet.	还有 {0} 格不属于任何区域。	{0}マスがまだどのブロックにも入っていません。	Hay {0} casillas que aún no están en ninguna región.	{0} Felder gehören noch zu keiner Region.
{0} squares filled	已填 {0} 格	{0}マス記入済み	{0} casillas rellenas	{0} Felder ausgefüllt
{0} stars	{0} 颗星	星{0}	{0} estrellas	{0} Sterne
{0} starting digits	{0} 个初始数字	最初の数字{0}個	{0} números iniciales	{0} Startziffern
{0} starts at the highlighted square. Tap its last letter.	{0}从高亮的格子开始，点它的最后一个字母。	{0}は光っているマスから始まります。最後の文字をタップしてください。	{0} empieza en la casilla resaltada. Toca su última letra.	{0} beginnt im markierten Feld. Tippe auf seinen letzten Buchstaben.
{0} steps	{0} 步	{0}ステップ	{0} pasos	{0} Schritte
{0} suits	{0} 种花色	{0}スート	{0} palos	{0} Farben
{0} tiles left	还剩 {0} 张牌	残り{0}枚	Quedan {0} fichas	Noch {0} Steine
{0} tiles on {1} layer(s)	{0} 张牌，{1} 层	{0}枚・{1}段	{0} fichas en {1} capa(s)	{0} Steine auf {1} Ebene(n)
{0} to {1}	{0} 移到 {1}	{0}を{1}へ	{0} a {1}	{0} auf {1}
{0} turns	{0} 回合	{0}回	{0} turnos	{0} Runden
{0} will be removed from this device.	{0}将从此设备中删除。	{0}はこの端末から削除されます。	{0} se eliminará de este dispositivo.	{0} wird von diesem Gerät entfernt.
{0} with room	{0} 个还能连线	{0}つがまだつなげる	{0} con hueco	{0} mit Platz
{0} won of {1} · streak {2} (best {3})	{1} 局中赢 {0} 局 · 连胜 {2}（最佳 {3}）	{1}回中{0}勝 · 連勝{2}（最高{3}）	{0} ganadas de {1} · racha {2} (mejor {3})	{0} von {1} gewonnen · Serie {2} (beste {3})
{0} words	{0} 个单词	{0}語	{0} palabras	{0} Wörter
{0} words with sentences; answers judged on the device.	{0} 个带例句的词；答案在设备上判定。	例文つき{0}語。答えは端末の中で判定します。	{0} palabras con frases; las respuestas se evalúan en el dispositivo.	{0} Wörter mit Sätzen; Antworten werden auf dem Gerät bewertet.
{0} wrong guesses allowed	允许猜错 {0} 次	{0}回までまちがえられます	Se permiten {0} fallos	{0} Fehlversuche erlaubt
{0} {1} · {2} letters	{0}{1} · {2} 个字母	{0}{1} · {2}文字	{0} {1} · {2} letras	{0} {1} · {2} Buchstaben
{0} · 52 cards · unlimited stock redeals	{0} · 52 张牌 · 牌堆可无限重发	{0} · 52枚 · 山札は何回でも	{0} · 52 cartas · el mazo se repite sin límite	{0} · 52 Karten · Stapel beliebig oft neu
{0} · you {1}, computer {2}	{0} · 你 {1}，电脑 {2}	{0} · あなた{1}、コンピューター{2}	{0} · tú {1}, ordenador {2}	{0} · du {1}, Computer {2}
{0} · {1} of {2} letters	{0} · 已填 {1}/{2} 个字母	{0} · {2}文字中{1}	{0} · {1} de {2} letras	{0} · {1} von {2} Buchstaben
{0} · {1} of {2} solved	{0} · 已解 {1}/{2}	{0} · {2}語中{1}語正解	{0} · {1} de {2} resueltas	{0} · {1} von {2} gelöst
{0} · {1} tiles	{0} · {1} 张牌	{0} · {1}枚	{0} · {1} fichas	{0} · {1} Steine
{0} × {1} · goal {2}	{0} × {1} · 目标 {2}	{0} × {1} · 目標 {2}	{0} × {1} · objetivo {2}	{0} × {1} · Ziel {2}
{0} × {1} · {2} mines · safe opening	{0} × {1} · {2} 个雷 · 首次安全	{0} × {1} · 地雷{2}個 · 最初は安全	{0} × {1} · {2} minas · inicio seguro	{0} × {1} · {2} Minen · sicherer Start
{0}, change color	{0}，更改颜色	{0}、色を変更	{0}, cambiar color	{0}, Farbe ändern
{0}|{1} to the {2}	{0}|{1} 放到{2}	{0}|{1}を{2}へ	{0}|{1} a la {2}	{0}|{1} nach {2}
{0}×{1} boxes	{0}×{1} 宫	{0}×{1}の箱	Cajas de {0}×{1}	{0}×{1}-Kästen
{0}×{1} editor	{0}×{1} 编辑器	{0}×{1} エディター	Editor {0}×{1}	{0}×{1}-Editor
{0}×{1} grid	{0}×{1} 盘面	{0}×{1}の盤	Cuadrícula de {0}×{1}	{0}×{1}-Gitter
{0}×{1} picture	{0}×{1} 图画	{0}×{1}の絵	Dibujo de {0}×{1}	{0}×{1}-Bild
{0}×{1} play area · runs of 2–9 squares	{0}×{1} 游戏区 · 每段 2–9 格	{0}×{1}の盤 · 並びは2〜9マス	zona de {0}×{1} · tramos de 2 a 9 casillas	{0}×{1}-Spielfeld · Blöcke mit 2–9 Feldern
{0}×{1} · cages up to {2} cells	{0}×{1} · 笼子最多 {2} 格	{0}×{1} · ケージ最大{2}マス	{0}×{1} · jaulas de hasta {2} casillas	{0}×{1} · Käfige bis {2} Felder
{0}×{1} · {2}–{3} clues · {4}–{5} letter answers	{0}×{1} · {2}–{3} 条提示 · 答案 {4}–{5} 个字母	{0}×{1} · カギ{2}〜{3}個 · 答え{4}〜{5}文字	{0}×{1} · {2}–{3} pistas · respuestas de {4}–{5} letras	{0}×{1} · {2}–{3} Hinweise · Antworten mit {4}–{5} Buchstaben
{0}–{1} clues	{0}–{1} 条提示	カギ{0}〜{1}個	{0}–{1} pistas	{0}–{1} Hinweise
{0}–{1} clues · answers of {2}–{3} letters	{0}–{1} 条提示 · 答案 {2}–{3} 个字母	カギ{0}〜{1}個 · 答え{2}〜{3}文字	{0}–{1} pistas · respuestas de {2}–{3} letras	{0}–{1} Hinweise · Antworten mit {2}–{3} Buchstaben
{0}–{1} letter words · {2} per round	{0}–{1} 个字母的单词 · 每轮 {2} 个	{0}〜{1}文字の言葉 · 1ラウンド{2}語	Palabras de {0}–{1} letras · {2} por ronda	Wörter mit {0}–{1} Buchstaben · {2} pro Runde
{0}–{1} letters	{0}–{1} 个字母	{0}〜{1}文字	{0}–{1} letras	{0}–{1} Buchstaben
{0}–{1} letters, up to {2} columns	{0}–{1} 个字母，最多 {2} 列	{0}〜{1}文字、最大{2}列	{0}–{1} letras, hasta {2} columnas	{0}–{1} Buchstaben, bis zu {2} Spalten
…and the same spot again.	……再点一次同一个点。	…もう一度同じ点をタップ。	…y otra vez el mismo punto.	… und noch einmal auf denselben Punkt.
◀ Left	◀ 左	◀ 左	◀ Izquierda	◀ Links
⟳ Rotate	⟳ 旋转	⟳ 回転	⟳ Girar	⟳ Drehen
⤓ Drop	⤓ 落下	⤓ 落とす	⤓ Soltar	⤓ Fallen lassen
Blotwords	墨字格	インクワード	Palabras de tinta	Tintenwörter
Ink the grid with words	用词语把格子涂黑	言葉でマスを塗りつぶす	Entinta la cuadrícula con palabras	Färbe das Gitter mit Wörtern
Discover	探索	発見	Descubrir	Entdecken
Mode	模式	モード	Modo	Modus
Small puzzles, one new word at a time	小谜题，每次认识一个新词	小さなパズルで、新しい言葉をひとつずつ	Puzzles pequeños, una palabra nueva cada vez	Kleine Rätsel, jedes Mal ein neues Wort
Discover · puzzle {0} of {1}	探索 · 第 {0}/{1} 题	発見 · {1}問中{0}問目	Descubrir · puzzle {0} de {1}	Entdecken · Rätsel {0} von {1}
{0} · {1} squares left	{0} · 还剩 {1} 格	{0} · 残り{1}マス	{0} · quedan {1} casillas	{0} · noch {1} Felder
{0} squares left	还剩 {0} 格	残り{0}マス	Quedan {0} casillas	Noch {0} Felder
Back to the start.	回到开头。	最初に戻りました。	De vuelta al principio.	Zurück zum Anfang.
There's no way to finish from here. Undo a few turns, or restart.	从这里无法完成。撤销几步，或者重来。	ここからは解けません。何手か元に戻すか、やり直してください。	Desde aquí no se puede terminar. Deshaz unos turnos o reinicia.	Von hier aus geht es nicht mehr. Nimm ein paar Züge zurück oder beginne neu.
Write {0} on the marked squares.	在标出的格子上写 {0}。	印のついたマスで{0}を書きましょう。	Escribe {0} en las casillas marcadas.	Schreibe {0} auf die markierten Felder.
Write {0} in the marked blank.	在标出的空格里写 {0}。	印のついた空白に{0}を書きましょう。	Escribe {0} en la casilla vacía marcada.	Schreibe {0} in das markierte leere Feld.
Use {0} on the marked squares.	对标出的格子使用 {0}。	印のついたマスに{0}を使いましょう。	Usa {0} en las casillas marcadas.	Wende {0} auf die markierten Felder an.
{0} is written. What does it do?	{0} 写好了。它有什么作用？	{0}を書きました。何が起こるでしょう？	{0} está escrita. ¿Qué hará?	{0} ist geschrieben. Was bewirkt es?
That word has nothing to work on right now.	这个词现在没有可以作用的地方。	その言葉は今は使えるところがありません。	Esa palabra ahora no tiene sobre qué actuar.	Dieses Wort hat gerade nichts, worauf es wirken kann.
{0} doesn't work on that.	{0} 对那里不起作用。	{0}はそこには使えません。	{0} no funciona ahí.	{0} wirkt dort nicht.
Trail complete! Every word is yours.	探索完成！所有的词你都认识了。	発見の旅は完了！すべての言葉があなたのものです。	¡Recorrido completo! Ya conoces todas las palabras.	Pfad geschafft! Jetzt kennst du alle Wörter.
All inked!	全部涂黑了！	すべて塗りつぶしました！	¡Todo entintado!	Alles eingefärbt!
{0}: not found out yet	{0}：还没发现	{0}：まだわかっていません	{0}: aún sin descubrir	{0}: noch nicht herausgefunden
Show what it does	显示作用	効果を見る	Mostrar qué hace	Zeigen, was es tut
{0} is waiting. Tap squares to find out what it does.	{0} 正在等待。点格子来发现它的作用。	{0}が待っています。マスをタップして効果を見つけましょう。	{0} está esperando. Toca casillas para descubrir qué hace.	{0} wartet. Tippe auf Felder, um herauszufinden, was es tut.
inked	已涂黑	塗りつぶし済み	entintada	eingefärbt
picked	已选	選択中	elegida	gewählt
hinted	提示	ヒント	con pista	Tipp
Pick the letter to write:	选择要写的字母：	書く文字を選んでください：	Elige la letra que quieres escribir:	Wähle den Buchstaben zum Schreiben:
Write {0}	写 {0}	{0}を書く	Escribir {0}	{0} schreiben
No command word can be written now. Undo a few turns, or restart.	现在写不出任何命令词。撤销几步，或者重来。	今は命令語をひとつも書けません。何手か元に戻すか、やり直してください。	Ahora no se puede escribir ninguna palabra de orden. Deshaz unos turnos o reinicia.	Jetzt lässt sich kein Befehlswort schreiben. Nimm ein paar Züge zurück oder beginne neu.
Looking for a way through…	正在找出路…	道を探しています…	Buscando una salida…	Suche einen Weg…
Tap a word's letters in order, in a straight line.	按顺序在一条直线上点一个词的字母。	言葉の文字を、まっすぐ一列に順番にタップします。	Toca las letras de una palabra en orden y en línea recta.	Tippe die Buchstaben eines Wortes der Reihe nach in einer geraden Linie an.
Ink any one more square.	再涂黑任意一个格子。	好きなマスをもう1つ塗りつぶす。	Entinta una casilla más, la que quieras.	Färbe ein beliebiges weiteres Feld ein.
Ink two squares that touch.	涂黑两个相邻的格子。	となり合う2つのマスを塗りつぶす。	Entinta dos casillas que se toquen.	Färbe zwei Felder ein, die sich berühren.
Pick a letter: every square showing it is inked.	选一个字母：显示它的格子全部涂黑。	文字を1つ選ぶと、その文字のマスがすべて塗りつぶされる。	Elige una letra: se entintan todas las casillas que la muestran.	Wähle einen Buchstaben: Jedes Feld mit ihm wird eingefärbt.
Write any letter in a blank square.	在空格里写任意一个字母。	空白のマスに好きな文字を書く。	Escribe cualquier letra en una casilla vacía.	Schreibe einen beliebigen Buchstaben in ein leeres Feld.
Ink every square by writing invented command words, and find out what each word does.	写下自创的命令词把每个格子涂黑，并找出每个词的作用。	作り出された命令語を書いてすべてのマスを塗りつぶし、それぞれの言葉の効果を見つけましょう。	Entinta todas las casillas escribiendo palabras de orden inventadas y descubre qué hace cada una.	Färbe jedes Feld ein, indem du erfundene Befehlswörter schreibst, und finde heraus, was jedes Wort bewirkt.
Ink every square to win.	把每个格子都涂黑就赢了。	すべてのマスを塗りつぶせばクリアです。	Entinta todas las casillas para ganar.	Färbe jedes Feld ein, um zu gewinnen.
Write a command word by tapping its letters in order in a straight line: across or down, forwards or backwards.	按顺序在一条直线上点字母来写命令词：横着或竖着，正读或倒读都行。	命令語は、文字をまっすぐ一列に順番にタップして書きます。横でも縦でも、前からでも後ろからでもかまいません。	Escribe una palabra de orden tocando sus letras en orden y en línea recta: en horizontal o vertical, hacia delante o hacia atrás.	Schreibe ein Befehlswort, indem du seine Buchstaben der Reihe nach in einer geraden Linie antippst: waagerecht oder senkrecht, vorwärts oder rückwärts.
Inked squares are skipped, so the letters on either side of an inked square count as neighbours.	涂黑的格子会被跳过，所以它两边的字母算作相邻。	塗りつぶしたマスは飛ばされるので、その両側の文字はとなり合っているとみなされます。	Las casillas entintadas se saltan, así que las letras a cada lado de una casilla entintada cuentan como vecinas.	Eingefärbte Felder werden übersprungen, die Buchstaben zu beiden Seiten eines eingefärbten Feldes gelten also als Nachbarn.
Writing a word inks its letters. Then the word does something, straight away.	写下一个词会把它的字母涂黑。然后这个词立刻产生作用。	言葉を書くと、その文字が塗りつぶされます。そのあとすぐに言葉の効果が起こります。	Al escribir una palabra se entintan sus letras. Después, la palabra hace algo en el acto.	Beim Schreiben eines Wortes werden seine Buchstaben eingefärbt. Dann bewirkt das Wort sofort etwas.
Each command word does something different. Try it and see, or tap Show what it does in the word list.	每个命令词的作用都不一样。试试看，或者在词表里点“显示作用”。	命令語ごとに効果がちがいます。試してみるか、言葉リストの「効果を見る」をタップしましょう。	Cada palabra de orden hace algo distinto. Pruébala y verás, o toca Mostrar qué hace en la lista de palabras.	Jedes Befehlswort bewirkt etwas anderes. Probiere es aus oder tippe in der Wortliste auf Zeigen, was es tut.
A word can only be written when what it does can then be used.	只有当词的作用能用上时，才能写这个词。	効果を使える場面でなければ、その言葉は書けません。	Solo puedes escribir una palabra si luego se puede usar lo que hace.	Ein Wort lässt sich nur schreiben, wenn seine Wirkung danach auch nutzbar ist.
Hint shows the next word to write, or where to use it. Undo steps back and Restart goes back to the start.	“提示”会显示下一个要写的词，或者它该用在哪里。“撤销”退回一步，“重来”回到开头。	ヒントは次に書く言葉や、効果を使う場所を示します。「元に戻す」で1手戻り、「やり直し」で最初に戻ります。	Pista muestra la siguiente palabra que escribir o dónde usarla. Deshacer vuelve un paso atrás y Reiniciar vuelve al principio.	Tipp zeigt das nächste Wort zum Schreiben oder wo es wirken soll. Rückgängig geht einen Schritt zurück, Neu beginnen zurück zum Anfang.
Squares that no word can ever reach have to be inked by a word's effect, so save effects for them.	没有任何词能碰到的格子，只能靠词的作用涂黑，所以把作用留给它们。	どの言葉にも使われないマスは、言葉の効果で塗りつぶすしかありません。効果はそういうマスのためにとっておきましょう。	Las casillas que ninguna palabra puede alcanzar tienen que entintarse con el efecto de una palabra, así que guarda los efectos para ellas.	Felder, die kein Wort je erreicht, lassen sich nur durch die Wirkung eines Wortes einfärben. Heb dir die Wirkungen für sie auf.
Inking a square can join letters into a new word, or break one apart. Look a turn ahead.	涂黑一个格子可能把字母连成新词，也可能把词拆开。多往前想一步。	マスを塗りつぶすと、文字がつながって新しい言葉になったり、言葉がばらばらになったりします。一手先を読みましょう。	Entintar una casilla puede unir letras en una palabra nueva o separar otra. Piensa un turno por delante.	Ein Feld einzufärben kann Buchstaben zu einem neuen Wort verbinden oder eines auseinanderreißen. Denk einen Zug voraus.
The only way to ink squares is to write a command word. VUM reads across the top row. Tap its first letter, V.	涂黑格子的唯一办法是写命令词。VUM 在第一行横着读。点它的第一个字母 V。	マスを塗りつぶす方法は、命令語を書くことだけです。VUMはいちばん上の行に横に並んでいます。最初の文字のVをタップしましょう。	La única forma de entintar casillas es escribir una palabra de orden. VUM se lee en la fila de arriba. Toca su primera letra, la V.	Felder färbst du nur ein, indem du ein Befehlswort schreibst. VUM steht waagerecht in der obersten Reihe. Tippe auf seinen ersten Buchstaben, das V.
Now tap U.	现在点 U。	次にUをタップ。	Ahora toca la U.	Tippe jetzt auf U.
And M to finish the word.	再点 M 写完这个词。	Mで言葉を書き終えます。	Y la M para terminar la palabra.	Und auf M, um das Wort fertig zu schreiben.
VUM is written, so its letters are inked.	VUM 写好了，所以它的字母被涂黑了。	VUMを書いたので、その文字が塗りつぶされました。	VUM está escrita, así que sus letras se entintan.	VUM ist geschrieben, also sind seine Buchstaben eingefärbt.
Then the word does something. Working that out is part of the game, but just this once: VUM lets you ink one more square. Tap T.	然后这个词会产生作用。找出作用本来是游戏的一部分，但这次先告诉你：VUM 让你再涂黑一个格子。点 T。	次に言葉の効果が起こります。効果を見つけるのもゲームのうちですが、今回だけ教えます。VUMでもう1つマスを塗りつぶせます。Tをタップしましょう。	Luego la palabra hace algo. Descubrirlo es parte del juego, pero por esta vez: VUM te deja entintar una casilla más. Toca la T.	Dann bewirkt das Wort etwas. Das herauszufinden gehört zum Spiel, aber nur dieses eine Mal: Mit VUM färbst du ein weiteres Feld ein. Tippe auf T.
Words also read backwards, and inked squares are skipped. In the bottom row, VUM reads from right to left, over the inked square. Tap its V.	词也可以倒着读，涂黑的格子会被跳过。在最下面一行，VUM 从右往左读，越过涂黑的格子。点它的 V。	言葉は後ろからも読め、塗りつぶしたマスは飛ばされます。いちばん下の行では、VUMが右から左へ、塗りつぶしたマスをまたいで並んでいます。そのVをタップしましょう。	Las palabras también se leen al revés y las casillas entintadas se saltan. En la fila de abajo, VUM se lee de derecha a izquierda, por encima de la casilla entintada. Toca su V.	Wörter lassen sich auch rückwärts lesen, und eingefärbte Felder werden übersprungen. In der untersten Reihe steht VUM von rechts nach links, über das eingefärbte Feld hinweg. Tippe auf sein V.
Start from the right-hand end of the bottom row.	从最下面一行的右端开始。	いちばん下の行の右はしから始めましょう。	Empieza por el extremo derecho de la fila de abajo.	Fang am rechten Ende der untersten Reihe an.
Writing it inks V, U and M, and nothing is left, so VUM has nothing more to do. Every square is inked: solved! Other words do other things. Find out by playing Discover.	写下它会涂黑 V、U 和 M，什么都不剩了，所以 VUM 不再有作用。每个格子都涂黑了：完成！其他词有其他作用，去“探索”里发现吧。	書くとV、U、Mが塗りつぶされ、何も残らないので、VUMの効果はありません。すべてのマスが塗りつぶされてクリアです！ほかの言葉にはほかの効果があります。「発見」で見つけましょう。	Al escribirla se entintan la V, la U y la M, y no queda nada, así que VUM ya no tiene nada que hacer. Todas las casillas están entintadas: ¡resuelto! Otras palabras hacen otras cosas. Descúbrelas jugando a Descubrir.	Beim Schreiben werden V, U und M eingefärbt, und es bleibt nichts übrig, also hat VUM nichts mehr zu tun. Jedes Feld ist eingefärbt: gelöst! Andere Wörter bewirken anderes. Finde es in Entdecken heraus.
Built backwards from a fully inked grid each game, so every puzzle can be finished; the hint follows a known solution.	每局都从全部涂黑的格子倒推生成，所以每道题都能完成；提示会沿着已知的解法。	毎回、すべて塗りつぶしたマスから逆向きに作るので、どのパズルも必ず解けます。ヒントは既知の解き方に沿って出ます。	Cada partida se construye hacia atrás desde una cuadrícula entintada del todo, así que todos los puzzles se pueden terminar; la pista sigue una solución conocida.	Jedes Spiel wird rückwärts aus einem ganz eingefärbten Gitter gebaut, daher ist jedes Rätsel lösbar; der Tipp folgt einer bekannten Lösung.
{0} · 1 square left	{0} · 还剩 1 格	{0} · 残り1マス	{0} · queda 1 casilla	{0} · noch 1 Feld
{0}×{1} grid · {2} words	{0}×{1} 格 · {2} 个词	{0}×{1}マス · {2}語	Cuadrícula de {0}×{1} · {2} palabras	{0}×{1}-Gitter · {2} Wörter
{0}: tap any square to ink it.	{0}：点任意一个格子把它涂黑。	{0}：好きなマスをタップして塗りつぶします。	{0}: toca cualquier casilla para entintarla.	{0}: Tippe auf ein beliebiges Feld, um es einzufärben.
{0}: tap two squares that touch.	{0}：点两个相邻的格子。	{0}：となり合う2つのマスをタップします。	{0}: toca dos casillas que se toquen.	{0}: Tippe auf zwei Felder, die sich berühren.
{0}: now tap a square touching the first.	{0}：再点一个和第一个相邻的格子。	{0}：次に、1つ目ととなり合うマスをタップします。	{0}: ahora toca una casilla que toque la primera.	{0}: Tippe jetzt auf ein Feld neben dem ersten.
{0}: tap a letter to ink every square showing it.	{0}：点一个字母，所有显示这个字母的格子都会涂黑。	{0}：文字をタップすると、その文字のマスがすべて塗りつぶされます。	{0}: toca una letra para entintar todas las casillas que la muestran.	{0}: Tippe auf einen Buchstaben, um jedes Feld mit ihm einzufärben.
{0}: tap a blank square, then pick a letter.	{0}：点一个空格，再选一个字母。	{0}：空白のマスをタップしてから文字を選びます。	{0}: toca una casilla vacía y elige una letra.	{0}: Tippe auf ein leeres Feld und wähle dann einen Buchstaben.
Blotwords themes	墨字格主题	インクワードのテーマ	Temas de Palabras de tinta	Tintenwörter-Designs
New theme	新主题	新しいテーマ	Tema nuevo	Neues Design
In use	使用中	使用中	En uso	Aktiv
{0}, in use	{0}，使用中	{0}、使用中	{0}, en uso	{0}, aktiv
{0}, tap to use	{0}，点一下使用	{0}、タップして使う	{0}, toca para usarlo	{0}, tippen zum Verwenden
Copy and change	复制并修改	コピーして変更	Copiar y cambiar	Kopieren und ändern
Make a new theme	制作新主题	新しいテーマを作る	Crear un tema nuevo	Neues Design erstellen
{0}, chosen	{0}，已选	{0}、選択中	{0}, elegido	{0}, gewählt
Filled squares	涂黑的格子	塗りつぶしたマス	Casillas entintadas	Eingefärbte Felder
Letter squares	字母格子	文字のマス	Casillas con letra	Buchstabenfelder
Creature	小动物	キャラクター	Criatura	Tierchen
Save and use this theme	保存并使用这个主题	保存してこのテーマを使う	Guardar y usar este tema	Speichern und dieses Design verwenden
Delete this theme	删除这个主题	このテーマを削除	Eliminar este tema	Dieses Design löschen
My {0}	我的{0}	わたしの{0}	Mi {0}	Mein {0}
Give the theme a name, up to {0} characters.	给主题起个名字，最多 {0} 个字符。	テーマに名前をつけてください（{0}文字まで）。	Ponle un nombre al tema, de hasta {0} caracteres.	Gib dem Design einen Namen mit bis zu {0} Zeichen.
Ink	墨水	インク	Tinta	Tinte
Mermaids and the Sea	美人鱼与大海	人魚と海	Sirenas y el mar	Meerjungfrauen und das Meer
Paper and ink	纸和墨	紙とインク	Papel y tinta	Papier und Tinte
Sand and sea	沙滩和大海	砂浜と海	Arena y mar	Sand und Meer
Coral reef	珊瑚礁	サンゴ礁	Arrecife de coral	Korallenriff
Night sky	夜空	夜空	Cielo nocturno	Nachthimmel
Meadow	草地	草原	Pradera	Wiese
Berry	浆果	ベリー	Frutos rojos	Beere
Ink blots	墨点	インクのしみ	Manchas de tinta	Tintenkleckse
Sea water	海水	海の水	Agua de mar	Meerwasser
Stamps	印章	スタンプ	Sellos	Stempel
Rounded	圆角	角丸	Redondeadas	Abgerundet
Square corners	直角	角ばった形	Esquinas rectas	Eckig
Bubbles	泡泡	泡	Burbujas	Blasen
Purple octopus	紫色章鱼	むらさきのタコ	Pulpo morado	Lila Krake
Mermaid	美人鱼	人魚	Sirena	Meerjungfrau
No creature	不要小动物	キャラクターなし	Sin criatura	Kein Tierchen
Splash	溅开	しぶき	Salpicar	Spritzen
Rise	升起	わき上がる	Subir	Steigen
Stamp	盖章	スタンプ	Sellar	Stempeln
Fade	淡入	フェード	Aparecer	Einblenden
Spin	旋转	くるっと回る	Girar	Drehen
Drop	落下	落ちる	Caer	Fallen
Slow	慢	ゆっくり	Lento	Langsam
Normal	正常	ふつう	Normal	Normal
Fast	快	はやい	Rápido	Schnell
Bob	上下浮动	ぷかぷか	Flotar	Schaukeln
Sway	左右摇摆	ゆらゆら	Balancearse	Wiegen
Bounce	蹦跳	ぴょんぴょん	Botar	Hüpfen
Still	不动	じっとする	Quieto	Still
Hop	跳一下	ジャンプ	Saltar	Hopsen
Wiggle	扭一扭	くねくね	Menearse	Wackeln
Nothing	无	なし	Nada	Nichts
Ink drops	墨滴	インクのしずく	Gotas de tinta	Tintentropfen
Confetti	彩纸	紙吹雪	Confeti	Konfetti
Stars	星星	星	Estrellas	Sterne
Hearts	爱心	ハート	Corazones	Herzen
My picture	我的图片	わたしの画像	Mi imagen	Mein Bild
Ink line	墨线	インクの線	Línea de tinta	Tintenlinie
Dots	圆点	点	Puntos	Punkte
None	无	なし	Ninguno	Keine
Creature when happy	开心时的小动物	よろこぶキャラクター	Criatura contenta	Tierchen, wenn es sich freut
Filled square	涂黑的格子	塗りつぶしたマス	Casilla entintada	Eingefärbtes Feld
Letter square	字母格子	文字のマス	Casilla con letra	Buchstabenfeld
Board background	棋盘背景	盤の背景	Fondo del tablero	Brett-Hintergrund
Celebration piece	庆祝图案	お祝いのかけら	Pieza de celebración	Feier-Teilchen
A theme changes how Blotwords looks and moves: the board, the squares, the creature and the celebrations, with your own pictures if you like. The words and rules stay the same.	主题会改变墨字格的外观和动画：棋盘、格子、小动物和庆祝效果，还可以用你自己的图片。词语和规则保持不变。	テーマを変えると、インクワードの見た目と動き（盤、マス、キャラクター、お祝い）が変わります。自分の画像も使えます。言葉とルールは同じままです。	Un tema cambia cómo se ve y se mueve Palabras de tinta: el tablero, las casillas, la criatura y las celebraciones, incluso con tus propias imágenes. Las palabras y las reglas no cambian.	Ein Design ändert, wie Tintenwörter aussieht und sich bewegt: Brett, Felder, Tierchen und Feiern, auf Wunsch mit eigenen Bildern. Wörter und Regeln bleiben gleich.
Play the animation	播放动画	アニメーションを再生	Ver la animación	Animation abspielen
Drawn parts	绘制的部分	描かれたパーツ	Partes dibujadas	Gezeichnete Teile
Your pictures	你的图片	あなたの画像	Tus imágenes	Deine Bilder
Pictures from your phone replace the drawn parts. They stay on this device.	手机里的图片会替换绘制的部分，图片只保存在这台设备上。	スマートフォンの画像で、描かれたパーツを置きかえられます。画像はこの端末の中だけに保存されます。	Las imágenes de tu móvil sustituyen a las partes dibujadas. Se quedan en este dispositivo.	Bilder von deinem Handy ersetzen die gezeichneten Teile. Sie bleiben auf diesem Gerät.
That picture couldn't be opened. Try another one.	无法打开这张图片，请换一张试试。	その画像は開けませんでした。別の画像を試してください。	No se pudo abrir esa imagen. Prueba con otra.	Dieses Bild ließ sich nicht öffnen. Versuch ein anderes.
Your picture	你的图片	あなたの画像	Tu imagen	Dein Bild
Drawn by the theme	由主题绘制	テーマが描きます	Dibujada por el tema	Vom Design gezeichnet
Add picture	添加图片	画像を追加	Añadir imagen	Bild hinzufügen
Remove	移除	削除	Quitar	Entfernen
Animation	动画	アニメーション	Animación	Animation
How squares fill in	格子怎样被填上	マスの塗られ方	Cómo se llenan las casillas	Wie sich Felder füllen
Speed	速度	速さ	Velocidad	Tempo
Pause between letters: {0} ms	字母之间的停顿：{0} 毫秒	文字の間の間隔：{0}ミリ秒	Pausa entre letras: {0} ms	Pause zwischen Buchstaben: {0} ms
Pause between letters	字母之间的停顿	文字の間の間隔	Pausa entre letras	Pause zwischen Buchstaben
Creature while waiting	等待时的小动物	待っているときのキャラクター	Criatura mientras espera	Tierchen beim Warten
Creature when a word is written	写下词语时的小动物	言葉を書いたときのキャラクター	Criatura al escribir una palabra	Tierchen, wenn ein Wort geschrieben wird
Celebration	庆祝	お祝い	Celebración	Feier
Celebration pieces: {0}	庆祝图案数量：{0}	お祝いのかけら：{0}個	Piezas de celebración: {0}	Feier-Teilchen: {0}
Celebration pieces	庆祝图案数量	お祝いのかけらの数	Piezas de celebración	Feier-Teilchen
Tracing a word	描出词语时	言葉をなぞるとき	Al trazar una palabra	Beim Nachfahren eines Wortes
Letter Sprawl	字母链	レターつなぎ	Cadena de letras	Buchstabennetz
Chain letters into words	把字母连成单词	文字をつなげて単語に	Encadena letras en palabras	Buchstaben zu Wörtern verbinden
Find words by chaining touching letters: sideways, up, down or diagonally, without using a square twice. Drag across the letters, or tap them one by one and press Enter. The QU square counts as two letters. Longer words score more: 1 point for three letters, 2 for four, then 3, 5, 8, and 13 for eight or more. Reach the goal to win, then keep going or tap Finish to see the everyday words you missed.	把相邻的字母连起来组成单词：左右、上下或斜着都可以，同一个格子不能用两次。在字母上拖动，或逐个点字母再按“确定”。QU 格算两个字母。单词越长得分越高：三个字母 1 分，四个 2 分，然后是 3、5、8 分，八个及以上 13 分。达到目标就赢了，之后可以继续找，或点“结束”查看你漏掉的常用词。（单词为英文。）	となり合う文字（横・縦・ななめ）をつないで英単語を作ります。同じマスは2回使えません。文字の上をなぞるか、1文字ずつタップして「決定」を押します。QUのマスは2文字として数えます。長い単語ほど高得点：3文字で1点、4文字で2点、そのあと3、5、8点、8文字以上は13点。目標に届けば勝ち。続けて探すか、「終了」で見のがした身近な単語を確認できます。	Forma palabras encadenando letras que se tocan: de lado, arriba, abajo o en diagonal, sin usar una casilla dos veces. Desliza por las letras, o tócalas una a una y pulsa Intro. La casilla QU cuenta como dos letras. Las palabras largas puntúan más: 1 punto por tres letras, 2 por cuatro, luego 3, 5, 8 y 13 por ocho o más. Alcanza el objetivo para ganar; luego sigue o toca Terminar para ver las palabras comunes que se te escaparon. (Las palabras son en inglés.)	Bilde Wörter, indem du sich berührende Buchstaben verbindest: seitlich, nach oben, unten oder diagonal, ohne ein Feld zweimal zu nutzen. Wische über die Buchstaben oder tippe sie einzeln an und drücke Eingabe. Das QU-Feld zählt als zwei Buchstaben. Längere Wörter bringen mehr: 1 Punkt für drei Buchstaben, 2 für vier, dann 3, 5, 8 und 13 für acht oder mehr. Erreiche das Ziel, um zu gewinnen, dann mach weiter oder tippe auf Beenden, um verpasste Alltagswörter zu sehen. (Die Wörter sind englisch.)
{0}×{1} grid · words of {2}+ letters	{0}×{1} 格 · 至少 {2} 个字母	{0}×{1}マス · {2}文字以上	Cuadrícula de {0}×{1} · palabras de {2}+ letras	{0}×{1}-Gitter · Wörter ab {2} Buchstaben
{0} · {1} of {2} points	{0} · {1}/{2} 分	{0} · {2}点中{1}点	{0} · {1} de {2} puntos	{0} · {1} von {2} Punkten
{0} of {1} points	{0}/{1} 分	{1}点中{0}点	{0} de {1} puntos	{0} von {1} Punkten
1 word	1 个词	1語	1 palabra	1 Wort
Well done: {0} points!	干得好：{0} 分！	おみごと：{0}点！	¡Bien hecho: {0} puntos!	Gut gemacht: {0} Punkte!
{0} of {1} points. Here are the words you missed.	{1} 分中得了 {0} 分。这些是你漏掉的词。	{1}点中{0}点。見のがした単語はこちら。	{0} de {1} puntos. Estas son las palabras que se te escaparon.	{0} von {1} Punkten. Das sind die Wörter, die du verpasst hast.
Goal reached: {0} points!	达到目标：{0} 分！	目標達成：{0}点！	¡Objetivo alcanzado: {0} puntos!	Ziel erreicht: {0} Punkte!
Goal reached! Keep going, or tap Finish.	达到目标！继续找，或者点“结束”。	目標達成！続けるか、「終了」をタップ。	¡Objetivo alcanzado! Sigue o toca Terminar.	Ziel erreicht! Mach weiter oder tippe auf Beenden.
Hint: a word starting {0}…	提示：有个词以 {0} 开头…	ヒント：{0}で始まる単語…	Pista: una palabra que empieza por {0}…	Tipp: ein Wort, das mit {0} beginnt …
{0}: already found.	{0}：已经找到了。	{0}：もう見つけました。	{0}: ya encontrada.	{0}: schon gefunden.
Already found.	已经找到了。	もう見つけました。	Ya encontrada.	Schon gefunden.
Letters must touch, and each square is used once.	字母必须相邻，每个格子只能用一次。	文字はとなり合っていて、各マスは1回だけ使えます。	Las letras deben tocarse y cada casilla se usa una vez.	Die Buchstaben müssen sich berühren, und jedes Feld zählt nur einmal.
Words need at least {0} letters.	单词至少要有 {0} 个字母。	単語は{0}文字以上です。	Las palabras necesitan al menos {0} letras.	Wörter brauchen mindestens {0} Buchstaben.
{0} +{1}	{0} +{1}	{0} +{1}	{0} +{1}	{0} +{1}
{0} +{1}. Goal reached! Keep going, or tap Finish.	{0} +{1}。达到目标！继续找，或者点“结束”。	{0} +{1}。目標達成！続けるか、「終了」をタップ。	{0} +{1}. ¡Objetivo alcanzado! Sigue o toca Terminar.	{0} +{1}. Ziel erreicht! Mach weiter oder tippe auf Beenden.
Found	已找到	見つけた単語	Encontradas	Gefunden
Everyday words you missed	你漏掉的常用词	見のがした身近な単語	Palabras comunes que se te escaparon	Verpasste Alltagswörter
Drag across touching letters, or tap them and press Enter.	在相邻的字母上拖动，或点字母再按“确定”。	となり合う文字をなぞるか、タップして「決定」を押します。	Desliza por letras que se tocan, o tócalas y pulsa Intro.	Wische über benachbarte Buchstaben oder tippe sie an und drücke Eingabe.
Chain touching letters into words. Longer words score more.	把相邻的字母连成单词，单词越长得分越高。	となり合う文字をつないで単語に。長い単語ほど高得点。	Encadena letras que se tocan para formar palabras. Las más largas puntúan más.	Verbinde benachbarte Buchstaben zu Wörtern. Längere Wörter bringen mehr Punkte.
Make words from letters that touch: sideways, up, down or diagonally.	用相邻的字母组成单词：左右、上下或斜着都行。	となり合う文字で単語を作ります。横・縦・ななめ、どれでもOK。	Forma palabras con letras que se tocan: de lado, arriba, abajo o en diagonal.	Bilde Wörter aus Buchstaben, die sich berühren: seitlich, oben, unten oder diagonal.
Each square can be used only once in a word.	一个单词里每个格子只能用一次。	1つの単語で同じマスは1回だけ使えます。	Cada casilla se usa una sola vez en una palabra.	Jedes Feld darf in einem Wort nur einmal vorkommen.
Drag across the letters, or tap them one at a time and press Enter.	在字母上拖动，或逐个点字母再按“确定”。	文字をなぞるか、1文字ずつタップして「決定」を押します。	Desliza por las letras, o tócalas una a una y pulsa Intro.	Wische über die Buchstaben oder tippe sie einzeln an und drücke Eingabe.
The QU square counts as two letters.	QU 格算两个字母。	QUのマスは2文字として数えます。	La casilla QU cuenta como dos letras.	Das QU-Feld zählt als zwei Buchstaben.
Words need at least 3 letters on Easy and Medium, and 4 on Hard and Expert.	简单和中等至少 3 个字母，困难和专家至少 4 个。	かんたん・ふつうは3文字以上、むずかしい・エキスパートは4文字以上です。	Las palabras necesitan al menos 3 letras en Fácil y Media, y 4 en Difícil y Experto.	Wörter brauchen mindestens 3 Buchstaben auf Leicht und Mittel, 4 auf Schwer und Experte.
Points: 1 for three letters, 2 for four, 3 for five, 5 for six, 8 for seven and 13 for eight or more.	得分：三个字母 1 分，四个 2 分，五个 3 分，六个 5 分，七个 8 分，八个及以上 13 分。	得点：3文字で1点、4文字で2点、5文字で3点、6文字で5点、7文字で8点、8文字以上で13点。	Puntos: 1 por tres letras, 2 por cuatro, 3 por cinco, 5 por seis, 8 por siete y 13 por ocho o más.	Punkte: 1 für drei Buchstaben, 2 für vier, 3 für fünf, 5 für sechs, 8 für sieben und 13 für acht oder mehr.
Reach the goal to win. Then keep going, or tap Finish to see the everyday words you missed.	达到目标就赢了。之后可以继续，或点“结束”查看漏掉的常用词。	目標に届けば勝ち。続けるか、「終了」で見のがした身近な単語を確認できます。	Alcanza el objetivo para ganar. Luego sigue, o toca Terminar para ver las palabras comunes que se te escaparon.	Erreiche das Ziel, um zu gewinnen. Dann mach weiter oder tippe auf Beenden, um verpasste Alltagswörter zu sehen.
Look for word endings like -ING, -ED and -S next to words you've already found.	在已找到的单词旁找找 -ING、-ED、-S 这样的词尾。	見つけた単語の近くで -ING、-ED、-S などの語尾を探しましょう。	Busca terminaciones como -ING, -ED y -S junto a palabras que ya encontraste.	Such nach Endungen wie -ING, -ED und -S neben Wörtern, die du schon gefunden hast.
Long words score far more than short ones, so it pays to hunt for them.	长单词得分比短单词多得多，值得去找。	長い単語は短い単語よりずっと高得点。探す価値があります。	Las palabras largas puntúan mucho más que las cortas, así que vale la pena buscarlas.	Lange Wörter bringen viel mehr als kurze, die Suche lohnt sich.
Words are made of letters that touch. Tap C, the first letter of CAT.	单词由相邻的字母组成。点 CAT 的第一个字母 C。	単語はとなり合う文字でできています。CATの最初の文字、Cをタップ。	Las palabras se forman con letras que se tocan. Toca la C, la primera letra de CAT.	Wörter bestehen aus Buchstaben, die sich berühren. Tippe auf C, den ersten Buchstaben von CAT.
Now A, right next to it.	现在点旁边的 A。	次に、すぐとなりのA。	Ahora la A, justo al lado.	Jetzt A, direkt daneben.
And T.	再点 T。	そしてT。	Y la T.	Und T.
CAT: three letters, 1 point.	CAT：三个字母，1 分。	CAT：3文字で1点。	CAT: tres letras, 1 punto.	CAT: drei Buchstaben, 1 Punkt.
Letters touch diagonally too. Let's find DOG. Tap D.	字母斜着也算相邻。我们来找 DOG。点 D。	ななめでもとなり合っています。DOGを探しましょう。Dをタップ。	Las letras también se tocan en diagonal. Busquemos DOG. Toca la D.	Buchstaben berühren sich auch diagonal. Suchen wir DOG. Tippe auf D.
Now O, just above it.	现在点它正上方的 O。	次に、そのすぐ上のO。	Ahora la O, justo encima.	Jetzt O, direkt darüber.
And G, down and to the right of O.	再点 O 右下方的 G。	そしてOの右下のG。	Y la G, abajo a la derecha de la O.	Und G, rechts unterhalb von O.
DOG: up, then diagonally down.	DOG：先向上，再斜着向下。	DOG：上へ、それからななめ下へ。	DOG: hacia arriba y luego en diagonal hacia abajo.	DOG: nach oben, dann diagonal nach unten.
How many points is a five-letter word worth?	五个字母的单词值几分？	5文字の単語は何点？	¿Cuántos puntos vale una palabra de cinco letras?	Wie viele Punkte bringt ein Wort mit fünf Buchstaben?
Three points. Six letters make 5, and eight or more make 13!	3 分。六个字母 5 分，八个及以上 13 分！	3点です。6文字で5点、8文字以上なら13点！	Tres puntos. Seis letras dan 5, ¡y ocho o más dan 13!	Drei Punkte. Sechs Buchstaben bringen 5, acht oder mehr sogar 13!
Three letters make 1, four make 2, five make 3.	三个字母 1 分，四个 2 分，五个 3 分。	3文字で1点、4文字で2点、5文字で3点。	Tres letras dan 1, cuatro dan 2, cinco dan 3.	Drei Buchstaben bringen 1, vier bringen 2, fünf bringen 3.
Chain touching letters into words on 4×4 and 5×5 grids × 4 levels; longer words score more.	在 4×4 和 5×5 的格子里把相邻字母连成单词 × 4 个难度；单词越长得分越高。	4×4と5×5の盤でとなり合う文字をつなぐ × 4レベル。長い単語ほど高得点。	Encadena letras en cuadrículas de 4×4 y 5×5 × 4 niveles; las palabras largas puntúan más.	Verbinde Buchstaben auf 4×4- und 5×5-Gittern × 4 Stufen; längere Wörter bringen mehr.
Grids are drawn from weighted letters and kept only when they hide enough everyday words; 168,297 accepted words.	格子由加权字母随机生成，只保留藏有足够常用词的格子；共收录 168,297 个单词。	文字は重みづけして選び、身近な単語が十分に隠れた盤だけを使います。受け付ける単語は168,297語。	Las cuadrículas salen de letras ponderadas y solo se usan si esconden suficientes palabras comunes; 168.297 palabras aceptadas.	Gitter entstehen aus gewichteten Buchstaben und werden nur genutzt, wenn sie genug Alltagswörter enthalten; 168.297 erlaubte Wörter.
Wordsworn	词语大作战	ことばバトル	Duelo de palabras	Wortgefecht
Battle monsters with words	用单词打怪兽	ことばでモンスターと戦う	Lucha contra monstruos con palabras	Kämpfe mit Wörtern gegen Monster
Battle a run of monsters with words. Tap tiles from your hand to spell a word, then Attack: the tiles' power is added up, and long words get a bonus. Rare letters hit harder. After your word the monster does what its sign shows: hit you, guard itself, or drain your health. Shield tiles block, heal tiles mend, a double tile doubles the damage and a wild tile can be any letter. Swap trades up to three tiles but uses your turn. After each win, choose a reward. Beat the Word Eater at the end to finish the run.	用单词和一连串怪兽战斗。点手中的字母牌拼出单词，然后点“攻击”：字母牌的力量相加，长单词有额外加成，稀有字母威力更大。你出招后，怪兽会按它的标志行动：攻击你、防御，或吸取你的生命。盾牌牌能挡伤害，治疗牌能回血，双倍牌让伤害翻倍，百搭牌可以当任何字母。“换牌”可以换最多三张，但会用掉你的回合。每次获胜后选一个奖励。最后打败“吞词怪”就完成了这一轮。（单词为英文。）	ことばでモンスターと連戦します。手札の文字タイルで英単語を作り「攻撃」。タイルの力の合計がダメージになり、長い単語はボーナス、めずらしい文字ほど強力です。あなたの番のあと、モンスターは表示どおりに行動します（攻撃・防御・体力を吸う）。盾タイルはダメージを防ぎ、回復タイルは体力を回復、ダブルタイルはダメージ2倍、ワイルドタイルは好きな文字になります。「交換」で3枚まで入れ替えられますが、1ターン使います。勝つたびにごほうびを1つ選び、最後の「ことばイーター」を倒せば攻略成功です。	Lucha contra una serie de monstruos con palabras. Toca fichas de tu mano para formar una palabra y luego Atacar: se suma el poder de las fichas y las palabras largas tienen bonificación. Las letras raras golpean más fuerte. Después, el monstruo hace lo que indica su señal: golpearte, protegerse o robarte vida. Las fichas de escudo bloquean, las de curación te curan, la doble duplica el daño y la comodín puede ser cualquier letra. Cambiar sustituye hasta tres fichas, pero gasta tu turno. Tras cada victoria elige una recompensa. Vence al Devorapalabras para terminar. (Las palabras son en inglés.)	Kämpfe mit Wörtern gegen eine Reihe von Monstern. Tippe Steine aus deiner Hand an, um ein Wort zu bilden, dann Angriff: Die Stärke der Steine wird addiert, lange Wörter bekommen einen Bonus, seltene Buchstaben treffen härter. Danach tut das Monster, was sein Zeichen zeigt: dich treffen, sich schützen oder dir Leben entziehen. Schildsteine blocken, Heilsteine heilen, ein Doppelstein verdoppelt den Schaden und ein Jokerstein kann jeder Buchstabe sein. Tauschen ersetzt bis zu drei Steine, kostet aber deinen Zug. Nach jedem Sieg wählst du eine Belohnung. Besiege am Ende den Wortfresser. (Die Wörter sind englisch.)
{0} fights · start with {1} health	{0} 场战斗 · 初始生命 {1}	{0}戦 · 体力{1}でスタート	{0} combates · empiezas con {1} de vida	{0} Kämpfe · Start mit {1} Leben
{0} · fight {1} of {2}	{0} · 第 {1}/{2} 场	{0} · {2}戦中{1}戦目	{0} · combate {1} de {2}	{0} · Kampf {1} von {2}
No word fits. Try Swap.	拼不出单词，试试换牌。	作れる単語がありません。交換してみましょう。	No sale ninguna palabra. Prueba a cambiar.	Kein Wort passt. Versuch zu tauschen.
Try {0} for {1} damage.	试试 {0}，造成 {1} 点伤害。	{0}で{1}ダメージ。	Prueba {0}: {1} de daño.	Versuch {0} für {1} Schaden.
Cancel swap	取消换牌	交換をやめる	Cancelar cambio	Tausch abbrechen
Swap ({0})	换牌（{0}）	交換（{0}）	Cambiar ({0})	Tauschen ({0})
Blocked	挡住了	防がれた	Bloqueado	Geblockt
Run complete! The Word Eater is beaten.	通关了！吞词怪被打败了。	攻略成功！ことばイーターを倒しました。	¡Recorrido completado! El Devorapalabras ha caído.	Geschafft! Der Wortfresser ist besiegt.
Defeated in fight {0}. Try another run!	在第 {0} 场战斗中落败。再来一轮吧！	{0}戦目で敗れました。もう一度挑戦！	Derrota en el combate {0}. ¡Prueba otra vez!	Im Kampf {0} besiegt. Versuch es noch einmal!
On to fight {0}!	进入第 {0} 场战斗！	{0}戦目へ！	¡Al combate {0}!	Weiter zu Kampf {0}!
Pick up to 3 tiles to swap	选最多 3 张要换的牌	交換するタイルを3枚まで選択	Elige hasta 3 fichas para cambiar	Wähle bis zu 3 Steine zum Tauschen
Tap tiles to spell a word	点字母牌拼单词	タイルをタップして単語を作る	Toca fichas para formar una palabra	Tippe Steine an, um ein Wort zu bilden
Deals {0}	造成 {0}	{0}ダメージ	Hace {0}	Macht {0}
blocks {0}	抵挡 {0}	{0}ブロック	bloquea {0}	blockt {0}
heals {0}	治疗 {0}	{0}回復	cura {0}	heilt {0}
Swap these	换这些	これを交換	Cambiar estas	Diese tauschen
Attack	攻击	攻撃	Atacar	Angriff
Swapped {0} tiles.	换了 {0} 张牌。	{0}枚交換しました。	Cambiaste {0} fichas.	{0} Steine getauscht.
{0}! {1} is beaten.	{0}！{1}被打败了。	{0}！{1}を倒した。	¡{0}! {1} ha caído.	{0}! {1} ist besiegt.
{0}! You won the run!	{0}！你赢了！	{0}！攻略成功！	¡{0}! ¡Has ganado!	{0}! Du hast gewonnen!
Wild tile: pick its letter	百搭牌：选一个字母	ワイルドタイル：文字を選ぶ	Ficha comodín: elige su letra	Jokerstein: wähle seinen Buchstaben
Draw pile {0} · used {1}	牌堆 {0} · 已用 {1}	山札{0} · 使用済み{1}	Mazo {0} · usadas {1}	Stapel {0} · benutzt {1}
Hits {0}	攻击 {0}	攻撃{0}	Golpea {0}	Trifft {0}
Guards {0}	防御 {0}	防御{0}	Se protege {0}	Schützt sich {0}
Drains {0}	吸取 {0}	吸収{0}	Absorbe {0}	Entzieht {0}
Wild tile	百搭牌	ワイルドタイル	Ficha comodín	Jokerstein
{0}, power {1}	{0}，力量 {1}	{0}、力{1}	{0}, poder {1}	{0}, Stärke {1}
{0}, power {1}, {2}	{0}，力量 {1}，{2}	{0}、力{1}、{2}	{0}, poder {1}, {2}	{0}, Stärke {1}, {2}
Shield	盾牌	盾	Escudo	Schild
Heal	治疗	回復	Curación	Heilung
Double	双倍	ダブル	Doble	Doppel
Wild	百搭	ワイルド	Comodín	Joker
{0} is beaten! Choose a reward:	{0}被打败了！选择一个奖励：	{0}を倒した！ごほうびを選ぼう：	¡{0} ha caído! Elige una recompensa:	{0} ist besiegt! Wähle eine Belohnung:
Sharpen {0}	磨利 {0}	{0}を強化	Afilar {0}	{0} schärfen
Every {0} tile gets +{1} power	每张 {0} 牌力量 +{1}	すべての{0}タイルの力+{1}	Cada ficha {0} gana +{1} de poder	Jeder {0}-Stein bekommt +{1} Stärke
New {0} tile	新的{0}牌	新しい{0}タイル	Nueva ficha de {0}	Neuer {0}stein
shield	盾牌	盾	escudo	Schild
heal	治疗	回復	curación	Heil
double	双倍	ダブル	doble	Doppel
wild	百搭	ワイルド	comodín	Joker
A wild tile: any letter	百搭牌：可当任何字母	ワイルドタイル：どの文字にもなる	Una ficha comodín: cualquier letra	Ein Jokerstein: jeder Buchstabe
Rest	休息	休む	Descansar	Rasten
Heal {0} health	恢复 {0} 点生命	体力を{0}回復	Recupera {0} de vida	{0} Leben heilen
Splatter: blood. Tap for ink.	飞溅：血。点一下换成墨水。	しぶき：血。タップでインクに。	Salpicaduras: sangre. Toca para tinta.	Spritzer: Blut. Tippen für Tinte.
Splatter: ink. Tap for blood.	飞溅：墨水。点一下换成血。	しぶき：インク。タップで血に。	Salpicaduras: tinta. Toca para sangre.	Spritzer: Tinte. Tippen für Blut.
Typo Imp	错字小鬼	タイポ小鬼	Diablillo Errata	Tippfehler-Kobold
Dust Bunny	灰尘兔	ほこりウサギ	Conejo de Polvo	Staubhase
Inkblot Slime	墨渍史莱姆	インクしみスライム	Babosa de Tinta	Tintenklecks-Schleim
Spelling Bee	拼写蜂	スペルバチ	Abeja Deletreadora	Buchstabier-Biene
Grammar Gremlin	语法小妖	文法グレムリン	Duende Gramatical	Grammatik-Gremlin
Bookworm	书虫	本の虫	Ratón de Biblioteca	Bücherwurm
Paper Dragon	纸龙	紙のドラゴン	Dragón de Papel	Papierdrache
Word Eater	吞词怪	ことばイーター	Devorapalabras	Wortfresser
Use at least two tiles.	至少用两张牌。	2枚以上使いましょう。	Usa al menos dos fichas.	Nimm mindestens zwei Steine.
Each tile once.	每张牌只能用一次。	各タイルは1回だけ。	Cada ficha una vez.	Jeder Stein nur einmal.
Pick a letter for each wild tile.	给每张百搭牌选一个字母。	ワイルドタイルごとに文字を選んでください。	Elige una letra para cada comodín.	Wähle für jeden Joker einen Buchstaben.
Not now.	现在不行。	今はできません。	Ahora no.	Nicht jetzt.
Battle a run of monsters by spelling words from your letter tiles.	用字母牌拼单词，和一连串怪兽战斗。	文字タイルで単語を作り、モンスターと連戦しよう。	Lucha contra una serie de monstruos formando palabras con tus fichas.	Kämpfe gegen eine Reihe von Monstern, indem du aus deinen Buchstabensteinen Wörter bildest.
Tap tiles from your hand to spell a word, then tap Attack.	点手中的牌拼出单词，然后点“攻击”。	手札のタイルをタップして単語を作り、「攻撃」をタップ。	Toca fichas de tu mano para formar una palabra y luego Atacar.	Tippe Steine aus deiner Hand an, um ein Wort zu bilden, dann auf Angriff.
Damage is the tiles' power added up. Words longer than three letters get 25% more for each extra letter.	伤害是字母牌力量之和。超过三个字母的单词，每多一个字母多 25%。	ダメージはタイルの力の合計。3文字より長い単語は、1文字ごとに25%アップ。	El daño es la suma del poder de las fichas. Las palabras de más de tres letras ganan un 25% por cada letra extra.	Der Schaden ist die Summe der Stärke. Wörter mit mehr als drei Buchstaben bekommen pro extra Buchstabe 25% mehr.
Common letters have power 1; rarer letters hit harder, up to 10 for Q and Z.	常见字母力量为 1，越稀有的字母威力越大，Q 和 Z 高达 10。	よく使う文字は力1、めずらしい文字ほど強く、QとZは10。	Las letras comunes tienen poder 1; las raras golpean más fuerte, hasta 10 para Q y Z.	Häufige Buchstaben haben Stärke 1, seltenere treffen härter, bis 10 für Q und Z.
After your word, the monster does what its sign shows: hit you, guard itself (its guard soaks up damage), or drain your health.	你出招后，怪兽会按标志行动：攻击你、防御（防御会吸收伤害），或吸取你的生命。	あなたの番のあと、モンスターは表示どおりに行動：攻撃、防御（防御はダメージを吸収）、体力を吸う。	Después de tu palabra, el monstruo hace lo que indica su señal: golpearte, protegerse (su escudo absorbe daño) o robarte vida.	Nach deinem Wort tut das Monster, was sein Zeichen zeigt: dich treffen, sich schützen (der Schutz schluckt Schaden) oder dir Leben entziehen.
Shield tiles block, heal tiles mend you, a double tile doubles the damage, and a wild tile can be any letter.	盾牌牌能挡伤害，治疗牌能回血，双倍牌让伤害翻倍，百搭牌可以当任何字母。	盾タイルは防御、回復タイルは回復、ダブルタイルはダメージ2倍、ワイルドタイルは好きな文字に。	Las fichas de escudo bloquean, las de curación te curan, la doble duplica el daño y la comodín puede ser cualquier letra.	Schildsteine blocken, Heilsteine heilen, ein Doppelstein verdoppelt den Schaden und ein Joker kann jeder Buchstabe sein.
Swap trades up to three tiles for new ones, but the monster still takes its turn.	“换牌”可以换最多三张新牌，但怪兽仍会行动。	「交換」で3枚まで新しいタイルに替えられますが、モンスターは行動します。	Cambiar sustituye hasta tres fichas por otras nuevas, pero el monstruo sigue actuando.	Tauschen ersetzt bis zu drei Steine, aber das Monster ist trotzdem dran.
After each win, choose a reward: sharpen a letter, add a special tile, or rest. Beat the Word Eater to finish the run.	每次获胜后选择奖励：磨利一个字母、加一张特殊牌，或休息。打败吞词怪就通关了。	勝つたびにごほうびを選択：文字を強化、特別なタイルを追加、または休む。ことばイーターを倒せば攻略成功。	Tras cada victoria elige una recompensa: afilar una letra, añadir una ficha especial o descansar. Vence al Devorapalabras para terminar.	Nach jedem Sieg wählst du: einen Buchstaben schärfen, einen Spezialstein oder Rast. Besiege den Wortfresser, um zu gewinnen.
Hint shows the strongest word your hand can make.	“提示”会显示你手中牌能拼出的最强单词。	ヒントは手札で作れる最強の単語を示します。	Pista muestra la palabra más fuerte que puedes formar.	Tipp zeigt das stärkste Wort, das deine Hand bilden kann.
A long word of plain letters often beats a short word with one rare letter.	用普通字母拼的长单词，常常比带一个稀有字母的短单词更强。	ふつうの文字の長い単語は、めずらしい文字1つの短い単語より強いことが多いです。	Una palabra larga de letras comunes suele superar a una corta con una letra rara.	Ein langes Wort aus einfachen Buchstaben schlägt oft ein kurzes mit einem seltenen.
When the monster is about to guard, strike hard now; when it's about to hit, a shield tile helps.	怪兽要防御时，现在就狠狠出击；它要攻击时，盾牌牌很有用。	モンスターが防御しようとしている時は今のうちに強打、攻撃してくる時は盾タイルが役立ちます。	Cuando el monstruo vaya a protegerse, golpea fuerte ya; cuando vaya a golpear, un escudo ayuda.	Will das Monster sich schützen, schlag jetzt hart zu; will es angreifen, hilft ein Schildstein.
This is your hand. The small number on each tile is its power. Spell CAT: tap C.	这是你的手牌，每张牌上的小数字是它的力量。拼 CAT：点 C。	これが手札。タイルの小さな数字が力です。CATを作ろう：Cをタップ。	Esta es tu mano. El número pequeño de cada ficha es su poder. Forma CAT: toca la C.	Das ist deine Hand. Die kleine Zahl auf jedem Stein ist seine Stärke. Bilde CAT: tippe auf C.
Now A.	现在点 A。	次にA。	Ahora la A.	Jetzt A.
CAT deals 3 + 1 + 1 = 5 damage.	CAT 造成 3 + 1 + 1 = 5 点伤害。	CATは3 + 1 + 1 = 5ダメージ。	CAT hace 3 + 1 + 1 = 5 de daño.	CAT macht 3 + 1 + 1 = 5 Schaden.
Longer words hit harder. How much would CARTONS deal? Its tiles add up to 9, and seven letters give +100%.	长单词威力更大。CARTONS 能造成多少伤害？它的牌加起来是 9，七个字母加成 +100%。	長い単語ほど強力。CARTONSは何ダメージ？タイルの合計は9、7文字で+100%。	Las palabras largas golpean más. ¿Cuánto haría CARTONS? Sus fichas suman 9 y siete letras dan +100%.	Längere Wörter treffen härter. Wie viel macht CARTONS? Die Steine ergeben 9, sieben Buchstaben geben +100%.
18 damage: nine, doubled for four extra letters.	18 点伤害：9 点，因多出四个字母而翻倍。	18ダメージ：9が、4文字多いぶん2倍に。	18 de daño: nueve, duplicado por cuatro letras extra.	18 Schaden: neun, verdoppelt für vier zusätzliche Buchstaben.
Each letter beyond three adds 25%: four extra letters make +100%.	超过三个字母后，每个字母加 25%：多四个就是 +100%。	3文字をこえる1文字ごとに25%：4文字多ければ+100%。	Cada letra más allá de tres suma un 25%: cuatro letras extra dan +100%.	Jeder Buchstabe über drei bringt 25%: vier zusätzliche ergeben +100%.
CAT deals 5	CAT 造成 5	CATで5ダメージ	CAT hace 5	CAT macht 5
Word battles against a run of 4 to 7 monsters × 4 levels, with tile upgrades, special tiles and a final boss.	和 4 到 7 只怪兽的单词对战 × 4 个难度，有牌强化、特殊牌和最终首领。	4〜7体のモンスターとことばで連戦 × 4レベル。タイル強化、特別なタイル、ラスボス付き。	Batallas de palabras contra 4 a 7 monstruos × 4 niveles, con mejoras, fichas especiales y un jefe final.	Wortkämpfe gegen 4 bis 7 Monster × 4 Stufen, mit Steinverbesserungen, Spezialsteinen und Endgegner.
Every shuffle comes from the run's seed; any accepted word can be played.	每次洗牌都由本轮的种子决定；任何收录的单词都能打出。	シャッフルはすべて攻略ごとのシードで決まり、受け付ける単語ならどれでも使えます。	Cada barajado sale de la semilla de la partida; se puede jugar cualquier palabra aceptada.	Jedes Mischen kommt aus dem Startwert des Laufs; jedes erlaubte Wort zählt.
Word Quilt	字母拼布	ことばキルト	Colcha de letras	Wortquilt
Stitch letters into words	把字母缝成单词	文字をぬい合わせて単語に	Cose letras en palabras	Buchstaben zu Wörtern nähen
The grid is sewn from patches, and each patch holds a set of letters, shown in its corner. Place every patch's letters in its own squares so that each run of two or more letters, across and down, is a word. Tap a square, then one of its patch's letters; tap a filled square to take its letter back. A full run that isn't a word is underlined in red. Any arrangement that makes every run a word wins.	格子由一块块拼布缝成，每块拼布有一组字母，显示在它的角上。把每块拼布的字母放进它自己的格子里，让横向和纵向每一段两个及以上的字母都组成单词。点一个格子，再点它所在拼布的字母；点已填的格子可以把字母拿回来。填满但不是单词的一段会用红线标出。只要每一段都是单词就赢了。（单词为英文。）	盤はパッチ（区画）をぬい合わせてできていて、各パッチには文字のセットがあり、角に表示されます。各パッチの文字をそのパッチのマスに置き、横・縦の2文字以上の並びがすべて英単語になるようにします。マスをタップしてからパッチの文字をタップ。埋まったマスをタップすると文字を戻せます。単語にならない並びには赤い下線が付きます。すべての並びが単語になれば勝ちです。	La cuadrícula está cosida con parches y cada parche tiene un grupo de letras, mostrado en su esquina. Coloca las letras de cada parche en sus propias casillas para que cada tramo de dos o más letras, en horizontal y vertical, sea una palabra. Toca una casilla y luego una letra de su parche; toca una casilla llena para recuperar la letra. Un tramo completo que no es palabra se subraya en rojo. Gana cualquier colocación en la que todos los tramos sean palabras. (Las palabras son en inglés.)	Das Gitter ist aus Flicken genäht, und jeder Flicken hat eine Gruppe Buchstaben, die in seiner Ecke stehen. Setze die Buchstaben jedes Flickens in seine Felder, sodass jede Folge von zwei oder mehr Buchstaben waagerecht und senkrecht ein Wort ist. Tippe auf ein Feld, dann auf einen Buchstaben seines Flickens; tippe auf ein volles Feld, um den Buchstaben zurückzunehmen. Eine volle Folge, die kein Wort ist, wird rot unterstrichen. Jede Anordnung, in der alle Folgen Wörter sind, gewinnt. (Die Wörter sind englisch.)
{0}×{1} grid · patches of {2}–{3}	{0}×{1} 格 · 每块 {2}–{3} 格	{0}×{1}マス · パッチは{2}〜{3}マス	Cuadrícula de {0}×{1} · parches de {2}–{3}	{0}×{1}-Gitter · Flicken mit {2}–{3} Feldern
{0} · {1} of {2} squares	{0} · 已填 {1}/{2} 格	{0} · {2}マス中{1}マス	{0} · {1} de {2} casillas	{0} · {1} von {2} Feldern
One square placed.	放好了一个格子。	1マス置きました。	Una casilla colocada.	Ein Feld gesetzt.
Every run is a word. Quilt finished!	每一段都是单词，拼布完成了！	すべての並びが単語に。キルト完成！	Cada tramo es una palabra. ¡Colcha terminada!	Jede Folge ist ein Wort. Quilt fertig!
{0} of {1} words	{1} 个词中 {0} 个	{1}語中{0}語	{0} de {1} palabras	{0} von {1} Wörtern
Patch letters	拼布字母	パッチの文字	Letras del parche	Buchstaben des Flickens
Place {0}	放入 {0}	{0}を置く	Colocar {0}	{0} setzen
Take back	拿回	戻す	Retirar	Zurücknehmen
Tap a square, then one of its patch's letters.	点一个格子，再点它所在拼布的字母。	マスをタップしてから、そのパッチの文字をタップ。	Toca una casilla y luego una letra de su parche.	Tippe auf ein Feld, dann auf einen Buchstaben seines Flickens.
patch letters {0}	拼布字母 {0}	パッチの文字{0}	letras del parche {0}	Buchstaben des Flickens {0}
none left	都用完了	残りなし	no quedan	keine übrig
Place each patch's letters so every run across and down is a word.	放好每块拼布的字母，让横竖每一段都是单词。	各パッチの文字を置いて、横と縦の並びをすべて単語にしよう。	Coloca las letras de cada parche para que cada tramo horizontal y vertical sea una palabra.	Setze die Buchstaben jedes Flickens so, dass jede Folge waagerecht und senkrecht ein Wort ist.
The grid is sewn from patches. Each patch holds a set of letters, shown in its corner.	格子由拼布缝成，每块拼布有一组字母，显示在角上。	盤はパッチでできていて、各パッチの文字は角に表示されます。	La cuadrícula está cosida con parches. Cada parche tiene un grupo de letras, mostrado en su esquina.	Das Gitter ist aus Flicken genäht. Jeder Flicken hat eine Gruppe Buchstaben in seiner Ecke.
Place every patch's letters in its own squares.	把每块拼布的字母放进它自己的格子。	各パッチの文字は、そのパッチのマスに置きます。	Coloca las letras de cada parche en sus propias casillas.	Setze die Buchstaben jedes Flickens in seine eigenen Felder.
Every run of two or more letters, across and down, must be a word.	横竖每一段两个及以上的字母都必须是单词。	横・縦の2文字以上の並びは、すべて単語でなければなりません。	Cada tramo de dos o más letras, en horizontal y vertical, debe ser una palabra.	Jede Folge von zwei oder mehr Buchstaben, waagerecht und senkrecht, muss ein Wort sein.
Tap a square, then one of its patch's letters. Tap a filled square to take its letter back.	点一个格子，再点拼布里的字母。点已填的格子可以拿回字母。	マスをタップしてからパッチの文字をタップ。埋まったマスをタップすると文字を戻せます。	Toca una casilla y luego una letra de su parche. Toca una casilla llena para recuperar la letra.	Tippe auf ein Feld, dann auf einen Buchstaben seines Flickens. Tippe auf ein volles Feld, um ihn zurückzunehmen.
A full run that isn't a word is underlined in red. Any arrangement that makes every run a word wins.	填满但不是单词的一段会用红线标出。只要每一段都是单词就赢了。	単語にならない並びには赤い下線。すべての並びが単語になれば勝ちです。	Un tramo completo que no es palabra se subraya en rojo. Gana cualquier colocación con todos los tramos como palabras.	Eine volle Folge, die kein Wort ist, wird rot unterstrichen. Jede Anordnung mit lauter Wörtern gewinnt.
Start with patches whose letters can only go one way, like a Q that needs a U after it.	先从只能一种放法的拼布开始，比如后面必须跟 U 的 Q。	置き方が1通りしかないパッチから始めましょう。たとえば後ろにUが必要なQなど。	Empieza por los parches cuyas letras solo encajan de una forma, como una Q que necesita una U detrás.	Beginne mit Flicken, deren Buchstaben nur auf eine Art passen, etwa ein Q, dem ein U folgen muss.
Short runs of two letters have few choices, so they're a good place to begin.	只有两个字母的短段选择很少，是很好的起点。	2文字の短い並びは選択肢が少ないので、始めるのにぴったりです。	Los tramos cortos de dos letras tienen pocas opciones: buen sitio para empezar.	Kurze Folgen aus zwei Buchstaben haben wenige Möglichkeiten, ein guter Anfang.
Each patch's letters must go in its own squares. Which letter belongs top left, so the top row and left column can both be words?	每块拼布的字母只能放进它自己的格子。左上角放哪个字母，才能让第一行和左边一列都成为单词？	パッチの文字はそのパッチのマスにしか置けません。上の行と左の列の両方が単語になるには、左上にどの文字を置く？	Las letras de cada parche van en sus propias casillas. ¿Qué letra va arriba a la izquierda para que la fila de arriba y la columna izquierda sean palabras?	Die Buchstaben eines Flickens gehören in seine Felder. Welcher Buchstabe kommt oben links hin, damit obere Reihe und linke Spalte Wörter sein können?
A: the left patch's other letter, T, goes below it, making AT down.	A：左边拼布的另一个字母 T 放在下面，竖着组成 AT。	A：左のパッチのもう1文字Tがその下に入り、縦にATができます。	A: la otra letra del parche izquierdo, T, va debajo y forma AT en vertical.	A: Der andere Buchstabe des linken Flickens, T, kommt darunter und bildet AT senkrecht.
Try each: T on top gives TA down, which is not a common word here.	都试试：T 在上面会竖着组成 TA，这里不算常用词。	両方試そう：Tを上にすると縦がTAになり、ここではよく使う単語ではありません。	Prueba ambas: con la T arriba sale TA en vertical, que aquí no es una palabra común.	Probier beides: T oben ergibt TA senkrecht, hier kein gängiges Wort.
The left column reads AT. Now the right patch: which letter goes top right?	左边一列是 AT。现在看右边的拼布：右上角放哪个字母？	左の列はAT。次は右のパッチ：右上にはどの文字？	La columna izquierda dice AT. Ahora el parche derecho: ¿qué letra va arriba a la derecha?	Die linke Spalte lautet AT. Jetzt der rechte Flicken: Welcher Buchstabe kommt oben rechts hin?
AT across, TO across, AT down and TO down: every run is a word!	横着是 AT 和 TO，竖着也是 AT 和 TO：每一段都是单词！	横にATとTO、縦にもATとTO：すべての並びが単語です！	AT y TO en horizontal, AT y TO en vertical: ¡todos los tramos son palabras!	AT und TO waagerecht, AT und TO senkrecht: Jede Folge ist ein Wort!
Place each patch's letters so every run across and down is a word × 4 levels, from a 4×3 block to 6×5 lattices.	放好每块拼布的字母，让横竖每段都是单词 × 4 个难度，从 4×3 方块到 6×5 格架。	パッチの文字を置いて縦横の並びを単語に × 4レベル。4×3のブロックから6×5の格子まで。	Coloca las letras de cada parche para que cada tramo sea una palabra × 4 niveles, de un bloque de 4×3 a enrejados de 6×5.	Setze die Buchstaben so, dass jede Folge ein Wort ist × 4 Stufen, vom 4×3-Block bis zu 6×5-Gittern.
Grids are filled with everyday words each game and kept only when they have one or two ways to finish.	每局都用常用词填满格子，只保留有一两种解法的格子。	毎回身近な単語で盤を埋め、解き方が1〜2通りのものだけを使います。	Cada partida se llena con palabras comunes y solo se usa si tiene una o dos soluciones.	Jedes Gitter wird mit Alltagswörtern gefüllt und nur genutzt, wenn es ein oder zwei Lösungen hat.
This little quilt has two patches: the left column holds A and T, and the right column holds T and O. Every row and column must end up a word.	这块小拼布有两块：左边一列有 A 和 T，右边一列有 T 和 O。每一行和每一列最后都要是单词。	この小さなキルトには2つのパッチがあります：左の列はAとT、右の列はTとO。すべての行と列を単語にします。	Esta colcha pequeña tiene dos parches: la columna izquierda tiene A y T, y la derecha T y O. Cada fila y columna debe acabar siendo una palabra.	Dieser kleine Quilt hat zwei Flicken: Die linke Spalte hat A und T, die rechte T und O. Jede Reihe und Spalte muss am Ende ein Wort sein.
Lone Letter	单字母	ひと文字	Letra única	Ein Buchstabe
One letter, many categories	一个字母，许多类别	ひとつの文字で、いろんなお題	Una letra, muchas categorías	Ein Buchstabe, viele Kategorien
Each round rolls one letter and deals a list of categories. Write an answer for each category that starts with the letter, then tap Done (or wait for the clock). Answers are in English, and a leading "the", "a" or "an" doesn't count. Your answers are compared with the computer players': an answer scores 1 point only if nobody else wrote the same thing, plus a bonus point for every further word that starts with the letter, like "Big Blue Bus". If an answer of real words isn't on our list, you can count it yourself. Three rounds; the highest total wins.	每轮掷出一个字母，并发一组类别。为每个类别写一个以该字母开头的答案，然后点“完成”（或等计时结束）。答案用英文，开头的 "the"、"a" 或 "an" 不算。你的答案会和电脑玩家的比较：只有没人写出同样答案时才得 1 分；答案中后面每多一个以该字母开头的词，再加 1 分，比如 "Big Blue Bus"。如果答案由真实单词组成但不在我们的列表里，你可以自己决定算分。共三轮，总分最高者获胜。	各ラウンドで文字をひとつ振り、お題のリストが配られます。各お題に、その文字で始まる答えを書いて「完了」をタップ（または時間切れを待つ）。答えは英語で、先頭の "the"・"a"・"an" は数えません。答えはコンピューターの答えと比べられ、誰とも同じでない答えだけが1点。さらに、その文字で始まる語がほかにもあれば1語ごとにボーナス1点（例："Big Blue Bus"）。実在の単語なのにリストにない答えは、自分で得点にできます。3ラウンドで合計がいちばん高い人の勝ちです。	Cada ronda saca una letra y reparte una lista de categorías. Escribe para cada categoría una respuesta que empiece por esa letra y toca Listo (o espera al reloj). Las respuestas son en inglés, y un "the", "a" o "an" inicial no cuenta. Tus respuestas se comparan con las de los jugadores del ordenador: una respuesta vale 1 punto solo si nadie más escribió lo mismo, más un punto extra por cada palabra siguiente que empiece por la letra, como "Big Blue Bus". Si una respuesta de palabras reales no está en nuestra lista, puedes contarla tú. Tres rondas; gana el total más alto.	Jede Runde würfelt einen Buchstaben und teilt eine Liste von Kategorien aus. Schreib zu jeder Kategorie eine Antwort, die mit dem Buchstaben beginnt, und tippe auf Fertig (oder warte auf die Uhr). Die Antworten sind englisch, ein "the", "a" oder "an" am Anfang zählt nicht. Deine Antworten werden mit denen der Computerspieler verglichen: Eine Antwort bringt nur 1 Punkt, wenn niemand sonst dasselbe geschrieben hat, plus einen Bonuspunkt für jedes weitere Wort mit dem Buchstaben, etwa "Big Blue Bus". Steht eine Antwort aus echten Wörtern nicht auf unserer Liste, kannst du sie selbst zählen. Drei Runden; die höchste Summe gewinnt.
{0} categories	{0} 个类别	お題{0}個	{0} categorías	{0} Kategorien
{0} rivals	{0} 个对手	ライバル{0}人	{0} rivales	{0} Gegner
no clock	不计时	時間制限なし	sin reloj	ohne Uhr
{0} a round	每轮 {0}	1ラウンド{0}	{0} por ronda	{0} pro Runde
round {0} of {1}	第 {0}/{1} 轮	ラウンド{0}/{1}	ronda {0} de {1}	Runde {0} von {1}
Round {0} of {1}	第 {0}/{1} 轮	ラウンド{0}/{1}	Ronda {0} de {1}	Runde {0} von {1}
Done	完成	完了	Listo	Fertig
Next round	下一轮	次のラウンド	Siguiente ronda	Nächste Runde
Time's up!	时间到！	時間切れ！	¡Se acabó el tiempo!	Die Zeit ist um!
No clock: take your time.	不计时：慢慢来。	時間制限なし。ゆっくりどうぞ。	Sin reloj: tómate tu tiempo.	Keine Uhr: Lass dir Zeit.
A tie at {0} points: you share the win!	{0} 分平局：你们共享胜利！	{0}点で同点：勝ちを分け合いました！	Empate a {0} puntos: ¡compartes la victoria!	Gleichstand bei {0} Punkten: Ihr teilt euch den Sieg!
You win with {0} points!	你以 {0} 分获胜！	{0}点であなたの勝ち！	¡Ganas con {0} puntos!	Du gewinnst mit {0} Punkten!
{0} wins with {1} points	{0} 以 {1} 分获胜	{0}が{1}点で勝ち	{0} gana con {1} puntos	{0} gewinnt mit {1} Punkten
Everything starts with {0}.	所有答案都以 {0} 开头。	答えはすべて{0}で始まります。	Todo empieza por {0}.	Alles beginnt mit {0}.
Doesn't start with {0}	不是以 {0} 开头	{0}で始まっていません	No empieza por {0}	Beginnt nicht mit {0}
Try {0}…	试试 {0}…	{0}…はどう？	Prueba {0}…	Versuch's mit {0}…
Tap Done when you're ready. Answers only score if nobody else wrote them.	准备好就点“完成”。只有没人写过的答案才得分。	できたら「完了」をタップ。誰とも同じでない答えだけが得点になります。	Toca Listo cuando quieras. Solo puntúan las respuestas que nadie más escribió.	Tippe auf Fertig, wenn du so weit bist. Nur Antworten, die sonst niemand hat, zählen.
Round {0}: you scored {1}	第 {0} 轮：你得了 {1} 分	ラウンド{0}：あなたは{1}点	Ronda {0}: has sacado {1}	Runde {0}: Du hast {1} Punkte
Counted.	已算分。	得点にしました。	Contada.	Gezählt.
Same	重复	かぶり	Repetida	Doppelt
Wrong letter	字母不对	文字ちがい	Letra equivocada	Falscher Buchstabe
Not on our list	不在列表中	リストにない	No está en la lista	Nicht auf der Liste
Real words, just not on our list. Would your table count it?	是真实的单词，只是不在我们的列表里。你们桌会算吗？	実在の単語ですが、リストにはありません。あなたの卓なら数えますか？	Son palabras reales, solo que no están en nuestra lista. ¿Tu mesa la contaría?	Echte Wörter, nur nicht auf unserer Liste. Würde eure Runde sie zählen?
Count it	算分	得点にする	Contarla	Zählen
Fish and sea creatures	鱼和海洋生物	魚と海の生き物	Peces y animales marinos	Fische und Meerestiere
Insects and bugs	昆虫和小虫	虫	Insectos y bichos	Insekten und Krabbeltiere
Kinds of dog	狗的品种	犬の種類	Razas de perro	Hunderassen
Fruit	水果	果物	Fruta	Obst
Foods and dishes	食物和菜肴	食べ物と料理	Comidas y platos	Speisen und Gerichte
Drinks	饮料	飲み物	Bebidas	Getränke
Desserts and sweets	甜点和糖果	デザートとお菓子	Postres y dulces	Desserts und Süßes
Cheeses	奶酪	チーズ	Quesos	Käsesorten
Flowers	花	花	Flores	Blumen
Games	游戏	ゲーム	Juegos	Spiele
Toys	玩具	おもちゃ	Juguetes	Spielzeug
Musical instruments	乐器	楽器	Instrumentos musicales	Musikinstrumente
Vehicles and boats	车辆和船	乗り物と船	Vehículos y barcos	Fahrzeuge und Boote
Buildings	建筑	建物	Edificios	Gebäude
Jobs	职业	職業	Profesiones	Berufe
Cities	城市	都市	Ciudades	Städte
Colours	颜色	色	Colores	Farben
Feelings	感受	気持ち	Sentimientos	Gefühle
One letter, many categories: write an answer for each that starts with the letter.	一个字母，许多类别：为每个类别写一个以该字母开头的答案。	ひとつの文字で、いろんなお題：その文字で始まる答えをお題ごとに書こう。	Una letra, muchas categorías: escribe para cada una una respuesta que empiece por la letra.	Ein Buchstabe, viele Kategorien: Schreib zu jeder eine Antwort, die mit dem Buchstaben beginnt.
Each round rolls one letter and deals a list of categories.	每轮掷出一个字母，并发一组类别。	各ラウンドで文字をひとつ振り、お題のリストが配られます。	Cada ronda saca una letra y reparte una lista de categorías.	Jede Runde würfelt einen Buchstaben und teilt eine Liste von Kategorien aus.
Write an answer for each category that starts with the letter. A leading "the", "a" or "an" doesn't count.	为每个类别写一个以该字母开头的答案。开头的 "the"、"a" 或 "an" 不算。	各お題に、その文字で始まる答えを書きます。先頭の "the"・"a"・"an" は数えません。	Escribe para cada categoría una respuesta que empiece por la letra. Un "the", "a" o "an" inicial no cuenta.	Schreib zu jeder Kategorie eine Antwort, die mit dem Buchstaben beginnt. Ein "the", "a" oder "an" am Anfang zählt nicht.
Tap Done when you're ready; on the harder levels a clock ends the round.	准备好就点“完成”；较难的级别有计时，时间到就结束本轮。	できたら「完了」をタップ。難しいレベルでは時間切れでラウンドが終わります。	Toca Listo cuando quieras; en los niveles difíciles un reloj termina la ronda.	Tippe auf Fertig, wenn du so weit bist; auf den schweren Stufen beendet eine Uhr die Runde.
An answer scores 1 point only if no other player wrote the same thing.	只有没有其他玩家写出同样的答案时，才得 1 分。	ほかの誰とも同じでない答えだけが1点になります。	Una respuesta vale 1 punto solo si ningún otro jugador escribió lo mismo.	Eine Antwort bringt nur 1 Punkt, wenn kein anderer Spieler dasselbe geschrieben hat.
Every further word that starts with the letter, like "Big Blue Bus", scores a bonus point.	答案中后面每多一个以该字母开头的词（比如 "Big Blue Bus"），再加 1 分。	その文字で始まる語がほかにもあれば、1語ごとにボーナス1点（例："Big Blue Bus"）。	Cada palabra siguiente que empiece por la letra, como "Big Blue Bus", suma un punto extra.	Jedes weitere Wort mit dem Buchstaben, etwa "Big Blue Bus", bringt einen Bonuspunkt.
If an answer of real words isn't on our list, you can count it yourself. After three rounds, the highest total wins.	如果答案由真实单词组成但不在我们的列表里，你可以自己决定算分。三轮后总分最高者获胜。	実在の単語なのにリストにない答えは、自分で得点にできます。3ラウンド後、合計がいちばん高い人の勝ち。	Si una respuesta de palabras reales no está en nuestra lista, puedes contarla tú. Tras tres rondas, gana el total más alto.	Steht eine Antwort aus echten Wörtern nicht auf unserer Liste, kannst du sie selbst zählen. Nach drei Runden gewinnt die höchste Summe.
The first answer that comes to mind comes to everyone's mind. Go for the second one.	你最先想到的答案，别人也会最先想到。选第二个吧。	最初に思いつく答えは、みんなも思いつきます。2番目を狙おう。	La primera respuesta que se te ocurre se le ocurre a todo el mundo. Ve a por la segunda.	Die erste Antwort, die dir einfällt, fällt allen ein. Nimm die zweite.
Answers of two or three words that all start with the letter score extra.	由两三个都以该字母开头的词组成的答案得分更多。	すべてその文字で始まる2〜3語の答えは、得点が増えます。	Las respuestas de dos o tres palabras que empiezan todas por la letra puntúan más.	Antworten aus zwei oder drei Wörtern, die alle mit dem Buchstaben beginnen, zählen mehr.
This round's letter is B. Every answer has to start with B.	本轮的字母是 B。每个答案都必须以 B 开头。	このラウンドの文字はB。答えはすべてBで始めます。	La letra de esta ronda es la B. Todas las respuestas deben empezar por B.	Der Buchstabe dieser Runde ist B. Jede Antwort muss mit B beginnen.
Which answer fits Fruit?	哪个答案适合“水果”？	「果物」に合う答えはどれ？	¿Qué respuesta vale para Fruta?	Welche Antwort passt zu Obst?
Banana starts with B and it's a fruit: 1 point, if nobody else writes it.	Banana 以 B 开头，而且是水果：如果没人写同样的答案，就得 1 分。	BananaはBで始まる果物：誰も同じ答えを書かなければ1点。	Banana empieza por B y es una fruta: 1 punto, si nadie más la escribe.	Banana beginnt mit B und ist Obst: 1 Punkt, wenn niemand sonst sie schreibt.
It has to start with B.	必须以 B 开头。	Bで始まる必要があります。	Tiene que empezar por B.	Sie muss mit B beginnen.
Pip, a computer player, nearly always writes bear for Animals. Which answer is more likely to score?	电脑玩家 Pip 在“动物”里几乎总是写 bear。哪个答案更可能得分？	コンピューターのPipは「動物」でほぼ必ずbearと書きます。得点になりやすいのはどっち？	Pip, un jugador del ordenador, casi siempre escribe bear en Animales. ¿Qué respuesta tiene más opciones de puntuar?	Pip, ein Computerspieler, schreibt bei Tiere fast immer bear. Welche Antwort punktet eher?
Badger! If you and Pip both wrote bear, neither of you would score.	Badger！如果你和 Pip 都写 bear，你们俩都不得分。	Badger！あなたとPipが両方bearと書くと、どちらも得点になりません。	¡Badger! Si Pip y tú escribierais bear, ninguno puntuaría.	Badger! Wenn du und Pip beide bear schreibt, punktet keiner von euch.
Answers that match someone else's score nothing.	和别人相同的答案不得分。	ほかの人と同じ答えは得点になりません。	Las respuestas que coinciden con las de otro no puntúan.	Antworten, die jemand anderes auch hat, zählen nichts.
Which answer scores the most for Colours?	在“颜色”里哪个答案得分最多？	「色」でいちばん得点が高いのはどれ？	¿Qué respuesta puntúa más en Colores?	Welche Antwort bringt bei Farben am meisten?
Baby blue: 1 point, plus 1 for the extra word that starts with B.	Baby blue：1 分，再加上另一个以 B 开头的词 1 分。	Baby blue：1点に、Bで始まるもう1語のぶん1点。	Baby blue: 1 punto, más 1 por la otra palabra que empieza por B.	Baby blue: 1 Punkt, plus 1 für das zweite Wort mit B.
Count the words that start with B.	数一数以 B 开头的词。	Bで始まる語を数えてみよう。	Cuenta las palabras que empiezan por B.	Zähl die Wörter, die mit B beginnen.
Write an answer starting with the round's letter for each category × 4 levels, from 6 categories with no clock to 12 in two minutes.	为每个类别写一个以本轮字母开头的答案 × 4 个难度，从不计时的 6 个类别到两分钟内 12 个。	各お題にラウンドの文字で始まる答えを書く × 4レベル。時間制限なしのお題6個から、2分で12個まで。	Escribe una respuesta que empiece por la letra de la ronda para cada categoría × 4 niveles, de 6 categorías sin reloj a 12 en dos minutos.	Schreib zu jeder Kategorie eine Antwort mit dem Buchstaben der Runde × 4 Stufen, von 6 Kategorien ohne Uhr bis 12 in zwei Minuten.
Every game rolls new letters and deals categories from 32 lists built from WordNet, against two or three computer players.	每局都会掷出新的字母，从 32 份基于 WordNet 的列表里发类别，对手是两三个电脑玩家。	毎回新しい文字を振り、WordNetから作った32のリストからお題を配ります。相手はコンピューター2〜3人。	Cada partida saca letras nuevas y reparte categorías de 32 listas creadas a partir de WordNet, contra dos o tres jugadores del ordenador.	Jedes Spiel würfelt neue Buchstaben und teilt Kategorien aus 32 Listen aus WordNet aus, gegen zwei oder drei Computerspieler.
Definitions and example sentences in the English lexicon and in Word Meaning; crossword and acrostic clues; synonyms and opposites for Word Meaning; the everyday word lists and Lone Letter's categories	英语词库和“词义”中的释义与例句；填字游戏和藏头词的提示；“词义”的同义词和反义词；常用词列表和“单字母”的类别	英語の辞書と「言葉の意味」の定義と例文。クロスワードと頭文字パズルのヒント。類義語と対義語。身近な単語のリストと「ひと文字」のお題	Definiciones y frases de ejemplo en el léxico inglés y en Significado; pistas de crucigrama y acróstico; sinónimos y antónimos de Significado; las listas de palabras comunes y las categorías de Letra única	Definitionen und Beispielsätze im englischen Lexikon und in Wortbedeutung; Hinweise für Kreuzworträtsel und Akrostichon; Synonyme und Gegenteile in Wortbedeutung; die Alltagswortlisten und die Kategorien von Ein Buchstabe
Which words letter games accept, which words the English lexicon marks as playable, and the words Five Letters, word scramble and code cracker draw from	字母游戏接受哪些词，英语词库把哪些词标为可玩，以及五字母、字词重组和数字填字所用的词	文字ゲームが受け付ける語、英語の辞書で遊べる語、そして5文字・文字並べ替え・数字クロスワードが使う語	Qué palabras aceptan los juegos de letras, cuáles marca como jugables el léxico inglés, y de cuáles salen Cinco letras, Letras revueltas y Crucigrama cifrado	Welche Wörter Buchstabenspiele annehmen, welche das englische Lexikon als spielbar führt, und woraus Fünf Buchstaben, Buchstabensalat und Codewort-Rätsel schöpfen
Example sentences in the English lexicon when Open English WordNet has none for that sense, and sayings for Cryptogram and Dropquote	当开放英语词网没有该义项的例句时，英语词库用的例句，以及密码谜题和落字格言的句子	オープン・イングリッシュ・ワードネットにその意味の例文がないときの英語辞書の例文。暗号パズルと落ち文字パズルの文	Frases de ejemplo en el léxico inglés cuando Open English WordNet no tiene una para ese sentido, y frases para Criptograma y Frase en columnas	Beispielsätze im englischen Lexikon, wenn Open English WordNet für diese Bedeutung keinen hat, sowie Sprüche für Kryptogramm und Buchstabenfall
Free software: you may share and change it under the GNU GPL. Source code: github.com/unexpear/pencil-and-tile	自由软件：你可以依照 GNU GPL 分享和修改它。源代码：github.com/unexpear/pencil-and-tile	フリーソフトウェア：GNU GPL のもとで共有・改変できます。ソースコード：github.com/unexpear/pencil-and-tile	Software libre: puedes compartirlo y modificarlo según la GNU GPL. Código fuente: github.com/unexpear/pencil-and-tile	Freie Software: Du darfst sie unter der GNU GPL weitergeben und verändern. Quellcode: github.com/unexpear/pencil-and-tile
GNU General Public License 3.0 or later	GNU 通用公共许可证 3.0 或更高版本	GNU 一般公衆利用許諾書 3.0 以降	Licencia Pública General de GNU 3.0 o posterior	GNU General Public License 3.0 oder später
Ink blocks	墨块	インクのブロック	Bloques de tinta	Tintenblöcke
Map	地图	マップ	Mapa	Karte
Puzzle	谜题	パズル	Puzzle	Rätsel
Discover map	探索地图	発見マップ	Mapa de Descubrir	Entdecken-Karte
Tap a numbered block to play it.	点一个带数字的方块来玩。	番号のブロックをタップして遊ぼう。	Toca un bloque con número para jugarlo.	Tippe auf einen nummerierten Block, um ihn zu spielen.
Every puzzle solved. The whole island is inked!	所有谜题都完成了，整座岛都上了墨！	全パズル達成。島じゅうがインクに染まった！	¡Todos los puzzles resueltos! La isla entera está entintada.	Alle Rätsel gelöst. Die ganze Insel ist eingefärbt!
Map: {0} of {1} puzzles solved	地图：已解 {0}/{1} 个谜题	マップ：{1}問中{0}問クリア	Mapa: {0} de {1} puzzles resueltos	Karte: {0} von {1} Rätseln gelöst
Next grid	下一个格子	次の盤	Siguiente cuadrícula	Nächstes Gitter
Pick a square: it and every square on its rising diagonal are inked.	选一个格子：它和它所在的上升对角线上的每个格子都会被涂黑。	マスを1つ選ぶ：そのマスと、右上がりの斜めの列のマスすべてが塗られます。	Elige una casilla: se entintan ella y todas las de su diagonal ascendente.	Wähle ein Feld: Es und jedes Feld auf seiner steigenden Diagonale werden eingefärbt.
{0}: tap a square to ink its whole rising diagonal.	{0}：点一个格子，把它所在的整条上升对角线涂黑。	{0}：マスをタップすると、右上がりの斜めの列がすべて塗られます。	{0}: toca una casilla para entintar toda su diagonal ascendente.	{0}: Tippe auf ein Feld, um seine ganze steigende Diagonale einzufärben.
New: knots! A word can run through any number of them and turn a corner on one. Writing never inks a knot.	新东西：结！单词可以穿过任意多个结，也可以在结上拐弯。写单词不会把结涂黑。	新しい：結び目！単語はいくつでも結び目を通れて、結び目の上で曲がれます。単語を書いても結び目は塗られません。	Novedad: ¡nudos! Una palabra puede pasar por cualquier número de ellos y girar en uno. Escribir nunca entinta un nudo.	Neu: Knoten! Ein Wort kann durch beliebig viele laufen und auf einem abbiegen. Schreiben färbt nie einen Knoten ein.
New: a ? square stands for any letter you need.	新东西：? 格子可以当作你需要的任何字母。	新しい：? のマスは、必要などの文字にもなります。	Novedad: una casilla ? vale por la letra que necesites.	Neu: Ein ?-Feld steht für jeden Buchstaben, den du brauchst.
New: sealed squares! The first time one is inked its seal breaks instead. Ink it again to finish it.	新东西：封印格！第一次涂墨时只会打破封印，再涂一次才算完成。	新しい：封印マス！最初に塗ると封印が割れるだけ。もう一度塗って仕上げよう。	Novedad: ¡casillas selladas! La primera vez que se entinta solo se rompe el sello. Entíntala otra vez para acabarla.	Neu: versiegelte Felder! Beim ersten Einfärben bricht nur das Siegel. Färbe es noch einmal ein, um es fertigzumachen.
Pick an inked square: it comes back as it started. Or pick a letter: it gets a seal.	选一个已涂黑的格子：它会恢复成开始时的样子。或者选一个字母：它会被封印。	塗られたマスを選ぶと、最初の姿に戻ります。文字を選ぶと、封印がつきます。	Elige una casilla entintada: vuelve a como empezó. O elige una letra: recibe un sello.	Wähle ein eingefärbtes Feld: Es kehrt zurück, wie es anfangs war. Oder wähle einen Buchstaben: Er bekommt ein Siegel.
{0}: tap an inked square to bring it back, or a letter to seal it.	{0}：点一个已涂黑的格子让它恢复，或点一个字母给它封印。	{0}：塗られたマスをタップして戻すか、文字をタップして封印しよう。	{0}: toca una casilla entintada para recuperarla, o una letra para sellarla.	{0}: Tippe auf ein eingefärbtes Feld, um es zurückzuholen, oder auf einen Buchstaben, um ihn zu versiegeln.
Daily	每日	デイリー	Diario	Täglich
A new puzzle every day, the same for everyone; easy on Mondays, hardest on Sundays	每天一道新谜题，所有人都一样；周一简单，周日最难	毎日新しいパズル。みんな同じ問題で、月曜はやさしく日曜がいちばん難しい	Un puzzle nuevo cada día, el mismo para todos; fácil los lunes y más difícil los domingos	Jeden Tag ein neues Rätsel, für alle gleich; montags leicht, sonntags am schwersten
Daily · {0}/{1} · {2}	每日 · {0}/{1} · {2}	デイリー · {0}/{1} · {2}	Diario · {1}/{0} · {2}	Täglich · {1}.{0}. · {2}
1 day in a row	连续 1 天	1日連続	1 día seguido	1 Tag in Folge
{0} days in a row	连续 {0} 天	{0}日連続	{0} días seguidos	{0} Tage in Folge
That's today's puzzle done. A new one comes tomorrow!	今天的谜题完成了。明天会有新的！	今日のパズルはクリア。明日また新しいのが来るよ！	¡Puzzle de hoy terminado! Mañana llega otro.	Das heutige Rätsel ist geschafft. Morgen kommt ein neues!
Starting today's puzzle.	开始今天的谜题。	今日のパズルを始めます。	Empezando el puzzle de hoy.	Das heutige Rätsel beginnt.
Ink a letter grid with invented command words: a 22-step Discover trail, 4 levels and a daily puzzle, with six words, knots, wild squares, seals and odd-shaped boards.	用自创的指令词给字母格上墨：22 步的探索之路、4 个难度和每日谜题，有六个词、结、万能格、封印和不规则的盘面。	作られた命令語で文字の盤を塗りつぶす：22ステップの「発見」、4つのレベルとデイリーパズル。6つの言葉、結び目、ワイルド、封印、変わった形の盤。	Entinta una cuadrícula de letras con palabras de orden inventadas: un recorrido Descubrir de 22 pasos, 4 niveles y un puzzle diario, con seis palabras, nudos, casillas comodín, sellos y tableros de formas raras.	Färbe ein Buchstabengitter mit erfundenen Befehlswörtern ein: ein Entdecken-Pfad mit 22 Schritten, 4 Stufen und ein tägliches Rätsel, mit sechs Wörtern, Knoten, Joker-Feldern, Siegeln und ungewöhnlich geformten Brettern.
Discover brings in the words and special squares one small puzzle at a time. Easy uses VUM; Medium adds DRIF; Hard adds ZUV and GOBA; Expert adds KEL and KOPA. Medium and up can have loose pieces. Daily is a new puzzle every day.	探索会用一个个小谜题逐步带来各个词和特殊格。简单用 VUM；中等加入 DRIF；困难加入 ZUV 和 GOBA；专家加入 KEL 和 KOPA。中等及以上可能有散落的拼块。每日模式每天一道新谜题。	「発見」では小さなパズルごとに言葉と特別なマスが増えていきます。かんたんは VUM、ふつうで DRIF、むずかしいで ZUV と GOBA、エキスパートで KEL と KOPA が加わります。ふつう以上ではばらばらのピースが出ることも。デイリーは毎日新しいパズル。	Descubrir presenta las palabras y las casillas especiales de puzzle en puzzle. Fácil usa VUM; Medio añade DRIF; Difícil añade ZUV y GOBA; Experto añade KEL y KOPA. Desde Medio puede haber piezas sueltas. Diario trae un puzzle nuevo cada día.	Entdecken führt die Wörter und besonderen Felder Rätsel für Rätsel ein. Leicht nutzt VUM; Mittel fügt DRIF hinzu; Schwer ZUV und GOBA; Experte KEL und KOPA. Ab Mittel kann es lose Teile geben. Täglich gibt es jeden Tag ein neues Rätsel.
The edges join! A word can run off one side and come back on the other.	边缘是连着的！单词可以从一边出去，再从另一边回来。	端がつながっている！単語は片側から出て、反対側から戻ってこられます。	¡Los bordes se unen! Una palabra puede salir por un lado y volver por el otro.	Die Ränder hängen zusammen! Ein Wort kann an einer Seite hinauslaufen und an der anderen zurückkommen.
Knots join letters, and a word can turn a corner on one. A ? square is any letter, a sealed square needs inking twice, inking one echo inks them all, gaps count as ink, and some boards' edges join.	结把字母连起来，单词可以在结上拐弯。? 格可以是任何字母，封印格要涂两次，涂黑一个回声格会让所有回声格都变黑，空缺算作墨，有些盘面的边缘是连着的。	結び目は文字をつなぎ、単語は結び目で曲がれます。? はどの文字にもなり、封印マスは2回塗り、こだまマスは1つ塗ると全部塗られ、穴はインク扱い。端がつながった盤もあります。	Los nudos unen letras y una palabra puede girar en uno. Una casilla ? es cualquier letra, una sellada se entinta dos veces, entintar un eco los entinta todos, los huecos cuentan como tinta y en algunos tableros los bordes se unen.	Knoten verbinden Buchstaben, und ein Wort kann auf einem abbiegen. Ein ? ist jeder Buchstabe, ein versiegeltes Feld braucht zwei Mal Tinte, ein eingefärbtes Echo färbt alle Echos, Lücken zählen als Tinte, und bei manchen Brettern hängen die Ränder zusammen.
New: echo squares! Ink one, and every echo square is inked with it.	新东西：回声格！涂黑一个，所有回声格都会一起变黑。	新しい：こだまマス！1つ塗ると、こだまマスが全部いっしょに塗られます。	Novedad: ¡casillas eco! Entinta una y todas las casillas eco se entintan con ella.	Neu: Echo-Felder! Färbe eins ein, und alle Echo-Felder werden mit eingefärbt.
Pick an arrow square: it's inked, then slides one space its way, pushing the squares in front of it along to the next gap.	选一个箭头格：它会被涂黑，然后朝箭头方向滑动一格，把前面的格子一路推到下一个空缺。	矢印マスを選ぶと、塗られてから矢印の向きに1マス進み、前にあるマスを次の穴まで押していきます。	Elige una casilla flecha: se entinta y se desliza una casilla en su dirección, empujando las de delante hasta el siguiente hueco.	Wähle ein Pfeilfeld: Es wird eingefärbt und rutscht ein Feld in seine Richtung und schiebt die Felder davor bis zur nächsten Lücke.
{0}: tap an arrow square to push it.	{0}：点一个箭头格来推动它。	{0}：矢印マスをタップして押そう。	{0}: toca una casilla flecha para empujarla.	{0}: Tippe auf ein Pfeilfeld, um es zu schieben.
Put the loose pieces into the gaps: tap a piece below, then a gap. Once they're all in, they stay put.	把散落的拼块放进空缺：先点下面的拼块，再点一个空缺。全部放好后它们就固定了。	ばらばらのピースを穴に入れよう：下のピースをタップしてから穴をタップ。全部入れると固定されます。	Coloca las piezas sueltas en los huecos: toca una pieza abajo y luego un hueco. Cuando estén todas, se quedan fijas.	Setze die losen Teile in die Lücken: Tippe unten auf ein Teil, dann auf eine Lücke. Sind alle drin, bleiben sie fest.
Pick a piece below, then tap a gap to put it there.	先选下面的拼块，再点一个空缺把它放进去。	下のピースを選んでから、穴をタップして置こう。	Elige una pieza abajo y toca un hueco para ponerla ahí.	Wähle unten ein Teil und tippe auf eine Lücke, um es dort abzulegen.
That piece doesn't fit there.	那个拼块放不进那里。	そのピースはそこに入りません。	Esa pieza no cabe ahí.	Das Teil passt dort nicht hinein.
All the pieces are in. Now they stay put!	所有拼块都放好了，现在它们固定了！	ピースが全部入った。もう動きません！	¡Todas las piezas están puestas! Ahora se quedan fijas.	Alle Teile sind drin. Jetzt bleiben sie fest!
This piece goes here.	这个拼块放在这里。	このピースはここ。	Esta pieza va aquí.	Dieses Teil gehört hierhin.
Loose pieces	散落的拼块	ばらばらのピース	Piezas sueltas	Lose Teile
Gap, row {0}, column {1}: the piece fits here	空缺，第 {0} 行第 {1} 列：拼块能放在这里	穴、{0}行{1}列：ピースが入ります	Hueco, fila {0}, columna {1}: la pieza cabe aquí	Lücke, Zeile {0}, Spalte {1}: Das Teil passt hier
Loose piece: {0}	散落的拼块：{0}	ばらばらのピース：{0}	Pieza suelta: {0}	Loses Teil: {0}
Ink every square. Write a command word by tapping its letters in a straight line, across or down, forwards or backwards. Inked squares are skipped, so the letters on either side of them count as neighbours. The word's letters are inked, and then the word does something. Each word does something different: find out by trying, or peek in the word list. A word can only be written when what it does can then be used. Knot squares join letters: a word can run through any number of them and turn a corner on one, and writing never inks a knot. A ? square stands for any letter. A sealed square loses its seal the first time it's inked and needs inking again. Inking one echo square inks every echo. Gaps in the board count as ink, and on some boards the edges join. Some words push an arrow square: it's inked and slides one space its way, pushing the squares ahead of it into the next gap. Some puzzles start with loose pieces to put into the gaps first; once they're all in, they stay put. Discover brings in the words one small puzzle at a time, and every puzzle can be finished.	把每个格子都涂黑。沿直线按顺序点出一个指令词的字母来写下它：横着或竖着，正读或倒读都可以。已涂黑的格子会被跳过，所以它两边的字母算作相邻。写下的词的字母会被涂黑，然后这个词会做一件事。每个词做的事都不同：自己试试，或在词表里偷看一下。只有当词的作用接下来能用上时，才能写这个词。结格把字母连起来：单词可以穿过任意多个结，并在结上拐弯，写单词不会把结涂黑。? 格可以代表任何字母。封印格第一次被涂墨时只会打破封印，需要再涂一次。涂黑一个回声格会让所有回声格都变黑。盘面上的空缺算作墨，有些盘面的边缘是连着的。有些词会推动箭头格：箭头格被涂黑，并朝它指的方向滑动一格，把前方的格子推进下一个空缺。有些谜题开始时有散落的拼块，要先把它们放进空缺；全部放好后就固定不动了。探索会用一个个小谜题逐步带来各个词，而且每道谜题都能完成。	すべてのマスを塗りつぶそう。命令語の文字を一直線に順番どおりタップして書きます。横でも縦でも、前からでも後ろからでもOK。塗られたマスは飛ばされるので、その両側の文字はとなり同士になります。書いた言葉の文字は塗られ、そのあと言葉が何かをします。言葉ごとに働きがちがいます。試してみるか、単語リストでのぞいてみよう。言葉は、その働きが使えるときだけ書けます。結び目は文字をつなぎます。単語は結び目をいくつでも通れて、結び目の上で曲がれます。書いても結び目は塗られません。? のマスはどの文字にもなります。封印マスは最初に塗ると封印が割れるだけで、もう一度塗る必要があります。こだまマスは1つ塗ると全部いっしょに塗られます。盤の穴はインク扱いで、端がつながった盤もあります。矢印マスを押す言葉もあります。矢印は塗られて向きの方へ1マス進み、前にあるマスを次の穴まで押し出します。ばらばらのピースから始まるパズルもあり、まずピースを穴にはめます。全部はめると動かせなくなります。「発見」では小さなパズルごとに言葉が増え、どのパズルも必ずクリアできます。	Entinta todas las casillas. Escribe una palabra de orden tocando sus letras en orden y en línea recta: en horizontal o vertical, hacia delante o hacia atrás. Las casillas entintadas se saltan, así que las letras a cada lado cuentan como vecinas. Al escribir una palabra se entintan sus letras y después la palabra hace algo. Cada palabra hace algo distinto: pruébala o echa un vistazo a la lista. Una palabra solo se puede escribir si lo que hace se puede usar después. Los nudos unen letras: una palabra puede pasar por cualquier número de ellos y girar en uno, y escribir nunca entinta un nudo. Una casilla ? vale por cualquier letra. Una casilla sellada pierde el sello la primera vez que se entinta y hay que entintarla otra vez. Entintar una casilla eco entinta todas las casillas eco. Los huecos del tablero cuentan como tinta y en algunos tableros los bordes se unen. Algunas palabras empujan una casilla flecha: se entinta y avanza una casilla en su dirección, empujando las casillas de delante hasta el siguiente hueco. Algunos puzzles empiezan con piezas sueltas que primero hay que colocar en los huecos; cuando están todas puestas, ya no se mueven. Descubrir presenta las palabras de puzzle en puzzle, y todos los puzzles se pueden terminar.	Färbe jedes Feld ein. Schreib ein Befehlswort, indem du seine Buchstaben der Reihe nach in einer geraden Linie antippst: waagerecht oder senkrecht, vorwärts oder rückwärts. Eingefärbte Felder werden übersprungen, also gelten die Buchstaben links und rechts davon als Nachbarn. Ein geschriebenes Wort färbt seine Buchstaben ein, und dann bewirkt es etwas. Jedes Wort bewirkt etwas anderes: Probier es aus oder schau in die Wortliste. Ein Wort kann nur geschrieben werden, wenn seine Wirkung danach genutzt werden kann. Knoten verbinden Buchstaben: Ein Wort kann durch beliebig viele laufen und auf einem abbiegen, und Schreiben färbt nie einen Knoten ein. Ein ?-Feld steht für jeden Buchstaben. Ein versiegeltes Feld verliert beim ersten Einfärben nur sein Siegel und muss noch einmal eingefärbt werden. Färbt man ein Echo-Feld ein, werden alle Echo-Felder eingefärbt. Lücken im Brett zählen als Tinte, und bei manchen Brettern hängen die Ränder zusammen. Manche Wörter schieben ein Pfeilfeld: Es wird eingefärbt und rückt ein Feld in seine Richtung, wobei es die Felder davor bis in die nächste Lücke schiebt. Manche Rätsel beginnen mit losen Teilen, die zuerst in die Lücken gehören; sind alle drin, bleiben sie fest. Entdecken führt die Wörter Rätsel für Rätsel ein, und jedes Rätsel lässt sich lösen.
Some words push an arrow square one space, shoving the squares ahead of it into a gap. Loose pieces go into the gaps before play, and then stay put.	有些词会把箭头格推动一格，把前面的格子推进空缺。散落的拼块要在开始前放进空缺，之后就固定不动。	矢印マスを1マス押す言葉もあり、前のマスは穴へ押し出されます。ばらばらのピースは始める前に穴にはめ、そのあとは動きません。	Algunas palabras empujan una flecha una casilla y mueven las de delante hacia un hueco. Las piezas sueltas se colocan en los huecos antes de jugar y luego no se mueven.	Manche Wörter schieben ein Pfeilfeld um ein Feld und die Felder davor in eine Lücke. Lose Teile kommen vor dem Spiel in die Lücken und bleiben dann fest.
Tap two dots	点击两个点	2つの点をタップ	Tocar dos puntos	Zwei Punkte antippen
Tap between neighboring dots to draw a line.	点击相邻两点之间来画线。	隣り合う点の間をタップして線を引きます。	Toca entre puntos vecinos para trazar una línea.	Tippe zwischen benachbarte Punkte, um eine Linie zu ziehen.
Move board	移动棋盘	盤面を移動	Mover tablero	Spielfeld bewegen
Drag to move the board. Turn off Move board to play.	拖动可移动棋盘。关闭“移动棋盘”即可操作。	ドラッグで盤面を移動します。操作するには「盤面を移動」をオフにします。	Arrastra para mover el tablero. Desactiva Mover tablero para jugar.	Ziehe, um das Spielfeld zu bewegen. Schalte Spielfeld bewegen zum Spielen aus.
In a game, tap one dot and then its neighbor. Turn off Tap two dots to tap lines instead. In this tutorial, tap the missing line.	游戏中先点击一个点，再点击相邻的点。关闭“点击两个点”可改为点击线条。本教程中请点击缺失的线。	ゲームでは点と隣の点を順にタップします。「2つの点をタップ」をオフにすると線をタップできます。このチュートリアルでは足りない線をタップしてください。	En el juego, toca un punto y luego su vecino. Desactiva Tocar dos puntos para tocar líneas. En este tutorial, toca la línea que falta.	Tippe im Spiel auf einen Punkt und dann seinen Nachbarn. Schalte Zwei Punkte antippen aus, um Linien anzutippen. Tippe in dieser Anleitung auf die fehlende Linie.
Tap two neighboring dots to connect. Tap a selected dot again to cancel.	点击两个相邻的点进行连接。再次点击选中的点可取消。	隣り合う2点をタップしてつなぎます。選択中の点をもう一度タップすると取り消せます。	Toca dos puntos vecinos para unirlos. Toca de nuevo el punto seleccionado para cancelar.	Tippe zum Verbinden auf zwei benachbarte Punkte. Tippe zum Abbrechen erneut auf den gewählten Punkt.
Game	游戏	ゲーム	Juego	Spiel
Klondike	克朗代克	クロンダイク	Klondike	Klondike
Klondike, Spider, Pyramid	克朗代克、蜘蛛、金字塔	クロンダイク、スパイダー、ピラミッド	Klondike, Spider, Pirámide	Klondike, Spider, Pyramide
Letterfall	字母瀑	レターフォール	Cascada de letras	Letternfall
Spell words and let tiles fall	拼出单词，让字母落下	単語を作って、タイルを落とす	Forma palabras y deja caer las fichas	Wörter legen und Kacheln fallen lassen
Join tiles that share a side (not diagonally) into a word of at least 3 letters, using each tile once. Drag across them, or tap them and press Enter. The word clears, tiles above drop, and new letters fall from the top. Longer words and rare letters score more, and a combo (up to ×4) builds when you use a tile that just fell. Reach the target before you run out of moves.	把边对边相邻（不算斜向）的方块连成至少 3 个字母的单词，每块只用一次。沿方块拖动，或逐个点选后按确定。单词会消掉，上方的方块落下，新字母从顶上补进。单词越长、稀有字母越多，得分越高；用到刚落下的方块会连击，最高 ×4。在步数用完前达到目标分。	斜めはだめ。辺で接したタイルを、3文字以上の単語につなぎます。同じタイルは一度だけ。なぞるか、タップしてから決定。単語は消え、上のタイルが落ち、新しい文字が上から降ります。長い単語とまれな文字ほど高得点。落ちてきたタイルを使うとコンボになり、最大×4。手数が尽きる前に目標点へ。	Une fichas que compartan un lado (no en diagonal) en una palabra de al menos 3 letras, usando cada ficha una vez. Arrástralas, o tócalas y pulsa Enter. La palabra se borra, las fichas de arriba caen y entran letras nuevas por arriba. Las palabras largas y las letras raras puntúan más, y un combo (hasta ×4) crece si usas una ficha que acaba de caer. Llega a la meta antes de quedarte sin movimientos.	Verbinde Kacheln, die eine Seite teilen (nicht diagonal), zu einem Wort mit mindestens 3 Buchstaben. Jede Kachel nur einmal. Ziehe darüber oder tippe sie an und drücke Enter. Das Wort verschwindet, Kacheln darüber fallen, und neue Buchstaben kommen von oben. Längere Wörter und seltene Buchstaben bringen mehr, und eine Kombo (bis ×4) wächst, wenn du eine gerade gefallene Kachel benutzt. Erreiche das Ziel, bevor die Züge ausgehen.
Tiles must touch by a side, and each tile is used once.	方块必须边对边相邻，每块只能用一次。	タイルは辺で接している必要があり、同じタイルは一度だけ使えます。	Las fichas deben tocarse por un lado y cada ficha se usa una vez.	Die Kacheln müssen sich an einer Seite berühren, und jede Kachel zählt nur einmal.
1 move	1 步	1手	1 movimiento	1 Zug
Next ×{0}	下一个 ×{0}	次は×{0}	Siguiente ×{0}	Als Nächstes ×{0}
Target reached: {0} points!	达到目标：{0} 分！	目標達成：{0}点！	¡Objetivo alcanzado: {0} puntos!	Ziel erreicht: {0} Punkte!
Out of moves: {0} of {1} points	步数用完：{1} 分中得了 {0} 分	手数切れ：{1}点中{0}点	Sin movimientos: {0} de {1} puntos	Keine Züge mehr: {0} von {1} Punkten
Drag across tiles that share a side, or tap them and press Enter.	沿共边的方块拖动，或逐个点选后按确定。	辺で接したタイルをなぞるか、タップしてから決定を押します。	Arrastra por fichas que compartan un lado, o tócalas y pulsa Enter.	Ziehe über Kacheln, die eine Seite teilen, oder tippe sie an und drücke Enter.
just fell	刚落下	落ちてきたばかり	acaba de caer	gerade gefallen
Target reached!	达到目标！	目標達成！	¡Objetivo alcanzado!	Ziel erreicht!
Out of moves.	步数用完了。	手数が尽きました。	Sin movimientos.	Keine Züge mehr.
{0} points	{0} 分	{0}点	{0} puntos	{0} Punkte
{0} games	{0} 款游戏	ゲーム{0}種	{0} juegos	{0} Spiele
Spell words from side-by-side tiles on a 7×7 board × 4 levels. Cleared tiles drop out, letters above fall, and new letters refill from the top. Combos build when a word uses a tile that just moved. Each level is a target score with a move limit.	在 7×7 的盘面上把边相邻的字母拼成单词，共 4 个难度。消去的方块消失，上方字母落下，新字母从顶上补进。用到刚移动的方块会形成连击。每个难度都有目标分和步数限制。	7×7の盤で辺が接する文字を単語に。4レベル。消えたマスは抜け、上の文字が落ち、新しい文字が上から埋まります。動いたばかりのタイルを使うとコンボ。各レベルは目標点と手数制限です。	Forma palabras con fichas contiguas en un tablero de 7×7 × 4 niveles. Las fichas borradas desaparecen, las de arriba caen y entran letras nuevas por arriba. El combo crece si la palabra usa una ficha que acaba de moverse. Cada nivel tiene una puntuación objetivo y un límite de movimientos.	Bilde Wörter aus Kacheln, die sich an der Seite berühren, auf einem 7×7-Brett × 4 Stufen. Gelöschte Kacheln fallen weg, Buchstaben darüber rutschen nach, und neue kommen von oben. Kombos entstehen, wenn ein Wort eine gerade bewegte Kachel nutzt. Jede Stufe hat ein Punktziel und ein Zuglimit.
Boards are filled from weighted English letters and checked against the shared word list. The same word can be played again after new tiles fall. There is no final level.	盘面按英语字母的常见程度填入，并用同一份词表检查。新方块落下后，同一个词可以再拼一次。没有最终关卡。	盤は英語の出やすさに合わせた文字で埋まり、共通の単語リストで判定します。新しいタイルが落ちたあと、同じ単語もまた作れます。最終レベルはありません。	Los tableros se llenan con letras inglesas ponderadas y se comprueban con la lista de palabras compartida. La misma palabra se puede jugar otra vez cuando caen fichas nuevas. No hay un nivel final.	Die Bretter werden mit gewichteten englischen Buchstaben gefüllt und an der gemeinsamen Wortliste geprüft. Dasselbe Wort kann wieder gelegt werden, wenn neue Kacheln fallen. Es gibt keine letzte Stufe.
Spell words from side-by-side tiles, clear them, and let the rest fall.	把边相邻的字母拼成单词，消去它们，让其余的落下。	辺で接した文字で単語を作り、消して、残りを落とします。	Forma palabras con fichas contiguas, bórralas y deja caer el resto.	Bilde Wörter aus benachbarten Kacheln, lösche sie und lass den Rest fallen.
Trace a word through tiles that share a side. Diagonals do not count.	沿着共边的方块拼出一个单词。斜向不算。	辺を共有するタイルをたどって単語にします。斜めは数えません。	Traza una palabra por fichas que compartan un lado. Las diagonales no cuentan.	Ziehe ein Wort durch Kacheln, die eine Seite teilen. Diagonalen zählen nicht.
A word needs at least 3 letters, and each tile is used only once.	单词至少 3 个字母，每块方块只能用一次。	単語は3文字以上で、各タイルは一度だけです。	Una palabra necesita al menos 3 letras, y cada ficha se usa solo una vez.	Ein Wort braucht mindestens 3 Buchstaben, und jede Kachel wird nur einmal benutzt.
Drag across the tiles, or tap them one at a time and press Enter.	沿方块拖动，或逐个点选后按确定。	タイルをなぞるか、一つずつタップして決定を押します。	Arrastra por las fichas, o tócalas de una en una y pulsa Enter.	Ziehe über die Kacheln oder tippe sie nacheinander an und drücke Enter.
A real word clears those tiles. Tiles above drop down, and new letters fall in from the top.	真实的单词会清掉那些方块。上方的方块落下，新字母从顶上补进。	本物の単語ならそのタイルが消え、上のタイルが落ち、新しい文字が上から降ります。	Una palabra de verdad borra esas fichas. Las de arriba caen y entran letras nuevas por arriba.	Ein echtes Wort räumt diese Kacheln ab. Kacheln darüber fallen, und neue Buchstaben kommen von oben.
Longer words score more. J, Q, X and Z add 40 each; K, V, W and Y add 15. The combo multiplies the total.	单词越长得分越高。J、Q、X、Z 各加 40；K、V、W、Y 各加 15。连击会乘上这个总分。	長い単語ほど高得点。J・Q・X・Z は各40、K・V・W・Y は各15。コンボがその合計をかけます。	Las palabras largas puntúan más. J, Q, X y Z suman 40 cada una; K, V, W e Y suman 15. El combo multiplica el total.	Längere Wörter bringen mehr. J, Q, X und Z geben je 40; K, V, W und Y je 15. Die Kombo multipliziert die Summe.
A word that uses a tile that just fell or arrived scores ×2, then ×3, up to ×4. A word made only of tiles that stayed put scores ×1 and the combo starts over.	用到刚落下或刚出现的方块，得分是 ×2，然后 ×3，最高 ×4。只用没动过的方块则是 ×1，连击重新开始。	落ちてきた、または新しく来たタイルを使う単語は×2、次は×3、最大×4。動かなかったタイルだけの単語は×1で、コンボは最初から。	Una palabra que usa una ficha que acaba de caer o de llegar puntúa ×2, luego ×3, hasta ×4. Una palabra solo con fichas que no se movieron puntúa ×1 y el combo vuelve a empezar.	Ein Wort mit einer Kachel, die gerade gefallen oder neu gekommen ist, zählt ×2, dann ×3, bis ×4. Ein Wort nur aus Kacheln, die liegen blieben, zählt ×1 und die Kombo beginnt von vorn.
Each word spends one move. Reach the target score to win. Run out of moves first and you lose.	每个单词花掉一步。达到目标分就赢。先把步数用完就输。	単語ひとつで1手を使います。目標点に達すれば勝ち。先に手数が尽きたら負けです。	Cada palabra gasta un movimiento. Llega a la puntuación objetivo para ganar. Si se acaban antes los movimientos, pierdes.	Jedes Wort kostet einen Zug. Erreiche die Zielpunktzahl, um zu gewinnen. Gehen die Züge zuerst aus, hast du verloren.
Look at the tiles that just moved. Using one of them raises the combo.	看看刚移动的方块。用上其中一块就能提高连击。	動いたばかりのタイルを見よう。その一つを使うとコンボが上がります。	Mira las fichas que acaban de moverse. Usar una sube el combo.	Schau auf die Kacheln, die sich gerade bewegt haben. Eine davon zu benutzen hebt die Kombo.
Rare letters are worth hunting: one J or Z can be worth as much as several extra letters.	稀有字母值得找：一个 J 或 Z 能顶上好几个额外字母。	まれな文字は狙い目。J や Z が一つで、文字をいくつも足したのと同じ価値になります。	Las letras raras merecen la pena: una J o una Z pueden valer tanto como varias letras de más.	Seltene Buchstaben lohnen sich: ein J oder Z kann so viel wert sein wie mehrere zusätzliche Buchstaben.
Tiles that share a side can form a word. Tap C.	共边的方块可以拼成单词。点 C。	辺を共有するタイルで単語が作れます。C をタップ。	Las fichas que comparten un lado pueden formar una palabra. Toca C.	Kacheln, die eine Seite teilen, können ein Wort bilden. Tippe auf C.
Now A, on its right.	现在点它右边的 A。	次は右の A。	Ahora la A, a su derecha.	Jetzt A, rechts daneben.
CAT clears. Tiles above drop into the gaps, and new letters fall from the top.	CAT 被消去。上方的方块掉进空位，新字母从顶上落下。	CAT が消えます。上のタイルが空きに落ち、新しい文字が上から降ります。	CAT se borra. Las fichas de arriba caen en los huecos y entran letras nuevas por arriba.	CAT verschwindet. Kacheln darüber fallen in die Lücken, und neue Buchstaben kommen von oben.
The first word scores ×1. The next word that uses a tile that just fell scores a combo. What is that combo?	第一个单词是 ×1。下一个用到刚落下的方块的单词会计连击。这个连击是多少？	最初の単語は×1。次に、落ちてきたタイルを使う単語がコンボになります。その倍率は？	La primera palabra puntúa ×1. La siguiente que use una ficha que acaba de caer hace combo. ¿Cuál es?	Das erste Wort zählt ×1. Das nächste Wort, das eine gerade gefallene Kachel benutzt, ist eine Kombo. Welche?
×2, then ×3, up to ×4.	先是 ×2，然后 ×3，最高 ×4。	×2、次は×3、最大×4。	×2, luego ×3, hasta ×4.	×2, dann ×3, bis ×4.
The first word that uses a fallen tile is ×2.	第一个用到落下的方块的单词是 ×2。	落ちたタイルを使う最初の単語は×2です。	La primera palabra que usa una ficha caída es ×2.	Das erste Wort mit einer gefallenen Kachel ist ×2.
You have a limited number of moves. What loses the game?	步数是有限的。怎样会输掉？	手数には限りがあります。負けになるのは？	Tienes un número limitado de movimientos. ¿Qué hace perder?	Du hast nur begrenzt Züge. Was verliert das Spiel?
Running out of moves	把步数用完	手数が尽きる	Quedarte sin movimientos	Die Züge gehen aus
Spelling a short word	拼一个短词	短い単語を作る	Formar una palabra corta	Ein kurzes Wort legen
Reaching the target	达到目标	目標に達する	Alcanzar la meta	Das Ziel erreichen
Hit the target score before the moves run out.	在步数用完之前达到目标分。	手数が尽きる前に目標点に届こう。	Llega a la puntuación objetivo antes de que se acaben los movimientos.	Erreiche die Zielpunktzahl, bevor die Züge ausgehen.
The game ends in a loss when the moves are gone and the target is still ahead.	步数用完而目标分还没到，游戏就输了。	手数が尽きて、まだ目標点に届いていなければ負けです。	La partida se pierde cuando se acaban los movimientos y la meta sigue por delante.	Das Spiel ist verloren, wenn die Züge weg sind und das Ziel noch voraus liegt.
And T, to the right of A.	然后是 A 右边的 T。	そして A の右の T。	Y la T, a la derecha de la A.	Und T, rechts von A.
Battleship	海战棋	バトルシップ	Batalla naval	Schiffe versenken
Sink the fleet	击沉舰队	艦隊を沈めよう	Hunde la flota	Versenke die Flotte
@ship:Carrier	航空母舰	空母	Portaaviones	Flugzeugträger
@ship:Battleship	战列舰	戦艦	Acorazado	Schlachtschiff
@ship:Cruiser	巡洋舰	巡洋艦	Crucero	Kreuzer
@ship:Submarine	潜艇	潜水艦	Submarino	U-Boot
@ship:Destroyer	驱逐舰	駆逐艦	Destructor	Zerstörer
Place your fleet	布置你的舰队	艦隊を配置	Coloca tu flota	Stelle deine Flotte auf
Across. Tap a square or drag.	横向。点一格，或拖动。	ヨコ。マスをタップするか、ドラッグします。	En horizontal. Toca una casilla o arrastra.	Waagerecht. Tippe ein Feld an oder ziehe.
Down. Tap a square or drag.	纵向。点一格，或拖动。	タテ。マスをタップするか、ドラッグします。	En vertical. Toca una casilla o arrastra.	Senkrecht. Tippe ein Feld an oder ziehe.
Place your Carrier. It covers 5 squares.	放置你的航空母舰。它占 5 格。	空母を置きます。5マスです。	Coloca tu portaaviones. Ocupa 5 casillas.	Setze deinen Flugzeugträger. Er belegt 5 Felder.
Place your Battleship. It covers 4 squares.	放置你的战列舰。它占 4 格。	戦艦を置きます。4マスです。	Coloca tu acorazado. Ocupa 4 casillas.	Setze dein Schlachtschiff. Es belegt 4 Felder.
Place your Cruiser. It covers 3 squares.	放置你的巡洋舰。它占 3 格。	巡洋艦を置きます。3マスです。	Coloca tu crucero. Ocupa 3 casillas.	Setze deinen Kreuzer. Er belegt 3 Felder.
Place your Submarine. It covers 3 squares.	放置你的潜艇。它占 3 格。	潜水艦を置きます。3マスです。	Coloca tu submarino. Ocupa 3 casillas.	Setze dein U-Boot. Es belegt 3 Felder.
Place your Destroyer. It covers 2 squares.	放置你的驱逐舰。它占 2 格。	駆逐艦を置きます。2マスです。	Coloca tu destructor. Ocupa 2 casillas.	Setze deinen Zerstörer. Er belegt 2 Felder.
Randomize	随机布置	ランダム配置	Al azar	Zufällig
Ships have to stay on the board without overlapping.	舰船必须留在棋盘内，并且不能重叠。	艦は盤の中に置き、重ねられません。	Los barcos tienen que quedarse en el tablero y no pueden solaparse.	Schiffe müssen auf dem Brett bleiben und dürfen sich nicht überlappen.
Your fleet	你的舰队	自分の艦隊	Tu flota	Deine Flotte
Enemy waters	敌方海域	相手の海域	Aguas enemigas	Gegnerische Gewässer
Hidden until your fleet is placed.	放好你的舰队之前，这里是隐藏的。	艦隊を置き終えるまで隠れています。	Ocultas hasta que coloques tu flota.	Verborgen, bis deine Flotte steht.
Tap a square to fire.	点一格开炮。	マスをタップして撃つ。	Toca una casilla para disparar.	Tippe ein Feld an, um zu schießen.
You sank the fleet!	你击沉了整支舰队！	艦隊をすべて沈めました！	¡Has hundido la flota!	Du hast die Flotte versenkt!
Your fleet was sunk.	你的舰队被击沉了。	あなたの艦隊は沈みました。	Han hundido tu flota.	Deine Flotte wurde versenkt.
Rematch	再战	再戦	Revancha	Revanche
Change difficulty	更换难度	難易度を変える	Cambiar dificultad	Schwierigkeit ändern
Place	放置	配置	Colocar	Setzen
Fewest shots	最少炮数	最少の射撃	Menos disparos	Wenigste Schüsse
1 shot	1 炮	1発	1 disparo	1 Schuss
{0} shots	{0} 炮	{0}発	{0} disparos	{0} Schüsse
{0} of {1} placed	已放 {0}/{1}	{1}隻中{0}隻配置	{0} de {1} colocados	{0} von {1} gesetzt
Miss	未中	はずれ	Agua	Wasser
Hit	命中	命中	Tocado	Treffer
The computer missed	电脑未中	コンピューターははずしました	El ordenador ha fallado	Der Computer hat verfehlt
The computer hit a ship	电脑命中了一艘船	コンピューターが艦に当てました	El ordenador ha tocado un barco	Der Computer hat ein Schiff getroffen
You sank their Carrier	你击沉了对方的航空母舰	相手の空母を沈めました	Has hundido su portaaviones	Du hast den Flugzeugträger versenkt
You sank their Battleship	你击沉了对方的战列舰	相手の戦艦を沈めました	Has hundido su acorazado	Du hast das Schlachtschiff versenkt
You sank their Cruiser	你击沉了对方的巡洋舰	相手の巡洋艦を沈めました	Has hundido su crucero	Du hast den Kreuzer versenkt
You sank their Submarine	你击沉了对方的潜艇	相手の潜水艦を沈めました	Has hundido su submarino	Du hast das U-Boot versenkt
You sank their Destroyer	你击沉了对方的驱逐舰	相手の駆逐艦を沈めました	Has hundido su destructor	Du hast den Zerstörer versenkt
The computer sank your Carrier	电脑击沉了你的航空母舰	コンピューターが空母を沈めました	El ordenador ha hundido tu portaaviones	Der Computer hat deinen Flugzeugträger versenkt
The computer sank your Battleship	电脑击沉了你的战列舰	コンピューターが戦艦を沈めました	El ordenador ha hundido tu acorazado	Der Computer hat dein Schlachtschiff versenkt
The computer sank your Cruiser	电脑击沉了你的巡洋舰	コンピューターが巡洋艦を沈めました	El ordenador ha hundido tu crucero	Der Computer hat deinen Kreuzer versenkt
The computer sank your Submarine	电脑击沉了你的潜艇	コンピューターが潜水艦を沈めました	El ordenador ha hundido tu submarino	Der Computer hat dein U-Boot versenkt
The computer sank your Destroyer	电脑击沉了你的驱逐舰	コンピューターが駆逐艦を沈めました	El ordenador ha hundido tu destructor	Der Computer hat deinen Zerstörer versenkt
Mostly random shots, with a weak follow-up after a hit	大多随机开炮，命中后很少追击	ほとんどランダムに撃ち、命中後の追撃は弱い	Dispara casi al azar y apenas sigue un impacto	Schießt meist zufällig und verfolgt einen Treffer nur schwach
After a hit, fires at a neighboring square	命中后，朝相邻的格子开炮	命中すると、となりのマスを撃つ	Tras un impacto, dispara a una casilla vecina	Nach einem Treffer schießt es auf ein Nachbarfeld
Hunts around hits, then fires in a checkerboard	先追击命中点，再按棋盘格开炮	命中の周りを狙い、その後は市松に撃つ	Persigue los impactos y luego dispara en damero	Jagt Treffer und schießt danach im Schachbrettmuster
Aims at the squares most likely to hold a remaining ship	瞄准最可能还有剩余舰船的格子	残っている艦がありそうなマスを狙う	Apunta a las casillas donde es más probable que quede un barco	Zielt auf die Felder, auf denen ein restliches Schiff am wahrscheinlichsten liegt
Place five ships on your grid: a carrier (5), a battleship (4), a cruiser (3), a submarine (3) and a destroyer (2). Ships run in a straight line. They may touch, but they cannot overlap or leave the board. Tap or drag to place the bow, and rotate to turn a ship. Randomize places the whole fleet. Then fire at the computer's hidden grid. You shoot first. Squares you already fired at are ignored. Sink every enemy ship to win. If the computer sinks yours, you lose.	在你的格子上放置五艘船：航空母舰（5）、战列舰（4）、巡洋舰（3）、潜艇（3）和驱逐舰（2）。船呈直线。它们可以相邻，但不能重叠，也不能出界。点或拖动来放船头，旋转可调转方向。随机布置会放好整支舰队。然后向电脑隐藏的格子开炮。你先手。已经开过炮的格子会被忽略。击沉所有敌舰即获胜。如果电脑击沉你的舰队，你就输了。	自分の盤に5隻を置きます。空母（5）、戦艦（4）、巡洋艦（3）、潜水艦（3）、駆逐艦（2）です。艦は直線に並び、隣り合ってもかまいませんが、重ねたり盤の外には出せません。タップかドラッグで艦首を置き、回転で向きを変えます。ランダム配置ですべて置けます。その後、コンピューターの隠れた盤を撃ります。あなたが先手です。すでに撃ったマスは無視されます。相手の艦をすべて沈めると勝ち、自分の艦隊を沈められると負けです。	Coloca cinco barcos en tu cuadrícula: un portaaviones (5), un acorazado (4), un crucero (3), un submarino (3) y un destructor (2). Van en línea recta. Pueden tocarse, pero no solaparse ni salirse del tablero. Toca o arrastra para colocar la proa, y gira para cambiar el sentido. Al azar coloca toda la flota. Luego dispara a la cuadrícula oculta del ordenador. Empiezas tú. Las casillas ya disparadas se ignoran. Hunde todos los barcos enemigos para ganar. Si el ordenador hunde los tuyos, pierdes.	Setze fünf Schiffe auf dein Gitter: einen Flugzeugträger (5), ein Schlachtschiff (4), einen Kreuzer (3), ein U-Boot (3) und einen Zerstörer (2). Sie liegen in einer geraden Linie. Sie dürfen sich berühren, aber nicht überlappen oder das Brett verlassen. Tippe oder ziehe, um den Bug zu setzen, und drehe, um das Schiff zu wenden. Zufällig stellt die ganze Flotte auf. Dann schieße auf das verdeckte Gitter des Computers. Du schießt zuerst. Bereits beschossene Felder werden ignoriert. Versenke jedes gegnerische Schiff, um zu gewinnen. Versenkt der Computer deine Flotte, verlierst du.
Classic 10×10 fleet (carrier 5, battleship 4, cruiser 3, submarine 3, destroyer 2) × 4 computer strengths. Ships may touch but cannot overlap. You fire first.	经典 10×10 舰队（航空母舰 5、战列舰 4、巡洋舰 3、潜艇 3、驱逐舰 2）× 4 档电脑强度。舰船可以相邻，但不能重叠。你先开炮。	定番の10×10艦隊（空母5、戦艦4、巡洋艦3、潜水艦3、駆逐艦2）× コンピューターの強さ4段階。艦は隣り合ってよいが重ねられない。あなたが先に撃つ。	Flota clásica de 10×10 (portaaviones 5, acorazado 4, crucero 3, submarino 3, destructor 2) × 4 niveles del ordenador. Los barcos pueden tocarse, pero no solaparse. Disparas primero.	Klassische 10×10-Flotte (Flugzeugträger 5, Schlachtschiff 4, Kreuzer 3, U-Boot 3, Zerstörer 2) × 4 Computerstärken. Schiffe dürfen sich berühren, aber nicht überlappen. Du schießt zuerst.
Each fleet is placed per game. The computer's ships stay hidden until you hit them.	每局各自布置舰队。电脑的船在你命中之前一直隐藏。	艦隊はその対局ごとに配置されます。コンピューターの艦は当たるまで隠れています。	Cada flota se coloca en la partida. Los barcos del ordenador siguen ocultos hasta que les des.	Jede Flotte wird pro Partie gesetzt. Die Schiffe des Computers bleiben verborgen, bis du sie triffst.
Place your fleet, then sink the computer's ships.	先布置舰队，再击沉电脑的船。	艦隊を置いて、コンピューターの艦を沈めよう。	Coloca tu flota y hunde los barcos del ordenador.	Stelle deine Flotte auf und versenke die Schiffe des Computers.
Each fleet has a carrier (5), a battleship (4), a cruiser (3), a submarine (3) and a destroyer (2).	每支舰队有航空母舰（5）、战列舰（4）、巡洋舰（3）、潜艇（3）和驱逐舰（2）。	各艦隊は空母（5）、戦艦（4）、巡洋艦（3）、潜水艦（3）、駆逐艦（2）です。	Cada flota tiene un portaaviones (5), un acorazado (4), un crucero (3), un submarino (3) y un destructor (2).	Jede Flotte hat einen Flugzeugträger (5), ein Schlachtschiff (4), einen Kreuzer (3), ein U-Boot (3) und einen Zerstörer (2).
Ships sit in a straight line. They may touch, but they cannot overlap or leave the board.	船呈直线。它们可以相邻，但不能重叠，也不能出界。	艦は直線に並びます。隣り合ってもよいですが、重ねたり盤の外には出せません。	Los barcos van en línea recta. Pueden tocarse, pero no solaparse ni salirse del tablero.	Schiffe liegen in einer geraden Linie. Sie dürfen sich berühren, aber nicht überlappen oder das Brett verlassen.
Tap or drag to place the bow. Rotate turns the ship. Randomize places the whole fleet.	点或拖动来放船头。旋转可调转船的方向。随机布置会放好整支舰队。	タップかドラッグで艦首を置きます。回転で向きを変え、ランダム配置で全艦を置けます。	Toca o arrastra para colocar la proa. Girar da la vuelta al barco. Al azar coloca toda la flota.	Tippe oder ziehe, um den Bug zu setzen. Drehen wendet das Schiff. Zufällig stellt die ganze Flotte auf.
You shoot first at hidden water. A shot is a miss, a hit, or the shot that sinks a named ship. Sink every enemy ship to win.	你先向隐藏的海域开炮。一炮可能是未中、命中，或击沉一艘点名的船。击沉所有敌舰即获胜。	隠れた海域にあなたが先に撃ちます。一発ははずれ、命中、または名のついた艦を沈める一撃です。相手の艦をすべて沈めると勝ちです。	Disparas primero al agua oculta. Un disparo es agua, tocado, o el disparo que hunde un barco con nombre. Hunde todos los barcos enemigos para ganar.	Du schießt zuerst auf verdecktes Wasser. Ein Schuss ist Wasser, ein Treffer oder der Schuss, der ein benanntes Schiff versenkt. Versenke jedes gegnerische Schiff, um zu gewinnen.
On Easy the computer mostly fires at random. Higher levels hunt around hits.	简单难度下，电脑大多随机开炮。更高难度会追击命中点。	かんたんではコンピューターはほとんどランダムに撃ちます。上の段階では命中の周りを追います。	En Fácil el ordenador dispara casi al azar. Los niveles altos persiguen los impactos.	Auf Leicht schießt der Computer meist zufällig. Höhere Stufen jagen um Treffer herum.
When a ship sinks you learn its name, so you can stop firing along that line.	船被击沉时你会知道它的名字，就可以不再沿那条线开炮。	艦が沈むとその名前が分かるので、その列への砲撃をやめられます。	Cuando un barco se hunde sabes su nombre, así que puedes dejar de disparar por esa línea.	Wenn ein Schiff sinkt, erfährst du seinen Namen und kannst aufhören, diese Linie zu beschießen.
Your grid shows your ships. The computer's grid stays fog until you fire.	你的格子显示你的船。电脑的格子在你开炮之前一直是雾。	自分の盤には自分の艦が見えます。コンピューターの盤は撃つまで霧のままです。	Tu cuadrícula muestra tus barcos. La del ordenador sigue en niebla hasta que disparas.	Dein Gitter zeigt deine Schiffe. Das Gitter des Computers bleibt im Nebel, bis du schießt.
Tap the marked square to place a destroyer across two squares.	点标记的格子，横向放置一艘占两格的驱逐舰。	印のついたマスをタップして、駆逐艦を2マスにわたって置きます。	Toca la casilla marcada para colocar un destructor en dos casillas.	Tippe das markierte Feld an, um einen Zerstörer über zwei Felder zu setzen.
The destroyer is placed. Keep going until every ship is down.	驱逐舰已放下。继续，直到每艘船都就位。	駆逐艦を置きました。すべての艦を置くまで続けます。	El destructor está colocado. Sigue hasta que todos los barcos estén puestos.	Der Zerstörer steht. Mach weiter, bis jedes Schiff liegt.
The circled square.	画圈的那一格。	丸のついたマス。	La casilla con el círculo.	Das eingekreiste Feld.
Tap fog to fire. This square is empty.	点雾开炮。这一格是空的。	霧をタップして撃ちます。このマスは空です。	Toca la niebla para disparar. Esta casilla está vacía.	Tippe auf den Nebel, um zu schießen. Dieses Feld ist leer.
A miss. Ships stay hidden until you hit them.	未中。船在你命中之前一直隐藏。	はずれです。艦は当たるまで隠れています。	Agua. Los barcos siguen ocultos hasta que les des.	Wasser. Schiffe bleiben verborgen, bis du sie triffst.
The circled square of fog.	画圈的那格雾。	丸のついた霧のマス。	La casilla de niebla con el círculo.	Das eingekreiste Nebelfeld.
Three hits in a line sink the cruiser. Sink the rest of the fleet to win.	直线上的三次命中击沉了巡洋舰。击沉其余的船即可获胜。	一直線の3発の命中で巡洋艦が沈みます。残りの艦隊を沈めると勝ちです。	Tres impactos en línea hunden el crucero. Hunde el resto de la flota para ganar.	Drei Treffer in einer Linie versenken den Kreuzer. Versenke den Rest der Flotte, um zu gewinnen.
water	水面	水面	agua	Wasser
miss	未中	はずれ	agua	Wasser
hit	命中	命中	tocado	Treffer
fog	雾	霧	niebla	Nebel
hidden	隐藏	隠れている	oculto	verborgen
your Carrier	你的航空母舰	自分の空母	tu portaaviones	dein Flugzeugträger
your Battleship	你的战列舰	自分の戦艦	tu acorazado	dein Schlachtschiff
your Cruiser	你的巡洋舰	自分の巡洋艦	tu crucero	dein Kreuzer
your Submarine	你的潜艇	自分の潜水艦	tu submarino	dein U-Boot
your Destroyer	你的驱逐舰	自分の駆逐艦	tu destructor	dein Zerstörer
hit on your Carrier	命中你的航空母舰	自分の空母に命中	impacto en tu portaaviones	Treffer auf deinem Flugzeugträger
hit on your Battleship	命中你的战列舰	自分の戦艦に命中	impacto en tu acorazado	Treffer auf deinem Schlachtschiff
hit on your Cruiser	命中你的巡洋舰	自分の巡洋艦に命中	impacto en tu crucero	Treffer auf deinem Kreuzer
hit on your Submarine	命中你的潜艇	自分の潜水艦に命中	impacto en tu submarino	Treffer auf deinem U-Boot
hit on your Destroyer	命中你的驱逐舰	自分の駆逐艦に命中	impacto en tu destructor	Treffer auf deinem Zerstörer
sunk Carrier	被击沉的航空母舰	沈んだ空母	portaaviones hundido	versenkter Flugzeugträger
sunk Battleship	被击沉的战列舰	沈んだ戦艦	acorazado hundido	versenktes Schlachtschiff
sunk Cruiser	被击沉的巡洋舰	沈んだ巡洋艦	crucero hundido	versenkter Kreuzer
sunk Submarine	被击沉的潜艇	沈んだ潜水艦	submarino hundido	versenktes U-Boot
sunk Destroyer	被击沉的驱逐舰	沈んだ駆逐艦	destructor hundido	versenkter Zerstörer
Mancala	曼卡拉	マンカラ	Mancala	Mancala
Five in a row	五子棋	五目並べ	Cinco en línea	Fünf in einer Reihe
Word ladder	单词阶梯	ワードラダー	Escalera de palabras	Wortleiter
Sow and capture	播撒并夺取	まいて取る	Siembra y captura	Verteilen und nehmen
Get five in a line	连成五子	五つ並べる	Alinea cinco	Fünf in einer Linie
Change one letter	改一个字母	1文字変える	Cambia una letra	Einen Buchstaben ändern
Sows a pit at random	随机播一个坑	ランダムに穴をまく	Siembra un hoyo al azar	Sät eine zufällige Mulde
Takes a capture or another turn when it sees one	能夺取或再走一次时就会那么做	取れるか、もう一度動けるときにそうする	Captura o repite turno cuando lo ve	Nimmt oder zieht noch einmal, wenn es das sieht
Looks a few sows ahead	向前看几步播撒	数手先のまきまで読む	Mira unas siembras por delante	Schaut ein paar Säzüge voraus
Looks further ahead for the bigger store	看得更远，争取库里更多	もっと先まで読んで庫を増やす	Mira más lejos para llenar el depósito	Schaut weiter voraus auf den größeren Speicher
Places almost at random	几乎随机落子	ほとんどランダムに置く	Coloca casi al azar	Setzt fast zufällig
Takes a line of five and blocks yours	自己能连成五子就连，也会挡住你	五つ並ぶ手を取り、あなたの手も止める	Completa un cinco y bloquea el tuyo	Nimmt eine Fünferreihe und blockt deine
Looks a couple of moves ahead	向前看两三步	2手ほど先を読む	Mira un par de jugadas por delante	Schaut ein paar Züge voraus
Searches further around the stones	在已有棋子周围搜得更远	石の周りをもっと広く読む	Busca más alrededor de las fichas	Sucht weiter um die Steine herum
Three-letter words and a short ladder, with room to wander	三个字母的短阶梯，可以多走几步	3文字の短い梯子で、寄り道の余裕あり	Palabras de tres letras y una escalera corta, con margen	Wörter mit drei Buchstaben und eine kurze Leiter, mit Spielraum
Four-letter words and a middling ladder	四个字母，中等长度的阶梯	4文字の中くらいの梯子	Palabras de cuatro letras y una escalera media	Wörter mit vier Buchstaben und eine mittlere Leiter
Four-letter words, a longer ladder, and fewer spare steps	四个字母，更长的阶梯，余量更少	4文字で長めの梯子、余白は少なめ	Palabras de cuatro letras, una escalera más larga y menos pasos de sobra	Wörter mit vier Buchstaben, eine längere Leiter und weniger Extra-Schritte
Five-letter words and a tight step limit	五个字母，步数很紧	5文字で歩数の余裕が少ない	Palabras de cinco letras y un límite justo	Wörter mit fünf Buchstaben und ein knappes Limit
Landed in your store. Go again.	落在你的库里。再走一次。	自分の庫に入りました。もう一度。	Cayó en tu depósito. Otra vez.	In deinem Speicher gelandet. Noch einmal.
Tap one of your pits. Stones sow to the right.	点你的一个坑。石子向右播。	自分の穴をタップ。石は右へまきます。	Toca uno de tus hoyos. Las piedras van a la derecha.	Tippe eine deiner Mulden an. Die Steine säen nach rechts.
Tap an empty square.	点一个空格。	空きマスをタップ。	Toca una casilla vacía.	Tippe ein leeres Feld an.
Not a word.	不是单词。	単語ではありません。	No es una palabra.	Kein Wort.
Tap a letter in the word.	点单词里的一个字母。	単語の文字をタップ。	Toca una letra de la palabra.	Tippe einen Buchstaben im Wort an.
One step along a shortest route.	沿最短路线走了一步。	最短ルートを1歩進みました。	Un paso por una ruta más corta.	Ein Schritt auf einem kürzesten Weg.
Out of steps.	步数用完了。	歩数が尽きました。	Sin pasos.	Keine Schritte mehr.
Fewest steps	最少步数	最少の段数	Menos pasos	Wenigste Schritte
Most stones	最多石子	最多の石	Más piedras	Meiste Steine
Sow stones to the right and capture the pit opposite.	向右播石子，并夺取对面的坑。	右へまいて、向かいの穴を取る。	Siembra a la derecha y captura el hoyo de enfrente.	Säe nach rechts und nimm die gegenüberliegende Mulde.
Place stones and line up five.	落子，连成五子。	石を置いて五つ並べる。	Coloca fichas y alinea cinco.	Setze Steine und bilde fünf.
Change one letter at a time until the word becomes the target.	每次改一个字母，直到变成目标词。	1文字ずつ変えて目標の単語にする。	Cambia una letra cada vez hasta llegar a la palabra objetivo.	Ändere jeweils einen Buchstaben, bis das Zielwort dasteht.
You have six pits of four stones, and a store on the right. The computer's store is on the left.	你有六个装了四颗石子的坑，库在右边。电脑的库在左边。	石が4つの穴が6つあり、庫は右です。コンピューターの庫は左です。	Tienes seis hoyos de cuatro piedras y el depósito a la derecha. El del ordenador está a la izquierda.	Du hast sechs Mulden mit vier Steinen und den Speicher rechts. Der Speicher des Computers ist links.
Tap a pit to sow its stones one at a time to the right. Your store collects a stone. The computer's store is skipped.	点一个坑，把石子一颗颗向右播。你的库会收下一颗。电脑的库要跳过。	穴をタップして石を1つずつ右へまきます。自分の庫は石を受け取り、相手の庫は飛ばします。	Toca un hoyo para sembrar sus piedras de una en una hacia la derecha. Tu depósito recoge una. El del ordenador se salta.	Tippe eine Mulde an, um ihre Steine einzeln nach rechts zu säen. Dein Speicher nimmt einen Stein auf. Der des Computers wird übersprungen.
Land in your store and you go again. Land in an empty pit on your side and you take that stone plus the pit opposite.	落在你的库里就可以再走一次。落在你这边的空坑里，就取走这颗石子和正对面的坑。	自分の庫に入ればもう一度。自分側の空の穴に入れば、その石と向かいの穴を取ります。	Si caes en tu depósito, repites. Si caes en un hoyo vacío de tu lado, te llevas esa piedra y el hoyo de enfrente.	Landest du in deinem Speicher, bist du noch einmal dran. Landest du in einer leeren Mulde auf deiner Seite, nimmst du den Stein und die Mulde gegenüber.
When either side runs out of stones, the other side keeps what is left. Most stones in your store wins.	有一边的石子播完了，另一边剩下的都归那一边。你的库里石子更多即获胜。	どちらかの石がなくなると、残りはもう一方のもの。自分の庫の石が多ければ勝ちです。	Cuando un lado se queda sin piedras, el otro se queda lo que le quede. Gana quien tenga más en su depósito.	Geht einer Seite die Steine aus, behält die andere den Rest. Die meisten Steine im Speicher gewinnen.
A pit that lands in your store is worth more than it looks, because you move again.	能落进你库里的坑比看上去更值钱，因为你可以再走一次。	自分の庫に入る穴は、もう一度動けるので見た目以上の価値があります。	Un hoyo que acaba en tu depósito vale más de lo que parece, porque repites turno.	Eine Mulde, die in deinem Speicher endet, ist mehr wert, als sie aussieht, weil du noch einmal ziehst.
Count the stones before you sow. The last stone is the one that captures.	播之前先数石子。最后一颗才会夺取。	まく前に石を数えましょう。取るのは最後の石です。	Cuenta las piedras antes de sembrar. La última es la que captura.	Zähle die Steine, bevor du säst. Der letzte Stein ist der, der nimmt.
Your pits are the bottom row. Stones move to the right, into the store on the right.	你的坑在下面一排。石子向右走，进入右边的库。	自分の穴は下の列です。石は右へ動き、右の庫に入ります。	Tus hoyos son la fila de abajo. Las piedras van a la derecha, al depósito de la derecha.	Deine Mulden sind die untere Reihe. Die Steine wandern nach rechts, in den Speicher rechts.
This pit has 4 stones, which reaches your store. Tap it.	这个坑有 4 颗石子，正好进到你的库。点它。	この穴は石が4つで、自分の庫に届きます。タップしましょう。	Este hoyo tiene 4 piedras, que llegan a tu depósito. Tócalo.	Diese Mulde hat 4 Steine, die deinen Speicher erreichen. Tippe sie an.
The last stone landed in your store, so you go again.	最后一颗落在你的库里，所以再走一次。	最後の石が自分の庫に入ったので、もう一度です。	La última piedra cayó en tu depósito, así que repites.	Der letzte Stein landete in deinem Speicher, also bist du noch einmal dran.
The circled pit, third from the left.	画圈的坑，左起第三个。	丸のついた穴、左から3つ目。	El hoyo con el círculo, el tercero por la izquierda.	Die eingekreiste Mulde, die dritte von links.
The next three pits each gained a stone, and your store has 1.	后面三个坑各多了一颗石子，你的库里有 1 颗。	次の3つの穴が石を1つずつ受け取り、自分の庫は1です。	Los tres hoyos siguientes ganaron una piedra y tu depósito tiene 1.	Die nächsten drei Mulden haben je einen Stein bekommen, und dein Speicher hat 1.
Stones stay where you put them. A line can run across, down or diagonally.	棋子停在你放下的地方。可以横着、竖着或斜着连成一线。	石は置いた場所に残ります。横・縦・斜めに並べられます。	Las fichas se quedan donde las pones. Una línea puede ir en horizontal, vertical o diagonal.	Steine bleiben, wo du sie setzt. Eine Reihe kann waagerecht, senkrecht oder diagonal verlaufen.
Tap the middle square.	点中间的格子。	真ん中のマスをタップ。	Toca la casilla del centro.	Tippe das mittlere Feld an.
Your stone is down.	你的棋子已经放下。	あなたの石を置きました。	Tu ficha ya está puesta.	Dein Stein liegt.
The computer answers beside it.	电脑在旁边应了一子。	コンピューターがとなりに置きました。	El ordenador responde al lado.	Der Computer antwortet daneben.
Four of yours, with one gap. Tap the gap.	你有四子，中间空了一格。点那个空格。	自分の石が4つあり、1つ空いています。その空きをタップ。	Cuatro tuyas, con un hueco. Toca el hueco.	Vier von dir, mit einer Lücke. Tippe die Lücke an.
Five in a row. You win!	五子相连。你赢了！	五つ並びました。あなたの勝ち！	Cinco en línea. ¡Ganas!	Fünf in einer Reihe. Du gewinnst!
The empty square in your line.	你那一排里的空格。	自分の列の空きマス。	La casilla vacía de tu línea.	Das leere Feld in deiner Reihe.
Take turns placing one stone on an empty square. Stones do not move.	轮流在空格里放一颗棋子。棋子不再移动。	空きマスに交互に石を1つ置きます。石は動きません。	Por turnos, coloca una ficha en una casilla vacía. Las fichas no se mueven.	Setzt abwechselnd einen Stein auf ein leeres Feld. Steine bewegen sich nicht.
Five or more in a line — across, down or diagonal — wins.	横、竖或斜向连成五子或更多即获胜。	横・縦・斜めに5つ以上並べると勝ちです。	Cinco o más en línea — horizontal, vertical o diagonal — gana.	Fünf oder mehr in einer Reihe — waagerecht, senkrecht oder diagonal — gewinnen.
The board is 11×11. Filling it with no line of five is a draw.	棋盘是 11×11。放满且没有五子相连则为平局。	盤は11×11です。埋まって五つ揃わなければ引き分けです。	El tablero es de 11×11. Llenarlo sin cinco en línea es un empate.	Das Brett ist 11×11. Ein volles Brett ohne Fünferreihe ist unentschieden.
You play the dark stones and move first.	你执黑子，先手。	あなたは黒石で先手です。	Juegas con las fichas oscuras y empiezas.	Du spielst die dunklen Steine und beginnst.
A line of four with both ends open needs two blocks.	两端都空着的四子需要挡两次。	両端が空いた四つ並びは、2回止めなければなりません。	Una línea de cuatro con los dos extremos libres hay que bloquearla dos veces.	Eine Viererkette mit beiden Enden offen muss zweimal geblockt werden.
Stay near the stones already on the board. Far-away stones rarely connect in time.	下在已有棋子附近。离得远的棋子很难及时连上。	すでに置いてある石の近くに置きましょう。遠い石はなかなかつながりません。	Quédate cerca de las fichas que ya están. Las lejanas rara vez conectan a tiempo.	Bleib bei den Steinen, die schon liegen. Weit entfernte Steine verbinden sich selten rechtzeitig.
COLD has to become WARM. Each step changes one letter and stays a word.	要把 COLD 变成 WARM。每一步只改一个字母，并且仍是单词。	COLDをWARMにします。各段階は1文字だけ変え、単語のままです。	COLD tiene que convertirse en WARM. Cada paso cambia una letra y sigue siendo una palabra.	Aus COLD soll WARM werden. Jeder Schritt ändert einen Buchstaben und bleibt ein Wort.
Tap the L.	点 L。	Lをタップ。	Toca la L.	Tippe auf das L.
R makes CORD, a real word one step closer.	换成 R 就是 CORD，一个更近的真实单词。	RにするとCORDになり、本物の単語で一歩近づきます。	La R forma CORD, una palabra real un paso más cerca.	R ergibt CORD, ein echtes Wort und einen Schritt näher.
CORD. Keep changing one letter until you reach WARM.	CORD。继续每次改一个字母，直到变成 WARM。	CORDです。1文字ずつ変えてWARMまで進みましょう。	CORD. Sigue cambiando una letra hasta llegar a WARM.	CORD. Änder weiter jeweils einen Buchstaben, bis du WARM erreichst.
R turns COLD into CORD.	R 把 COLD 变成 CORD。	RでCOLDがCORDになります。	La R convierte COLD en CORD.	R macht aus COLD ein CORD.
The third letter.	第三个字母。	3番目の文字。	La tercera letra.	Der dritte Buchstabe.
WARM is the target. The ladder ends when you land on it, or when the spare steps run out.	WARM 是目标。走到它，或者备用步数用完，阶梯就结束。	WARMが目標です。そこに着くか、余白の歩数が尽きると終わりです。	WARM es el objetivo. La escalera termina cuando caes en ella o cuando se acaban los pasos de sobra.	WARM ist das Ziel. Die Leiter endet, wenn du darauf landest oder die Extra-Schritte ausgehen.
You start on one English word and aim at another of the same length.	你从一个英文单词出发，目标是另一个同样长度的单词。	同じ長さの別の英単語を目指して、1つの英単語から始まります。	Empiezas en una palabra inglesa y apuntas a otra de la misma longitud.	Du beginnst bei einem englischen Wort und zielst auf ein anderes derselben Länge.
Change exactly one letter. The result has to be a real word.	正好改一个字母。结果必须是真实单词。	ちょうど1文字変えます。結果は本当の単語でなければなりません。	Cambia exactamente una letra. El resultado tiene que ser una palabra real.	Ändere genau einen Buchstaben. Das Ergebnis muss ein echtes Wort sein.
The shortest route is shown. You may take a few extra steps, then the ladder ends.	最短路线会显示出来。你可以多走几步，然后阶梯结束。	最短の道が表示されます。少し余分に歩けますが、それで終わりです。	Se muestra la ruta más corta. Puedes dar algunos pasos de más y luego la escalera termina.	Der kürzeste Weg wird gezeigt. Du darfst ein paar Extra-Schritte gehen, dann endet die Leiter.
Tap a letter in your word, then the letter that replaces it. A hint plays the next step on a shortest route.	先点你单词里的字母，再点替换它的字母。提示会沿最短路线走出下一步。	単語の文字をタップしてから、入れ替える文字をタップします。ヒントは最短ルートの次の1歩を指します。	Toca una letra de tu palabra y luego la que la sustituye. Una pista juega el siguiente paso de una ruta más corta.	Tippe einen Buchstaben in deinem Wort an, dann den, der ihn ersetzt. Ein Hinweis spielt den nächsten Schritt auf einem kürzesten Weg.
Change a letter that moves you toward the target, not just any real word.	改一个让你更接近目标的字母，不要只图它是个单词。	目標に近づく文字を変えましょう。単語になるだけでは足りません。	Cambia una letra que te acerque al objetivo, no cualquier palabra real.	Ändere einen Buchstaben, der dich zum Ziel bringt, nicht irgendein echtes Wort.
If you wander, undo is free until you like the step.	如果走弯了，在你满意这一步之前，撤销不花钱。	寄り道したら、その1歩が気に入るまで取り消しは無料です。	Si te desvías, deshacer es gratis hasta que te guste el paso.	Wenn du umherirrst, ist Rückgängig kostenlos, bis dir der Schritt gefällt.
Aim: WARM	目标：WARM	目標：WARM	Meta: WARM	Ziel: WARM
Six pits on your side, four stones in each, and a store at the right. Tap a pit to sow its stones one at a time to the right, through your store and along the computer's pits. You skip the computer's store. If the last stone lands in your store, you go again. If it lands in an empty pit on your side, you capture that stone and every stone in the pit opposite. When one side has no stones left, the other side keeps whatever is still in its pits. Most stones in your store wins.	你这边有六个坑，每个四颗石子，右边是你的库。点一个坑，把石子一颗颗向右播，经过你的库，再沿电脑的坑走。你要跳过电脑的库。最后一颗落在你的库里，你可以再走一次。落在你这边的空坑里，就取走这颗石子和正对面坑里的全部石子。有一边的坑空了，另一边剩下的石子都归那一边。你的库里石子更多即获胜。	自分側は6つの穴に石が4つずつ、右が自分の庫です。穴をタップすると石を1つずつ右へまき、自分の庫を通ってコンピューターの穴へ進みます。相手の庫は飛ばします。最後の石が自分の庫に入ればもう一度。自分側の空の穴に入れば、その石と向かいの穴の石をすべて取ります。どちらかの穴が空になると、残った石はもう一方のもの。自分の庫の石が多ければ勝ちです。	Tienes seis hoyos con cuatro piedras y un depósito a la derecha. Toca un hoyo para sembrar sus piedras de una en una hacia la derecha, por tu depósito y por los hoyos del ordenador. Te saltas el depósito del ordenador. Si la última cae en tu depósito, repites. Si cae en un hoyo vacío de tu lado, capturas esa piedra y las del hoyo de enfrente. Cuando un lado se queda sin piedras, el otro se queda las que le queden. Gana quien tenga más piedras en su depósito.	Sechs Mulden auf deiner Seite, vier Steine in jeder, und ein Speicher rechts. Tippe eine Mulde an, um ihre Steine einzeln nach rechts zu säen, durch deinen Speicher und an den Mulden des Computers entlang. Seinen Speicher überspringst du. Landet der letzte Stein in deinem Speicher, bist du noch einmal dran. Landet er in einer leeren Mulde auf deiner Seite, nimmst du ihn und alle Steine gegenüber. Ist eine Seite leer, behält die andere, was noch in ihren Mulden liegt. Die meisten Steine im Speicher gewinnen.
Take turns placing one stone on an empty square of the 11×11 board. Stones stay where they are put. Get five or more in a line — across, down or diagonal — before the computer does. A full board with no line of five is a draw. You play the dark stones and move first. Pinch to zoom if the board is small.	轮流在 11×11 的空格里放一颗棋子。棋子放下后不再移动。在横、竖或斜向先连成五子或更多即获胜。棋盘放满且没有五子相连则为平局。你执黑子，先手。棋盘小的话可以捏合放大。	11×11の空きマスに交互に石を1つ置きます。石は動かしません。横・縦・斜めに5つ以上並べると勝ちです。盤が埋まって五つ揃わなければ引き分け。あなたは黒石で先手です。盤が小さければピンチで拡大できます。	Por turnos, coloca una ficha en una casilla vacía del tablero de 11×11. Las fichas no se mueven. Consigue cinco o más en línea — horizontal, vertical o diagonal — antes que el ordenador. Si el tablero se llena sin cinco en línea, es un empate. Juegas con las fichas oscuras y empiezas. Pellizca para ampliar si el tablero es pequeño.	Setzt abwechselnd einen Stein auf ein leeres Feld des 11×11-Bretts. Steine bleiben liegen. Wer zuerst fünf oder mehr in einer Reihe hat — waagerecht, senkrecht oder diagonal — gewinnt. Ein volles Brett ohne Fünferreihe ist unentschieden. Du spielst die dunklen Steine und beginnst. Ziehe die Finger zusammen, um zu zoomen, wenn das Brett klein ist.
You are given two English words of the same length. Change one letter at a time so that every step is still a real word. Reach the target word. The shortest route is shown, and you have a few extra steps if you wander. Tap a letter in your word, then tap the letter that replaces it. A hint plays the next step on a shortest route.	给你两个同样长度的英文单词。每次只改一个字母，而且每一步都必须仍是真实单词。到达目标词。最短路线会显示出来，走弯路时还有几步余量。先点你单词里的一个字母，再点用来替换的字母。提示会沿最短路线走出下一步。（单词为英文。）	同じ長さの英単語が2つあります。1文字ずつ変えて、どの段階も本当の単語にします。目標の単語に着きましょう。最短の道が表示され、寄り道用の余白が少しあります。単語の文字をタップしてから、入れ替える文字をタップします。ヒントは最短ルートの次の1歩を指します。	Te dan dos palabras inglesas de la misma longitud. Cambia una letra cada vez, de modo que cada paso siga siendo una palabra real. Llega a la palabra objetivo. Se muestra la ruta más corta y tienes algunos pasos de más si te desvías. Toca una letra de tu palabra y luego la letra que la sustituye. Una pista juega el siguiente paso de una ruta más corta. (Las palabras son en inglés.)	Du bekommst zwei englische Wörter gleicher Länge. Ändere jeweils einen Buchstaben, sodass jeder Schritt ein echtes Wort bleibt. Erreiche das Zielwort. Der kürzeste Weg wird gezeigt, und du hast ein paar Extra-Schritte, wenn du umherirrst. Tippe einen Buchstaben in deinem Wort an, dann den Buchstaben, der ihn ersetzt. Ein Hinweis spielt den nächsten Schritt auf einem kürzesten Weg. (Die Wörter sind englisch.)
Honeycomb	蜂巢	ハニカム	Panal	Wabe
Letter Draw	抽字母	文字ドロー	Saca letras	Buchstaben ziehen
Seven letters, one required	七个字母，中间那个必用	7文字、中央は必須	Siete letras, una obligatoria	Sieben Buchstaben, einer ist Pflicht
Longest word on the clock	限时最长的词	時間内で最長の単語	La palabra más larga a contrarreloj	Längstes Wort gegen die Uhr
Seven letters sit in a honeycomb. Every word must use the middle letter, and only these seven letters. A letter may be used more than once. Everyday words score their length. Any other accepted word scores 1. A word that uses all seven letters scores 7 more. Reach the target score.	七个字母排成蜂巢。每个词都必须用到中间的字母，而且只能用这七个字母。同一个字母可以用多次。日常用词按词长计分。其他被接受的词得 1 分。用满七个字母再加 7 分。达到目标分数即可。	7つの文字が蜂の巣に並びます。どの単語も中央の文字を使い、この7文字だけを使います。同じ文字は何度でも使えます。身近な単語はその長さが得点、それ以外の認められる単語は1点です。7文字すべてを使うとさらに7点。目標点に届きましょう。	Siete letras forman un panal. Cada palabra debe usar la letra central y solo estas siete. Una letra puede repetirse. Las palabras cotidianas puntúan su longitud. Cualquier otra palabra aceptada puntúa 1. Usar las siete letras suma 7 más. Alcanza la puntuación objetivo.	Sieben Buchstaben sitzen in einer Wabe. Jedes Wort muss den mittleren Buchstaben nutzen und nur diese sieben. Ein Buchstabe darf mehrfach vorkommen. Alltagswörter zählen ihre Länge. Jedes andere akzeptierte Wort zählt 1. Alle sieben Buchstaben bringen 7 dazu. Erreiche die Zielpunktzahl.
You are dealt a handful of letters. Spell the longest word you can before the clock runs out. Each letter can be used only as often as it was dealt. A real word of the target length wins at once. When time runs out, a longest accepted word from the rack is shown.	你拿到一把字母。在计时结束前拼出尽量长的单词。每个字母只能用发到的次数。拼出达到目标长度的真实单词即立刻获胜。时间到后，会显示这把字母能拼出的一个最长的被接受单词。	配られた文字で、時間切れまでにいちばん長い単語を作ります。各文字は配られた回数だけ使えます。目標の長さの本当の単語でその場で勝ちです。時間切れになると、その札で作れる最長の認められる単語が表示されます。	Te reparten un puñado de letras. Forma la palabra más larga que puedas antes de que acabe el tiempo. Cada letra se usa solo tantas veces como salió. Una palabra real de la longitud objetivo gana al momento. Al acabarse el tiempo se muestra una de las palabras aceptadas más largas de esas letras.	Du bekommst eine Handvoll Buchstaben. Bilde das längste Wort, bevor die Zeit abläuft. Jeder Buchstabe darf nur so oft verwendet werden, wie er ausgeteilt wurde. Ein echtes Wort der Ziellänge gewinnt sofort. Wenn die Zeit abläuft, wird ein längstes akzeptiertes Wort aus den Buchstaben gezeigt.
Target reached.	达到目标。	目標達成。	Objetivo alcanzado.	Ziel erreicht.
Middle letter	中间的字母	中央の文字	Letra central	Mittlerer Buchstabe
Bridges	桥梁	橋	Puentes	Brücken
Slitherlink	环线	スリザーリンク	Lazo	Schleife
Towers	高塔	タワー	Torres	Türme
Lights	灯光	ライト	Luces	Lichter
Link the islands	把岛屿连起来	島をつなぐ	Une las islas	Verbinde die Inseln
One loop on the lines	在格子线上画一个环	線の上に一つの輪	Un lazo sobre las líneas	Eine Schleife auf den Linien
See the skyline	看天际线	街並みを見る	Mira el horizonte	Sieh die Skyline
Light every square	照亮每一格	すべてのマスを照らす	Ilumina cada casilla	Leuchte jedes Feld an
Chess	国际象棋	チェス	Ajedrez	Schach
White vs computer	执白对电脑	白でコンピューターと対局	Blancas contra el ordenador	Weiß gegen den Computer
Standard chess on an 8×8 board. You play white and move first. Capture the computer's king by checkmate — put it in check with no legal escape. If a side has no legal move and is not in check, the game is a draw (stalemate). The same position three times, or 50 moves each with no capture and no pawn move, is also a draw. Pawns promote to a queen. Castling and en passant follow the usual rules. Tap one of your pieces, then a highlighted square.	标准国际象棋，8×8 棋盘。你执白先行。将死电脑的王：让它被将军且没有合法脱身。一方没有合法走法且并未被将军，则和棋（逼和）。同一局面出现三次，或双方各走50步且没有吃子也没有动兵，也是和棋。兵升变为后。王车易位和吃过路兵按通常规则。点选你的棋子，再点高亮的格子。	標準的なチェスです。8×8の盤で、あなたは白の先手です。チェックメイトで相手のキングを捕らえます。合法手がなく、チェックでもないときはステイルメイトで引き分けです。同じ局面が3回、または駒を取らずポーンも動かさず互いに50手進むと、やはり引き分けです。ポーンはクイーンに昇格します。キャスリングとアンパッサンは通常のルールです。自分の駒をタップし、次に光ったマスをタップします。	Ajedrez estándar en un tablero de 8×8. Juegas con blancas y mueves primero. Gana el jaque mate: el rey queda en jaque sin salida legal. Si un bando no tiene jugada legal y no está en jaque, es tablas (ahogado). La misma posición tres veces, o 50 jugadas de cada uno sin captura ni movimiento de peón, también es tablas. Los peones coronan a dama. El enroque y la captura al paso siguen las reglas habituales. Toca una pieza tuya y luego una casilla resaltada.	Standardschach auf einem 8×8-Brett. Du spielst Weiß und ziehst zuerst. Matt setzt den gegnerischen König schachmatt, ohne legalen Ausweg. Hat eine Seite keinen legalen Zug und steht nicht im Schach, ist es Remis (Patt). Dieselbe Stellung dreimal, oder 50 Züge jeder Seite ohne Schlag und ohne Bauernzug, ist ebenfalls Remis. Bauern werden zur Dame. Rochade und en passant folgen den üblichen Regeln. Tippe eine eigene Figur, dann ein markiertes Feld.
Moves almost at random	几乎随机走子	ほぼランダムに指す	Mueve casi al azar	Zieht fast zufällig
Takes material when it sees it	看到能吃子就吃	取れる駒を取る	Come material cuando lo ve	Nimmt Material, wenn es eines sieht
Looks two moves ahead	向前看两步	2手指し先を読む	Mira dos jugadas adelante	Schaut zwei Züge voraus
Looks three moves ahead	向前看三步	3手指し先を読む	Mira tres jugadas adelante	Schaut drei Züge voraus
You (white)	你（白方）	あなた（白）	Tú (blancas)	Du (Weiß)
Computer (black)	电脑（黑方）	コンピューター（黒）	Ordenador (negras)	Computer (Schwarz)
Check!	将军！	チェック！	¡Jaque!	Schach!
Tap a piece, then a square.	点一个棋子，再点一个格子。	駒をタップし、次にマスをタップ。	Toca una pieza y luego una casilla.	Tippe eine Figur, dann ein Feld.
♔ You	♔ 你	♔ あなた	♔ Tú	♔ Du
♚ Computer	♚ 电脑	♚ コンピューター	♚ Ordenador	♚ Computer
Standard chess. You play white from the bottom and move first.	标准国际象棋。你执白，从下方先行。	標準的なチェスです。下側の白で先手です。	Ajedrez estándar. Juegas con blancas desde abajo y mueves primero.	Standardschach. Du spielst Weiß von unten und ziehst zuerst.
Tap a piece, then a highlighted square. Capture by landing on the other piece.	点一个棋子，再点高亮的格子。走到对方棋子上即吃子。	駒をタップし、次に光ったマスをタップ。相手の駒のマスに進めば取れます。	Toca una pieza y luego una casilla resaltada. Capturas al caer sobre la otra pieza.	Tippe eine Figur, dann ein markiertes Feld. Schlagen heißt, auf die andere Figur zu ziehen.
Pawns move one square forward, or two from their starting row, and capture one square diagonally forward.	兵向前走一格，起始行可走两格，斜向前一格吃子。	ポーンは前に1マス、初期位置からは2マス進み、斜め前1マスで取ります。	Los peones avanzan una casilla, o dos desde su fila inicial, y capturan una casilla en diagonal hacia adelante.	Bauern ziehen ein Feld vor, oder zwei von ihrer Startreihe, und schlagen ein Feld schräg vorwärts.
Check means your king is attacked. You must escape, block, or capture the attacker.	将军表示你的王被攻击。你必须躲开、挡住或吃掉攻击的棋子。	チェックはキングが狙われている状態です。逃げるか、遮るか、攻めてくる駒を取ります。	Jaque significa que tu rey está atacado. Debes escapar, bloquear o capturar al atacante.	Schach heißt, dein König ist angegriffen. Du musst fliehen, verstellen oder den Angreifer schlagen.
Checkmate wins. Stalemate, when a side has no legal move and is not in check, is a draw. The same position three times, or 50 moves each with no capture and no pawn move, is also a draw. Pawns promote to a queen. Castling and en passant follow the usual rules.	将死获胜。逼和是一方没有合法走法且并未被将军，算和棋。同一局面出现三次，或双方各走50步且没有吃子也没有动兵，也是和棋。兵升变为后。王车易位和吃过路兵按通常规则。	チェックメイトで勝ちです。合法手がないのにチェックでもないステイルメイトは引き分けです。同じ局面が3回、または駒を取らずポーンも動かさず互いに50手進むと、やはり引き分けです。ポーンはクイーンに昇格します。キャスリングとアンパッサンは通常のルールです。	El jaque mate gana. El ahogado, cuando un bando no tiene jugada legal y no está en jaque, es tablas. La misma posición tres veces, o 50 jugadas de cada uno sin captura ni movimiento de peón, también es tablas. Los peones coronan a dama. El enroque y la captura al paso siguen las reglas habituales.	Matt gewinnt. Patt, wenn eine Seite keinen legalen Zug hat und nicht im Schach steht, ist Remis. Dieselbe Stellung dreimal, oder 50 Züge jeder Seite ohne Schlag und ohne Bauernzug, ist ebenfalls Remis. Bauern werden zur Dame. Rochade und en passant folgen den üblichen Regeln.
Develop a piece toward the center before you attack.	进攻前先把棋子走到中心。	攻める前に駒を中央へ出します。	Desarrolla una pieza hacia el centro antes de atacar.	Entwickle eine Figur zur Mitte, bevor du angreifst.
Do not leave your king in check.	不要让你的王处于被将军的状态。	キングをチェックのままにしない。	No dejes a tu rey en jaque.	Lass deinen König nicht im Schach stehen.
You play the white pieces from the bottom. Tap your pawn.	你执白，棋子在下方。点你的兵。	下側の白です。ポーンをタップします。	Juegas las piezas blancas desde abajo. Toca tu peón.	Du spielst die weißen Figuren von unten. Tippe deinen Bauern.
It can step one square forward. Tap that square.	它可以向前走一格。点那个格子。	前に1マス進めます。そのマスをタップします。	Puede avanzar una casilla. Toca esa casilla.	Er kann ein Feld vorgehen. Tippe dieses Feld.
The pawn moved forward.	兵向前走了。	ポーンが前に進みました。	El peón avanzó.	Der Bauer ist vorgerückt.
A pawn captures one square diagonally. Tap your pawn.	兵斜向前一格吃子。点你的兵。	ポーンは斜め前1マスで取ります。ポーンをタップします。	Un peón captura una casilla en diagonal. Toca tu peón.	Ein Bauer schlägt ein Feld schräg. Tippe deinen Bauern.
Take the black pawn.	吃掉黑兵。	黒のポーンを取ります。	Captura el peón negro.	Nimm den schwarzen Bauern.
Captured.	吃子了。	取りました。	Capturado.	Geschlagen.
The white queen looks straight at the black king. That is check.	白后正对黑王。这是将军。	白のクイーンが黒のキングを直線で見ています。チェックです。	La dama blanca mira de frente al rey negro. Eso es jaque.	Die weiße Dame blickt gerade auf den schwarzen König. Das ist Schach.
Klondike, Spider, Pyramid, FreeCell	克朗代克、蜘蛛、金字塔、空当接龙	クロンダイク、スパイダー、ピラミッド、フリーセル	Klondike, Spider, Pirámide, FreeCell	Klondike, Spider, Pyramide, FreeCell
FreeCell	空当接龙	フリーセル	FreeCell	FreeCell
Four free cells	四个空当	4つの空きマス	Cuatro celdas libres	Vier Freizellen
Standard	标准	スタンダード	Estándar	Standard
Classic FreeCell · 4 free cells, 8 columns	经典空当接龙 · 4 个空当，8 列	クラシックフリーセル · 空き4、列8	FreeCell clásico · 4 celdas libres, 8 columnas	Klassisches FreeCell · 4 Freizellen, 8 Reihen
Deal all 52 cards face up into eight columns. Four free cells hold one card each; four foundations build Ace to King by suit. Move a card onto a free cell, onto its foundation, or onto a tableau card of the opposite color and one rank higher. A built descending alternating pile may move together when you have enough free cells and empty columns. Empty columns take any card or pile. Not every deal can be won. Tap a card to pick it up, then tap where it goes, or tap it again to send it to the best spot.	52 张牌全部正面朝上，分成八列。四个空当各放一张牌；四个基础牌堆按花色从 A 到 K。可以把牌放进空当、放上对应的基础牌堆，或放到颜色相反且大一级的牌上。一串按颜色交替递减的牌，在空当和空列够用时可以一起移动。空列可以放任何牌或牌串。并非每一局都能赢。点一张牌拿起，再点它要去的地方，或再点一次把它送到最合适的位置。	52枚を表向きで8列に配ります。空きマスは4つで各1枚。台札はスートごとにエースからキングへ。空きマス、台札、または色が逆で1つ上のランクの札の上に動かせます。交互に色が変わる降順の札は、空きマスと空列が足りればまとめて動かせます。空列にはどの札や列も置けます。すべての配りが勝てるわけではありません。札をタップして取り、行き先をタップするか、もう一度タップして一番よい場所へ送ります。	Reparte las 52 cartas boca arriba en ocho columnas. Cuatro celdas libres guardan una carta cada una; cuatro bases se construyen del as al rey por palo. Mueve una carta a una celda libre, a su base, o sobre una carta de color contrario y un rango mayor. Una pila descendente de colores alternos puede moverse junta si hay bastantes celdas libres y columnas vacías. Las columnas vacías aceptan cualquier carta o pila. No todas las partidas se pueden ganar. Toca una carta para tomarla, luego dónde va, o tócala otra vez para enviarla al mejor sitio.	Alle 52 Karten liegen offen in acht Reihen. Vier Freizellen halten je eine Karte; vier Ablagen bauen Ass bis König nach Farbe. Lege eine Karte auf eine Freizelle, auf ihre Ablage oder auf eine Karte der anderen Farbe und einen Rang höher. Ein absteigender Farbwechselstapel darf zusammen ziehen, wenn genug Freizellen und leere Reihen da sind. Leere Reihen nehmen jede Karte oder jeden Stapel. Nicht jede Ausgabe ist gewinnbar. Tippe eine Karte an, dann ihr Ziel, oder noch einmal, um sie an den besten Platz zu schicken.
No moves left. Undo or start a new game.	没有可走的步了。撤销或开始新局。	手がありません。元に戻すか、新しいゲームを始めます。	No quedan jugadas. Deshaz o empieza una partida nueva.	Keine Züge mehr. Rückgängig oder neues Spiel.
All four foundations complete!	四个基础牌堆都完成了！	4つの台札が完成しました！	¡Las cuatro bases están completas!	Alle vier Ablagen sind fertig!
Four free cells; build Ace to King by suit.	四个空当，按花色从 A 收到 K。	空きマス4つ。スートごとにエースからキングへ。	Cuatro celdas libres; construye del as al rey por palo.	Vier Freizellen; baue Ass bis König nach Farbe.
All 52 cards are dealt face up into eight columns (four of seven, four of six).	52 张牌全部正面朝上，分成八列（四列 7 张，四列 6 张）。	52枚が表向きで8列（7枚が4列、6枚が4列）に配られます。	Las 52 cartas se reparten boca arriba en ocho columnas (cuatro de siete y cuatro de seis).	Alle 52 Karten liegen offen in acht Reihen (vier mit sieben, vier mit sechs).
Four free cells hold one card each. Four foundations build Ace to King in one suit.	四个空当各放一张牌。四个基础牌堆按同一花色从 A 收到 K。	空きマスは4つで各1枚。台札は同じスートでエースからキングです。	Cuatro celdas libres guardan una carta cada una. Cuatro bases se construyen del as al rey en un palo.	Vier Freizellen halten je eine Karte. Vier Ablagen bauen Ass bis König in einer Farbe.
On the tableau, place a card on the opposite color and one rank higher. Empty columns take any card or built pile.	牌列上，把牌放到颜色相反且大一级的牌上。空列可以放任何牌或已经排好的牌串。	場札では、色が逆で1つ上のランクの札の上に置きます。空列にはどの札や組も置けます。	En el tableau, coloca una carta sobre el color contrario y un rango mayor. Las columnas vacías aceptan cualquier carta o pila.	Auf dem Tableau liegt eine Karte auf der anderen Farbe und einem Rang höher. Leere Reihen nehmen jede Karte oder jeden gebauten Stapel.
A built descending alternating pile may move together when you have enough free cells and empty columns.	一串按颜色交替递减的牌，在空当和空列够用时可以一起移动。	交互に色が変わる降順の札は、空きマスと空列が足りればまとめて動かせます。	Una pila descendente de colores alternos puede moverse junta si hay bastantes celdas libres y columnas vacías.	Ein absteigender Farbwechselstapel darf zusammen ziehen, wenn genug Freizellen und leere Reihen da sind.
Clear all four foundations to win. Not every deal can be won.	四个基础牌堆都收完即获胜。并非每一局都能赢。	4つの台札を完成させれば勝ちです。すべての配りが勝てるわけではありません。	Completa las cuatro bases para ganar. No todas las partidas se pueden ganar.	Alle vier Ablagen leeren, um zu gewinnen. Nicht jede Ausgabe ist gewinnbar.
Park a blocker in a free cell, then free a column.	把挡住的牌放进空当，再腾出一列。	邪魔な札を空きマスに置き、列を空けます。	Aparca un bloqueo en una celda libre y luego vacía una columna.	Parke einen Blocker in einer Freizelle und leere dann eine Reihe.
Build a foundation when the card is free and nothing lower is buried.	牌是自由的、而且没有更小的牌被压住时，再收到基础牌堆。	札が自由で、それより小さい札が埋もれていなければ台札へ。	Construye una base cuando la carta está libre y nada menor está enterrado.	Baue eine Ablage, wenn die Karte frei ist und nichts Kleineres verdeckt liegt.
Every card is face up. Tap the ace.	每张牌都是正面朝上。点这张 A。	すべての札が表向きです。エースをタップします。	Todas las cartas están boca arriba. Toca el as.	Jede Karte liegt offen. Tippe das Ass.
The ace of spades.	黑桃 A。	スペードのエース。	El as de picas.	Das Pik-Ass.
An ace starts its foundation.	A 开始它的基础牌堆。	エースがその台札を始めます。	Un as empieza su base.	Ein Ass beginnt seine Ablage.
That suit can now build up to the king.	这个花色现在可以一直收到 K。	このスートはキングまで積めます。	Ese palo ya puede construirse hasta el rey.	Diese Farbe kann jetzt bis zum König wachsen.
A red five can sit on a black six, one rank higher.	红 5 可以放在黑 6 上，大一级。	赤い5は黒い6の上に置けます。1つ上のランクです。	Un cinco rojo puede ir sobre un seis negro, un rango mayor.	Eine rote Fünf kann auf eine schwarze Sechs, einen Rang höher.
Sliding blocks	滑动方块	スライドブロック	Bloques deslizantes	Schiebeblöcke
Slide one car out	把一辆车滑出来	車を1台外へ出す	Saca un coche	Schiebe ein Auto hinaus
6×6 · few vehicles · short path	6×6 · 车辆少 · 短路径	6×6 · 少ない車 · 短い手順	6×6 · pocos vehículos · camino corto	6×6 · wenige Fahrzeuge · kurzer Weg
6×6 · more vehicles	6×6 · 更多车辆	6×6 · 車が増える	6×6 · más vehículos	6×6 · mehr Fahrzeuge
6×6 · longer path	6×6 · 更长路径	6×6 · 長い手順	6×6 · camino más largo	6×6 · längerer Weg
6×6 · densest jam	6×6 · 最密集	6×6 · いちばん混む	6×6 · el atasco más denso	6×6 · dichtester Stau
The target reached the exit.	目标车已到达出口。	目標が出口に着きました。	El objetivo llegó a la salida.	Das Ziel hat den Ausgang erreicht.
Tap a vehicle, then a direction — or drag it.	点选一辆车再选方向，或直接拖动。	車を選んでから方向を押すか、ドラッグします。	Toca un vehículo y luego una dirección, o arrástralo.	Fahrzeug tippen, dann Richtung — oder ziehen.
Target selected. Slide it to the exit.	已选中目标车。把它滑到出口。	目標を選択中。出口まで滑らせます。	Objetivo seleccionado. Deslízalo a la salida.	Ziel gewählt. Zur Ausfahrt schieben.
Vehicle selected. Slide along its length.	已选中车辆。沿其长边滑动。	車を選択中。長い方向に滑らせます。	Vehículo seleccionado. Deslízalo a lo largo.	Fahrzeug gewählt. Entlang der Länge schieben.
One vehicle slid.	已滑动一辆车。	車を1台動かしました。	Un vehículo se deslizó.	Ein Fahrzeug geschoben.
Exit	出口	出口	Salida	Ausgang
Target vehicle	目标车	目標の車	Vehículo objetivo	Zielfahrzeug
Sliding blocks board	滑动方块盘面	スライドブロックの盤	Tablero de bloques deslizantes	Schiebeblöcke-Brett
Vehicles fill a jammed grid. Each is two or three cells long and can only slide along its length. Slide any vehicle any number of free cells. The marked target must reach the exit on the right of its row. Tap a vehicle, then a direction, or drag it along its axis.	车辆挤在格子里。每辆占两格或三格，只能沿长边滑动。可以把一辆车滑过任意格数的空位。标出的目标车必须到达它所在那一行右侧的出口。点一辆车再选方向，或沿它的方向拖动。	車が詰まった格子です。各車は2マスか3マスで、長い方向にだけ動きます。空いたマスの数だけ一台を滑らせます。印の目標車は、その行の右の出口に着く必要があります。車をタップしてから方向を選ぶか、軸に沿ってドラッグします。	Los vehículos llenan una cuadrícula atascada. Cada uno ocupa dos o tres casillas y solo se desliza a lo largo. Desliza cualquier vehículo tantas casillas libres como haya. El objetivo marcado debe llegar a la salida a la derecha de su fila. Toca un vehículo y luego una dirección, o arrástralo por su eje.	Fahrzeuge füllen ein verstopftes Gitter. Jedes ist zwei oder drei Felder lang und rutscht nur der Länge nach. Schiebe ein Fahrzeug über beliebig viele freie Felder. Das markierte Ziel muss den Ausgang rechts in seiner Reihe erreichen. Tippe ein Fahrzeug, dann eine Richtung, oder ziehe es entlang seiner Achse.
Slide vehicles so the marked one reaches the exit.	滑动车辆，让标出的那辆到达出口。	印のついた車が出口に着くまで滑らせます。	Desliza los vehículos para que el marcado llegue a la salida.	Schiebe die Fahrzeuge, bis das markierte den Ausgang erreicht.
Each vehicle is two or three cells and only slides along its length.	每辆车占两格或三格，只能沿长边滑动。	各車は2マスか3マスで、長い方向にだけ動きます。	Cada vehículo ocupa dos o tres casillas y solo se desliza a lo largo.	Jedes Fahrzeug ist zwei oder drei Felder lang und rutscht nur der Länge nach.
A move slides one vehicle any number of free cells. Vehicles cannot overlap or leave the grid.	一步可以把一辆车滑过任意格数的空位。车辆不能重叠，也不能离开格子。	1手で一台を空いたマスの数だけ滑らせます。車は重ならず、格子の外にも出られません。	Un movimiento desliza un vehículo tantas casillas libres como haya. Los vehículos no se solapan ni salen de la cuadrícula.	Ein Zug schiebt ein Fahrzeug über beliebig viele freie Felder. Fahrzeuge überlappen sich nicht und verlassen das Gitter nicht.
The marked target wins when its front reaches the exit on the right of its row.	标出的目标车车头到达它所在那一行右侧的出口即获胜。	印の目標車の先頭が、その行の右の出口に着くと勝ちです。	El objetivo marcado gana cuando su frente llega a la salida a la derecha de su fila.	Das markierte Ziel gewinnt, wenn seine Front den Ausgang rechts in seiner Reihe erreicht.
Clear blockers off the target's row, then drive it out. Hint plays the next move on a shortest path.	先把目标车那一行上挡住的车移开，再把它开出去。提示会走出最短路径的下一步。	目標の行から邪魔をどかし、それから外へ出します。ヒントは最短手順の次の一手です。	Quita los bloqueos de la fila del objetivo y luego sácalo. La pista juega el siguiente paso de un camino más corto.	Räume Blocker aus der Reihe des Ziels und fahre es dann hinaus. Der Hinweis spielt den nächsten Zug eines kürzesten Wegs.
Tap a vehicle to select it, or drag it along its length.	点一辆车选中它，或沿长边拖动。	車をタップして選ぶか、長い方向にドラッグします。	Toca un vehículo para seleccionarlo, o arrástralo a lo largo.	Tippe ein Fahrzeug an, oder ziehe es der Länge nach.
The marked target must reach the exit on the right of its row.	标出的目标车必须到达它所在那一行右侧的出口。	印の目標車は、その行の右の出口に着く必要があります。	El objetivo marcado debe llegar a la salida a la derecha de su fila.	Das markierte Ziel muss den Ausgang rechts in seiner Reihe erreichen.
Clear a path, then slide the target out. Hint plays the next shortest move.	清出一条路，再把目标车滑出去。提示会走出最短的下一步。	道を空けてから目標を滑らせます。ヒントは次の最短の一手です。	Abre un camino y desliza el objetivo. La pista juega el siguiente movimiento más corto.	Mach einen Weg frei und schiebe das Ziel hinaus. Der Hinweis spielt den nächsten kürzesten Zug.
Go	围棋	囲碁	Go	Go
Surround and capture	围住并吃子	囲んで取る	Rodea y captura	Umschließe und nimm
Places almost at random, and takes a stone when it sees one	几乎随机落子，看到能吃就吃	ほぼランダムに打ち、取れる石は取る	Coloca casi al azar y captura cuando ve una piedra	Setzt fast zufällig und nimmt einen Stein, wenn er einen sieht
Plays the move that looks best right now	下当前看起来最好的一手	今いちばん良さそうな手を打つ	Juega la jugada que ahora parece mejor	Spielt den Zug, der jetzt am besten aussieht
Looks at your reply	会看你的应手	あなたの受けを見る	Mira tu respuesta	Schaut auf deine Antwort
Looks a little further ahead	再往前多看一点	もう少し先を読む	Mira un poco más adelante	Schaut etwas weiter voraus
Go on a 19×19 board. You play black and move first. Stones do not move. A connected group with no empty neighbor is captured and taken off. You cannot fill your own last liberty, and you cannot repeat an earlier board. Pass when you are done. Two passes in a row stop play. Mark every group that cannot live, then count. Resume if you want to keep playing. Your score is your stones plus every empty region that touches only your color. White receives 7.5 points. Tap an empty intersection to play.	19×19 的围棋。你执黑先行。棋子落下后不能移动。一块连在一起的棋如果旁边没有空点，就会被吃掉拿走。不能填上自己最后一口气，也不能重复先前出现过的棋盘。下完了就停一手。双方连续停一手，对局停下。把活不了的一块棋标出来，再计分。还想下就继续。分数是你的棋子，加上只挨着你的颜色的空地。白方加 7.5 目。点空的交叉点落子。	19×19の囲碁です。あなたは黒の先手です。石は動きません。つながった一団の隣に空きがなければ取られて盤から外れます。自分の最後の呼吸点は埋められず、以前の盤面を繰り返すこともできません。打ち終えたらパスします。連続でパスすると打ちかけが止まります。活きない一団を印し、それから数え上げます。続けるなら再開します。得点は自分の石と、自分の色だけに接する空き地です。白は7.5目もらいます。空いた交点をタップして打ちます。	Go en un tablero de 19×19. Juegas con negras y mueves primero. Las piedras no se mueven. Un grupo unido sin ningún vecino vacío se captura y se retira. No puedes llenar tu última libertad, y no puedes repetir un tablero anterior. Pasa cuando hayas terminado. Dos pases seguidos detienen la partida. Marca cada grupo que no puede vivir y luego cuenta. Reanuda si quieres seguir. Tu puntuación son tus piedras más cada zona vacía que solo toca tu color. Blanco recibe 7.5 puntos. Toca una intersección vacía para jugar.	Go auf einem 19×19-Brett. Du spielst Schwarz und ziehst zuerst. Steine bleiben liegen. Eine zusammenhängende Gruppe ohne leeren Nachbarn wird geschlagen und abgeräumt. Du darfst deine letzte Freiheit nicht füllen und eine frühere Stellung nicht wiederholen. Passen, wenn du fertig bist. Zwei Pässe hintereinander halten die Partie an. Markiere jede Gruppe, die nicht leben kann, und zähle dann. Setze fort, wenn du weiter spielen willst. Deine Punkte sind deine Steine plus jedes leere Gebiet, das nur deine Farbe berührt. Weiß erhält 7,5 Punkte. Tippe einen leeren Schnittpunkt an.
Pass	停一手	パス	Pasar	Passen
You (black)	你（黑方）	あなた（黒）	Tú (negras)	Du (Schwarz)
Computer (white)	电脑（白方）	コンピューター（白）	Ordenador (blancas)	Computer (Weiß)
Most area	最多地盘	いちばん広い地	Más territorio	Meistes Gebiet
Place stones, surround groups, and claim the empty points.	落子、包围棋块，并收下空地。	石を置き、一団を囲み、空き地を取ります。	Coloca piedras, rodea grupos y quédate los puntos vacíos.	Setze Steine, umschließe Gruppen und nimm die leeren Punkte.
You play black and move first on a 19×19 board. Stones stay where you put them.	你执黑，在 9×9 上先行。棋子留在落下的地方。	19×19で黒の先手です。石は置いた場所に残ります。	Juegas con negras y mueves primero en un 19×19. Las piedras se quedan donde las pones.	Du spielst Schwarz und ziehst zuerst auf 19×19. Steine bleiben liegen.
A connected group with no empty neighbor is captured and taken off.	一块连着的棋如果旁边没有空点，就会被吃掉拿走。	つながった一団の隣に空きがなければ取られて外れます。	Un grupo unido sin vecino vacío se captura y se retira.	Eine zusammenhängende Gruppe ohne leeren Nachbarn wird geschlagen und abgeräumt.
You cannot fill your own last liberty, and you cannot repeat an earlier board.	不能填上自己最后一口气，也不能重复先前出现过的棋盘。	自分の最後の呼吸点は埋められず、以前の盤面を繰り返すこともできません。	No puedes llenar tu última libertad y no puedes repetir un tablero anterior.	Du darfst deine letzte Freiheit nicht füllen und eine frühere Stellung nicht wiederholen.
Pass when you are finished. Two passes stop play so groups that cannot live can be marked, then counted. Your score is your stones plus empty regions that touch only your color. White receives 7.5 points.	下完了就停一手。双方都停一手，对局停下。把活不了的一块棋标出来再计分。分数是你的棋子加上只挨着你的空地。白方加 7.5 目。	打ち終えたらパスします。双方がパスすると打ちかけが止まり、活きない一団を印してから数え上げます。得点は自分の石と、自分の色だけに接する空き地です。白は7.5目です。	Pasa cuando termines. Dos pases detienen la partida para marcar los grupos que no pueden vivir y luego contarlos. Tu puntuación son tus piedras más las zonas vacías que solo tocan tu color. Blanco recibe 7.5 puntos.	Passen, wenn du fertig bist. Zwei Pässe halten die Partie an, damit Gruppen, die nicht leben können, markiert und dann gezählt werden. Deine Punkte sind deine Steine plus leere Gebiete, die nur deine Farbe berühren. Weiß erhält 7,5 Punkte.
Mark groups that cannot live after both players pass. Count removes them. Stones still on the board count for their owner.	双方停手后，把活不了的一块棋标出来。计分会把它们拿走。留在棋盘上的子仍算它主人的。	双方がパスしたら、活きない一団を印します。数え上げるとそれらは外れます。盤に残った石はその色の得点です。	Tras los dos pases, marca los grupos que no pueden vivir. Contar los quita. Las piedras que siguen en el tablero cuentan para su dueño.	Nach den beiden Pässen markierst du Gruppen, die nicht leben können. Das Zählen nimmt sie weg. Steine, die auf dem Brett bleiben, zählen für ihren Besitzer.
Do not fill a point that is already surrounded by your own stones.	不要填上已经被自己的棋围住的点。	自分の石にすでに囲まれた点は埋めない。	No llenes un punto que ya está rodeado por tus piedras.	Fülle keinen Punkt, der schon von deinen Steinen umgeben ist.
The white stone has one empty neighbor. Tap it.	这颗白子只剩一个空邻居。点那里。	白石の空きは一つです。そこをタップします。	La piedra blanca tiene un vecino vacío. Tócalo.	Der weiße Stein hat einen leeren Nachbarn. Tippe ihn an.
The empty point under the white stone.	白子下面的空点。	白石の下の空き。	El punto vacío bajo la piedra blanca.	Der leere Punkt unter dem weißen Stein.
Captured. The white stone comes off.	吃子了。白子被拿走。	取りました。白石が外れます。	Capturada. La piedra blanca sale.	Geschlagen. Der weiße Stein kommt herunter.
Connected stones share their empty neighbors. One empty neighbor left means the group can be taken.	连在一起的棋共用空邻居。只剩一口气，整块就能被吃。	つながった石は空きを共有します。空きが一つなら一団を取れます。	Las piedras unidas comparten sus vecinos vacíos. Si queda uno, se puede capturar el grupo.	Verbundene Steine teilen ihre leeren Nachbarn. Bleibt einer, kann die Gruppe geschlagen werden.
When both players pass, empty regions that touch only your stones count for you. White receives 7.5 points.	双方都停手后，只挨着你的棋的空地算你的。白方加 7.5 目。	双方がパスすると、自分の石だけに接する空き地が得点です。白は7.5目です。	Cuando ambos pasan, las zonas vacías que solo tocan tus piedras cuentan para ti. Blanco recibe 7.5 puntos.	Wenn beide passen, zählen leere Gebiete, die nur deine Steine berühren, für dich. Weiß erhält 7,5 Punkte.
Mark the groups that cannot live	把活不了的棋标出来	活きない一団を印します	Marca los grupos que no pueden vivir	Markiere die Gruppen, die nicht leben können
Tap a group that cannot live. Count when the marks are right. Resume to keep playing.	点一块活不了的棋。标对了再计分。还想下就继续。	活きない一団をタップします。印がよければ数え上げます。続けるなら再開します。	Toca un grupo que no puede vivir. Cuenta cuando las marcas estén bien. Reanuda para seguir.	Tippe eine Gruppe an, die nicht leben kann. Zähle, wenn die Markierungen stimmen. Setze fort, um weiterzuspielen.
Count the board	计分	数え上げる	Contar el tablero	Brett zählen
Resume play	继续下	再開する	Reanudar	Weiterspielen
Read from this board. Tap a group to change it.	从当前棋盘读出。点一块棋可改。	この盤面から読みます。一団をタップすると変えられます。	Leído de este tablero. Toca un grupo para cambiarlo.	Von diesem Brett gelesen. Tippe eine Gruppe an, um sie zu ändern.
Klotski	华容道	華容道	Klotski	Klotski
Slide the big block out	把大方块滑出去	大きなブロックを滑らせて出す	Desliza el bloque grande	Schiebe den großen Block hinaus
Klotski is a 4×5 board with two empty squares. Slide one block one square at a time, up, down, left or right, into empty space. The big square wins when it sits on the opening at the bottom. Each square a block slides counts as one move. Tap a block, then an arrow, or drag it.	华容道是 4×5 的棋盘，有两格空位。每次把一块朝上、下、左或右滑一格，滑进空位。大方块停在底部出口上就赢。滑过一格算一步。点一块，再点箭头，或者拖动它。	華容道は空きが2マスの4×5盤です。ブロックを1つ、上下左右に1マスずつ空きへ滑らせます。大きな正方形が下の出口に乗れば勝ちです。滑らせた1マスが1手です。ブロックをタップして矢印を押すか、ドラッグします。	Klotski es un tablero de 4×5 con dos casillas vacías. Desliza un bloque una casilla cada vez, arriba, abajo, izquierda o derecha, hacia un hueco. El cuadrado grande gana cuando queda sobre la abertura de abajo. Cada casilla que recorre un bloque cuenta como un movimiento. Toca un bloque y luego una flecha, o arrástralo.	Klotski ist ein 4×5-Brett mit zwei leeren Feldern. Schiebe einen Block jeweils ein Feld nach oben, unten, links oder rechts in eine Lücke. Das große Quadrat gewinnt, wenn es auf der Öffnung unten liegt. Jedes Feld, das ein Block rutscht, zählt als ein Zug. Tippe einen Block und dann einen Pfeil, oder ziehe ihn.
The big block reached the opening.	大方块到了出口。	大きなブロックが出口に着きました。	El bloque grande llegó a la abertura.	Der große Block hat die Öffnung erreicht.
Klotski board	华容道棋盘	華容道の盤	Tablero de Klotski	Klotski-Brett
Big block	大方块	大きなブロック	Bloque grande	Großer Block
Slide the big block down to the opening.	把大方块滑到底部出口。	大きなブロックを下の出口まで滑らせます。	Desliza el bloque grande hasta la abertura.	Schiebe den großen Block zur Öffnung hinunter.
The board is 4 cells wide and 5 tall, with two empty cells.	棋盘宽 4 格、高 5 格，有两格空位。	盤は横4マス、縦5マスで、空きは2マスです。	El tablero mide 4 por 5 casillas y tiene dos vacías.	Das Brett ist 4 mal 5 Felder groß und hat zwei leere Felder.
Expert is the classic opening. Hint plays the next shortest step.	专家是经典开局。提示会走最短路的下一步。	エキスパートは定番の初期配置です。ヒントは最短手の次の1手を指します。	Experto es la apertura clásica. La pista juega el siguiente paso más corto.	Experte ist die klassische Anfangsstellung. Der Hinweis spielt den nächsten kürzesten Schritt.
Tap a block, then an arrow, or drag it into an empty square.	点一块，再点箭头，或拖到空位。	ブロックをタップして矢印を押すか、空きへドラッグします。	Toca un bloque y luego una flecha, o arrástralo a una casilla vacía.	Tippe einen Block und dann einen Pfeil, oder ziehe ihn auf ein leeres Feld.
The big square is the one that has to reach the opening.	要到达出口的是大方块。	出口まで運ぶのは大きな正方形です。	El cuadrado grande es el que tiene que llegar a la abertura.	Das große Quadrat muss die Öffnung erreichen.
Clear a path downward, then slide it onto the opening.	先把下方的路让开，再把它滑到出口。	下への道を空けてから、出口へ滑らせます。	Abre un camino hacia abajo y deslízalo hasta la abertura.	Mach den Weg nach unten frei und schiebe es auf die Öffnung.
Tap a block, then an arrow — or drag it.	点一块，再点箭头，或者拖动它。	ブロックをタップして矢印を押すか、ドラッグします。	Toca un bloque y luego una flecha, o arrástralo.	Tippe einen Block und dann einen Pfeil, oder ziehe ihn.
Big block selected. Slide it to the opening.	已选中大方块。把它滑到出口。	大きなブロックを選択中です。出口へ滑らせます。	Bloque grande seleccionado. Deslízalo a la abertura.	Großer Block ausgewählt. Schiebe ihn zur Öffnung.
Block selected. Slide it into an empty square.	已选中一块。把它滑进空位。	ブロックを選択中です。空きへ滑らせます。	Bloque seleccionado. Deslízalo a una casilla vacía.	Block ausgewählt. Schiebe ihn auf ein leeres Feld.
One block slid.	滑动了一块。	ブロックを1つ滑らせました。	Un bloque se deslizó.	Ein Block wurde geschoben.
Yacht	快艇	ヨット	Yacht	Yacht
Five dice, thirteen boxes	五颗骰子，十三格	サイコロ5つ、13マス	Cinco dados, trece casillas	Fünf Würfel, dreizehn Felder
Yacht is five dice and thirteen boxes. Roll up to three times on your turn. Tap a die to hold it, then roll the rest. Tap an open box to score the roll. Each box is used once. Ones through Sixes add that face, and 63 or more there scores 35 more. Three and four of a kind add all five dice. A full house scores 25, a small straight 30, a large straight 40, and five of a kind scores 50. Chance adds all five dice. After that box scores 50, each later five of a kind adds 100. It fills the matching upper box when that box is open. Otherwise it scores as a match in any open lower box, or 0 in an open upper box if the lower boxes are full. You and the computer each fill a sheet. The higher total wins.	快艇是五颗骰子和十三格。每回合最多掷三次。点一颗骰子把它留下，再掷其余的。点一个空格，给这次掷骰计分。每一格只用一次。一点到六点加的是那个点数，这一区达到 63 再加 35。三条和四条把五颗骰子全部相加。葫芦 25，小顺 30，大顺 40，五同 50。全选把五颗骰子全部相加。五同那一格记成 50 以后，之后每掷出一次五同再加 100。对应的上区如果空着，就必须填那里。否则可以当作已经凑成，填进任意一个空着的下区；下区也满了，就在一个空着的上区记 0。你和电脑各填一张计分表。总分高的赢。	ヨットはサイコロ5つと13マスです。手番では3回まで振れます。残すサイコロをタップしてから、残りを振り直します。空いているマスをタップして、その出目を記入します。各マスは一度だけです。1の目から6の目はその目の合計で、そこが63以上ならさらに35点です。スリーカードとフォーカードは5つの合計です。フルハウスは25、スモールストレートは30、ラージストレートは40、5つ揃いは50です。チャンスは5つの合計です。そのマスが50になったあと、次からの5つ揃いは100点を加えます。対応する上段が空いていれば、そこへ記入します。空いていなければ、空いている下段のどれかに成立として記入し、下段も埋まっていれば空いている上段に0を記入します。あなたとコンピューターがそれぞれ一枚を埋めます。合計が高い方が勝ちです。	Yacht son cinco dados y trece casillas. En tu turno tiras hasta tres veces. Toca un dado para guardarlo y tira el resto. Toca una casilla libre para anotar la tirada. Cada casilla se usa una vez. De unos a seises se suma esa cara, y 63 o más ahí suma 35 más. El trío y el póker suman los cinco dados. Un full suma 25, una escalera menor 30, una escalera mayor 40, y cinco iguales suman 50. Chance suma los cinco dados. Cuando esa casilla ya suma 50, cada cinco iguales posterior suma 100. Rellena la casilla superior de esa cara si está libre. Si no, puntúa como combinación en cualquier casilla inferior libre, o 0 en una casilla superior libre si las inferiores están llenas. Tú y el ordenador rellenáis una hoja cada uno. Gana el total más alto.	Yacht sind fünf Würfel und dreizehn Felder. In deinem Zug würfelst du bis zu dreimal. Tippe einen Würfel an, um ihn zu behalten, und würfle den Rest neu. Tippe ein freies Feld an, um den Wurf einzutragen. Jedes Feld wird einmal benutzt. Einser bis Sechser zählen diese Augenzahl, und 63 oder mehr dort gibt 35 dazu. Dreier- und Viererpasch zählen alle fünf Würfel. Ein Full House zählt 25, eine kleine Straße 30, eine große Straße 40, und fünf Gleiche zählen 50. Chance zählt alle fünf Würfel. Steht in diesem Feld 50, gibt jedes weitere Fünfer 100 dazu. Es füllt das passende obere Feld, wenn das frei ist. Sonst zählt es als fertige Kombination in einem freien unteren Feld, oder als 0 in einem freien oberen Feld, wenn die unteren voll sind. Du und der Computer füllen je einen Zettel. Die höhere Summe gewinnt.
The computer takes a strong roll and rerolls a weak one.	电脑遇到好点数就收下，差的就重掷。	コンピューターは良い出目なら取り、弱い出目は振り直します。	El ordenador se queda un buen tiro y repite uno flojo.	Der Computer nimmt einen starken Wurf und würfelt einen schwachen neu.
The computer holds pairs and short straights.	电脑会留下对子和短顺。	コンピューターはペアと短いストレートを残します。	El ordenador guarda parejas y escaleras cortas.	Der Computer behält Paare und kurze Straßen.
The computer studies the next roll.	电脑会看下一次重掷。	コンピューターは次の一振りを読みます。	El ordenador estudia la siguiente tirada.	Der Computer prüft den nächsten Wurf.
The computer studies the next roll and keeps a chase going.	电脑会看下一次重掷，并且把还能追的牌留着。	コンピューターは次の一振りを読み、まだ狙える目を残します。	El ordenador estudia la siguiente tirada y sigue una baza.	Der Computer prüft den nächsten Wurf und hält eine Jagd offen.
Ones	一点	1の目	Unos	Einser
Twos	二点	2の目	Doses	Zweier
Threes	三点	3の目	Tres	Dreier
Fours	四点	4の目	Cuatros	Vierer
Fives	五点	5の目	Cincos	Fünfer
Sixes	六点	6の目	Seises	Sechser
Three of a kind	三条	スリーカード	Trío	Dreierpasch
Four of a kind	四条	フォーカード	Póker	Viererpasch
Full house	葫芦	フルハウス	Full	Full House
Small straight	小顺	スモールストレート	Escalera menor	Kleine Straße
Large straight	大顺	ラージストレート	Escalera mayor	Große Straße
Chance	全选	チャンス	Chance	Chance
Upper section	上区	上段	Sección superior	Oberer Teil
Lower section	下区	下段	Sección inferior	Unterer Teil
Upper bonus	上区奖励	上段ボーナス	Bonificación superior	Bonus oben
Extra five of a kind	再来一次五同	追加の5つ揃い	Cinco iguales extra	Weiteres Fünfer
Roll again	再掷	振り直す	Tirar otra vez	Nochmal würfeln
Release a die to roll it again.	松开一颗骰子才能再掷它。	振り直すには、サイコロの保留を外します。	Suelta un dado para tirarlo otra vez.	Gib einen Würfel frei, um ihn neu zu würfeln.
Tap a die to hold it. Tap an open box to score this roll.	点一颗骰子把它留下。点一个空格，给这次掷骰计分。	残すサイコロをタップします。空いているマスをタップして、この出目を記入します。	Toca un dado para guardarlo. Toca una casilla libre para anotar esta tirada.	Tippe einen Würfel an, um ihn zu behalten. Tippe ein freies Feld an, um diesen Wurf einzutragen.
Tap an open box to score this roll.	点一个空格，给这次掷骰计分。	空いているマスをタップして、この出目を記入します。	Toca una casilla libre para anotar esta tirada.	Tippe ein freies Feld an, um diesen Wurf einzutragen.
Roll {0} of 3	第{0}掷，共3掷	3回中{0}回目	Tirada {0} de 3	Wurf {0} von 3
Die showing {0}	骰子{0}点	{0}の目	Dado con {0}	Würfel zeigt {0}
Die showing {0}, held	骰子{0}点，已留下	{0}の目、残す	Dado con {0}, guardado	Würfel zeigt {0}, behalten
Five of a kind adds 100. It fills the matching upper box.	五同再加 100。它要填进对应的上区。	5つ揃いは100点を加えます。対応する上段に記入します。	Cinco iguales suman 100. Rellenan la casilla superior de esa cara.	Fünf Gleiche geben 100 dazu. Sie füllen das passende obere Feld.
Five of a kind adds 100. Pick an open lower box.	五同再加 100。选一个空着的下区。	5つ揃いは100点を加えます。空いている下段を選んでください。	Cinco iguales suman 100. Elige una casilla inferior libre.	Fünf Gleiche geben 100 dazu. Wähle ein freies unteres Feld.
Five of a kind adds 100. Pick an open upper box.	五同再加 100。选一个空着的上区。	5つ揃いは100点を加えます。空いている上段を選んでください。	Cinco iguales suman 100. Elige una casilla superior libre.	Fünf Gleiche geben 100 dazu. Wähle ein freies oberes Feld.
Yacht score sheet	快艇计分表	ヨットの得点表	Hoja de Yacht	Yacht-Zettel
Five dice, up to three rolls, then one box.	五颗骰子，最多掷三次，然后填一格。	サイコロ5つ、3回まで振って、マスを1つ埋めます。	Cinco dados, hasta tres tiradas, y luego una casilla.	Fünf Würfel, bis zu drei Würfe, dann ein Feld.
Roll five dice up to three times. Tap a die to hold it, then roll the rest.	掷五颗骰子，最多三次。点一颗骰子把它留下，再掷其余的。	サイコロ5つを3回まで振ります。残すものをタップしてから、残りを振ります。	Tira cinco dados hasta tres veces. Toca un dado para guardarlo y tira el resto.	Würfle fünf Würfel bis zu dreimal. Tippe einen an, um ihn zu behalten, und würfle den Rest neu.
Score the roll in one open box. Each box is used once. Ones through Sixes add that face, and 63 or more there scores 35 more.	把这次掷骰填进一个空格。每一格只用一次。一点到六点加的是那个点数，达到 63 再加 35。	出目を空いているマス1つに記入します。各マスは一度だけです。1の目から6の目はその目の合計で、63以上ならさらに35点です。	Anota la tirada en una casilla libre. Cada casilla se usa una vez. De unos a seises se suma esa cara, y 63 o más ahí suma 35 más.	Trage den Wurf in ein freies Feld ein. Jedes Feld gilt einmal. Einser bis Sechser zählen diese Augenzahl, und 63 oder mehr dort gibt 35 dazu.
Three and four of a kind add all five dice. A full house scores 25, a small straight 30, a large straight 40, five of a kind scores 50, and Chance adds all five dice.	三条和四条把五颗骰子全部相加。葫芦 25，小顺 30，大顺 40，五同 50，全选把五颗骰子全部相加。	スリーカードとフォーカードは5つの合計です。フルハウスは25、スモールストレートは30、ラージストレートは40、5つ揃いは50、チャンスは5つの合計です。	El trío y el póker suman los cinco dados. Un full suma 25, una escalera menor 30, una escalera mayor 40, cinco iguales suman 50, y Chance suma los cinco dados.	Dreier- und Viererpasch zählen alle fünf Würfel. Ein Full House zählt 25, eine kleine Straße 30, eine große Straße 40, fünf Gleiche zählen 50, und Chance zählt alle fünf Würfel.
After five of a kind scores 50, each later one adds 100 and fills the matching upper box when it is open. The higher sheet wins.	五同记成 50 以后，之后每一次再加 100，对应的上区空着就要填那里。总分高的表赢。	5つ揃いが50になったあと、次からは100点を加え、対応する上段が空ならそこへ記入します。合計が高い方が勝ちです。	Cuando cinco iguales ya suman 50, cada uno posterior suma 100 y rellena la casilla superior de esa cara si está libre. Gana la hoja más alta.	Stehen fünf Gleiche auf 50, gibt jedes weitere 100 dazu und füllt das passende obere Feld, wenn es frei ist. Der höhere Zettel gewinnt.
Scoring 0 spends that box and saves a later roll for a better one.	记 0 会用掉那一格，把以后更好的点数留到别的格。	0を記入するとそのマスを使い、良い出目を後のマスに残せます。	Anotar 0 gasta esa casilla y guarda una tirada mejor para después.	Eine 0 verbraucht das Feld und spart einen späteren Wurf für ein besseres.
Three 4s is a start. You may roll twice more.	三个 4 是个开头。你还可以再掷两次。	4が3つあります。あと2回振れます。	Tres 4 son un comienzo. Puedes tirar dos veces más.	Drei 4en sind ein Anfang. Du darfst noch zweimal würfeln.
Tap a 4 to hold it.	点一个 4，把它留下。	4をタップして残します。	Toca un 4 para guardarlo.	Tippe eine 4 an, um sie zu behalten.
Hold a 4. The 2 and the 1 are the ones to roll again.	留下 4。2 和 1 是要重掷的。	4を残します。振り直すのは2と1です。	Guarda un 4. El 2 y el 1 son los que se vuelven a tirar.	Behalte eine 4. Die 2 und die 1 werden neu gewürfelt.
That 4 stays.	这个 4 留下了。	その4は残ります。	Ese 4 se queda.	Diese 4 bleibt.
The 2 and the 1 will roll again.	2 和 1 会再掷一次。	2と1は振り直します。	El 2 y el 1 se tiran otra vez.	Die 2 und die 1 werden neu gewürfelt.
Roll the dice you did not hold.	掷你没有留下的骰子。	残さなかったサイコロを振ります。	Tira los dados que no guardaste.	Würfle die Würfel, die du nicht behalten hast.
Four 4s. Four of a kind adds every die.	四个 4。四条把每一颗骰子都加进去。	4が4つです。フォーカードはすべてのサイコロを足します。	Cuatro 4. El póker suma cada dado.	Vier 4en. Ein Viererpasch zählt jeden Würfel.
22 points. Four of a kind adds all five dice.	22 分。四条把五颗骰子全部相加。	22点です。フォーカードは5つすべての合計です。	22 puntos. El póker suma los cinco dados.	22 Punkte. Ein Viererpasch zählt alle fünf Würfel.
Five dice and thirteen boxes × 4 computer strengths. Up to three rolls a turn. 63 or more on Ones through Sixes scores 35 more. A later five of a kind, after that box scores 50, adds 100. The higher total wins.	五颗骰子、十三格，四种电脑强度。每回合最多掷三次。一点到六点达到 63 再加 35。五同那一格记成 50 以后，再掷出五同加 100。总分高的赢。	サイコロ5つと13マス、コンピューターの強さは4段階。手番は3回まで。1の目から6の目が63以上ならさらに35点。5つ揃いのマスが50になったあと、次の5つ揃いは100点です。合計が高い方が勝ちです。	Cinco dados y trece casillas × 4 fuerzas del ordenador. Hasta tres tiradas por turno. 63 o más en unos a seises suma 35 más. Un cinco iguales posterior, cuando esa casilla ya suma 50, suma 100. Gana el total más alto.	Fünf Würfel und dreizehn Felder × 4 Computerstärken. Bis zu drei Würfe pro Zug. 63 oder mehr bei Einser bis Sechser gibt 35 dazu. Ein späteres Fünfer, nachdem das Feld 50 steht, gibt 100 dazu. Die höhere Summe gewinnt.
Each sheet is filled in play. Dice come from the game's seed.	每张表都在对局中填完。骰子由这局的种子决定。	各得点表は対局中に埋まります。サイコロはその対局の種から出ます。	Cada hoja se llena durante la partida. Los dados salen de la semilla de la partida.	Jeder Zettel wird im Spiel gefüllt. Die Würfel kommen aus dem Samen der Partie.
Most points	最高分	最多得点	Más puntos	Meiste Punkte
Shut the Box	翻盖	シャット・ザ・ボックス	Shut the Box	Shut the Box
Flip tiles that add up	翻开加起来的牌子	合計になる札を倒す	Voltea fichas que sumen	Klappe Felder um, die aufgehen
Ten Thousand	一万	テンサウザンド	Diez mil	Zehntausend
Six dice to 10,000	六颗骰子，冲到 10000	サイコロ6つで10000へ	Seis dados hasta 10.000	Sechs Würfel bis 10.000
Ship, Captain, Crew	船、船长、船员	船、船長、船員	Barco, capitán, tripulación	Schiff, Kapitän, Mannschaft
Six, five, four, then cargo	先六、再五、再四，其余是货	6、次に5、次に4、残りが荷物	Seis, cinco, cuatro y luego la carga	Sechs, fünf, vier, dann die Ladung
Shut the Box is nine tiles, 1 through 9. Roll two dice, or one die once every tile still up is 6 or less. Tap a set of tiles that adds up to the roll. If nothing adds up, you score the tiles still up. Shutting every tile scores 0. You and the computer each play a box. The lower score wins.	翻盖有九块牌子，从 1 到 9。掷两颗骰子；还亮着的牌子都不超过 6 时，改掷一颗。点一组加起来等于骰子的牌子。没有哪组能加出来，就按还亮着的牌子计分。全部翻下是 0 分。你和电脑各玩一盒。分数低的赢。	シャット・ザ・ボックスは1から9の札が9枚です。サイコロは2つ。残った札がすべて6以下なら1つです。出目と同じ合計になる札をタップします。合う札がなければ、残った札の合計が得点です。全部倒せば0点。あなたとコンピューターがそれぞれ一箱です。点数が低い方が勝ちです。	Shut the Box tiene nueve fichas, del 1 al 9. Tira dos dados, o uno cuando toda ficha que siga en pie sea 6 o menos. Toca un grupo que sume la tirada. Si nada suma, puntúas las fichas que siguen en pie. Cerrarlas todas es 0. Tú y el ordenador jugáis una caja cada uno. Gana la puntuación más baja.	Shut the Box hat neun Felder, 1 bis 9. Würfle zwei Würfel, oder einen, sobald jedes offene Feld 6 oder weniger ist. Tippe eine Gruppe an, die den Wurf ergibt. Geht nichts auf, zählst du die offenen Felder. Alle zuklappen ist 0. Du und der Computer spielen je eine Kiste. Die niedrigere Zahl gewinnt.
Flips any set that adds up.	能加出来的任意一组都翻。	合計が合う組ならどれでも倒します。	Voltea cualquier grupo que sume.	Klappt irgendeine Gruppe um, die aufgeht.
Flips the highest tile it can.	尽量翻最大的牌子。	できるだけ大きい札を倒します。	Voltea la ficha más alta que pueda.	Klappt das höchste mögliche Feld um.
Leaves a box that can still answer more rolls.	留下还能接住更多点数的盒子。	次の出目にも答えやすい箱を残します。	Deja una caja que aún responda a más tiradas.	Lässt eine Kiste, die noch mehr Würfe beantworten kann.
Plays the box for the lowest expected score.	按期望最低分来玩这一盒。	残りの点数が一番低くなるようにします。	Juega la caja por la puntuación esperada más baja.	Spielt auf die niedrigste erwartete Punktzahl.
Your box	你的盒子	あなたの箱	Tu caja	Deine Kiste
Computer's box	电脑的盒子	コンピューターの箱	Caja del ordenador	Kiste des Computers
Cover	翻下	倒す	Tapar	Zuklappen
Take the score	记下分数	点数にする	Anotar la puntuación	Die Punkte nehmen
No tiles add up to this roll.	没有牌子能加出这次的点数。	この出目になる札がありません。	Ninguna ficha suma esta tirada.	Keine Felder ergeben diesen Wurf.
Tap tiles that add up to the roll.	点几块加起来等于骰子的牌子。	出目と同じ合計になる札をタップします。	Toca fichas que sumen la tirada.	Tippe Felder an, die den Wurf ergeben.
Shut tile {0}	牌子 {0}	札{0}	Ficha {0}	Feld {0}
Shut tile {0}, down	牌子 {0}，已翻下	札{0}、倒した	Ficha {0}, tapada	Feld {0}, zu
Ten Thousand uses six dice. A 1 scores 100 and a 5 scores 50. Three of a kind scores 1000 for ones and 100 times the face otherwise. Four, five and six of a kind score two, four and eight times that. 1 through 6 scores 1500, three pairs score 1500, and two threes score 2500. Keep a scoring set, then bank or roll the rest. The first bank has to be at least 500. A roll that scores nothing loses the points of that turn. Scoring every die means you roll all six again before you can bank. Reach 10,000 and the other player gets one more turn. The higher bank wins.	一万用六颗骰子。1 是 100 分，5 是 50 分。三条：1 是 1000，其他点数是点数乘 100。四条、五条、六条分别是这个的两倍、四倍、八倍。1 到 6 是 1500，三对是 1500，两个三条是 2500。留下一组能计分的骰子，然后入账，或者掷剩下的。第一次入账至少要 500。掷出来没有分，这一轮的分数就没了。把掷出的骰子全部计分后，要先把六颗再掷一次才能入账。到 10000，对方再玩一轮。账上高的赢。	テンサウザンドはサイコロ6つです。1は100点、5は50点。スリーカードは1なら1000、ほかの目は目×100です。4つ、5つ、6つ揃いはその2倍、4倍、8倍です。1から6は1500、3ペアは1500、スリーカード2組は2500です。得点になる組を残して、銀行に入れるか残りを振ります。最初に入れるには500点以上が要ります。得点がない出目はその手番の点を失います。振ったサイコロを全部得点にしたら、入れる前に6つを振り直します。10000に達すると相手がもう1手番です。銀行の点が高い方が勝ちです。	Diez mil usa seis dados. Un 1 vale 100 y un 5 vale 50. Un trío vale 1000 si son unos y, si no, 100 por la cara. Cuatro, cinco y seis iguales valen el doble, el cuádruple y el óctuple. Del 1 al 6 vale 1500, tres parejas valen 1500 y dos tríos valen 2500. Guarda un grupo que puntúe y luego anota o tira el resto. La primera anotación tiene que ser de al menos 500. Una tirada sin puntos pierde los de ese turno. Si puntúas todos los dados, tiras los seis otra vez antes de anotar. Al llegar a 10.000 el otro tiene un turno más. Gana el banco más alto.	Zehntausend benutzt sechs Würfel. Eine 1 zählt 100, eine 5 zählt 50. Ein Drilling zählt 1000 bei Einsen, sonst das Auge mal 100. Vier, fünf und sechs Gleiche zählen das Doppelte, Vierfache und Achtfache. 1 bis 6 zählt 1500, drei Paare zählen 1500, zwei Drillinge zählen 2500. Behalte eine wertende Gruppe, dann schreibe sie gut oder würfle den Rest. Die erste Gutschrift braucht mindestens 500. Ein Wurf ohne Punkte verliert die Punkte dieses Zugs. Wertest du jeden Würfel, würfelst du alle sechs neu, bevor du gutschreiben kannst. Bei 10.000 hat der andere einen Zug mehr. Die höhere Bank gewinnt.
Banks as soon as the turn is worth keeping.	这一轮值得留，就马上入账。	手番の点が残す価値になればすぐ入れます。	Anota en cuanto el turno merece guardarse.	Schreibt gut, sobald der Zug es wert ist.
Pushes while several dice are left.	还剩好几颗骰子就继续掷。	サイコロがまだ多いうちは振り続けます。	Sigue mientras queden varios dados.	Würfelt weiter, solange mehrere Würfel übrig sind.
Banks when another roll is worth less than the turn.	再掷一次不如这一轮的分，就入账。	もう一振りの見込みが手番の点より低ければ入れます。	Anota cuando otra tirada vale menos que el turno.	Schreibt gut, wenn ein weiterer Wurf weniger wert ist als der Zug.
Keeps the set that leaves the better next roll.	留下让下一次更好掷的那一组。	次の一振りが有利になる組を残します。	Guarda el grupo que deja mejor la siguiente tirada.	Behält die Gruppe, die den nächsten Wurf besser lässt.
This turn {0}	这一轮 {0}	この手番 {0}	Este turno {0}	Dieser Zug {0}
Bust. This turn's points are lost.	掷空了。这一轮的分数没了。	役なし。この手番の点は消えます。	Nada. Se pierden los puntos de este turno.	Nichts. Die Punkte dieses Zugs sind weg.
All six scored. Roll again before you can bank.	六颗都计分了。入账之前要再掷一次。	6つ全部が得点です。入れる前にもう一度振ります。	Los seis puntúan. Tira otra vez antes de anotar.	Alle sechs zählen. Würfle noch einmal, bevor du gutschreibst.
The first bank has to be at least 500.	第一次入账至少要 500。	最初に入れるには500点以上が要ります。	La primera anotación tiene que ser de al menos 500.	Die erste Gutschrift braucht mindestens 500.
Set aside	已留下	残した目	Apartado	Beiseite
Score	计分	得点にする	Anotar	Werten
Bank	入账	入れる	Guardar	Gutschreiben
Roll	掷	振る	Tirar	Würfeln
Ship, Captain, Crew uses five dice and up to three rolls. A ship is a 6, a captain is a 5, and a crew is a 4. The captain counts only after the ship, and the crew only after the captain. The other two dice are then cargo. You may stop early. You each play five hands. The higher cargo wins.	船、船长、船员用五颗骰子，最多掷三次。船是 6，船长是 5，船员是 4。先有船，船长才算；先有船长，船员才算。另外两颗才是货。可以提前停。双方各玩五手。货多的赢。	船、船長、船員はサイコロ5つ、3回までです。船は6、船長は5、船員は4です。船があって船長が数えられ、船長があって船員が数えられます。残りの2つが荷物です。早くやめてもよい。それぞれ5手番です。荷物が多い方が勝ちです。	Barco, capitán, tripulación usa cinco dados y hasta tres tiradas. El barco es un 6, el capitán un 5 y la tripulación un 4. El capitán cuenta solo después del barco, y la tripulación solo después del capitán. Los otros dos dados son la carga. Puedes parar antes. Cada uno juega cinco manos. Gana la carga más alta.	Schiff, Kapitän, Mannschaft benutzt fünf Würfel und bis zu drei Würfe. Das Schiff ist eine 6, der Kapitän eine 5, die Mannschaft eine 4. Der Kapitän zählt erst nach dem Schiff, die Mannschaft erst nach dem Kapitän. Die anderen beiden Würfel sind die Ladung. Du darfst früher aufhören. Jeder spielt fünf Runden. Die höhere Ladung gewinnt.
Rerolls everything except the ship, captain and crew.	除了船、船长和船员，其余都重掷。	船、船長、船員以外は振り直します。	Vuelve a tirar todo menos el barco, el capitán y la tripulación.	Würfelt alles neu außer Schiff, Kapitän und Mannschaft.
Keeps cargo showing 4 or more.	4 点及以上的货留下。	4以上の荷物は残します。	Guarda carga de 4 o más.	Behält Ladung von 4 oder mehr.
Keeps cargo showing 4 or more, and stops on the last roll.	4 点及以上的货留下，最后一掷就停。	4以上の荷物を残し、最後の一振りでやめます。	Guarda carga de 4 o más y para en la última tirada.	Behält Ladung von 4 oder mehr und hört beim letzten Wurf auf.
Rerolls a 4 when two rolls are still left.	还剩两次重掷时，4 也重掷。	残り2回あるときは4も振り直します。	Vuelve a tirar un 4 si aún quedan dos tiradas.	Würfelt eine 4 neu, wenn noch zwei Würfe bleiben.
Hand {0} of 5	第 {0} 手，共 5 手	5手中{0}手目	Mano {0} de 5	Runde {0} von 5
Cargo	货	荷物	Carga	Ladung
This hand {0}	这一手 {0}	この手番 {0}	Esta mano {0}	Diese Runde {0}
Ship	船	船	Barco	Schiff
Captain	船长	船長	Capitán	Kapitän
Crew	船员	船員	Tripulación	Mannschaft
Take cargo	收下这手货	荷物を取る	Tomar la carga	Ladung nehmen
Tap a die to hold it, then roll the rest.	点一颗骰子把它留下，再掷其余的。	残すサイコロをタップしてから、残りを振ります。	Toca un dado para guardarlo y tira el resto.	Tippe einen Würfel an, um ihn zu behalten, und würfle den Rest neu.
Lowest score	最低分	最少得点	Menor puntuación	Niedrigste Punktzahl
Flip tiles that add up to the dice.	翻开加起来等于骰子的牌子。	出目と同じ合計の札を倒します。	Voltea fichas que sumen los dados.	Klappe Felder um, die den Wurf ergeben.
Nine tiles, 1 through 9. Roll two dice, or one die once every tile still up is 6 or less.	九块牌子，从 1 到 9。掷两颗骰子；还亮着的都不超过 6 时，改掷一颗。	札は1から9の9枚。サイコロは2つ。残った札がすべて6以下なら1つです。	Nueve fichas, del 1 al 9. Tira dos dados, o uno cuando toda ficha en pie sea 6 o menos.	Neun Felder, 1 bis 9. Zwei Würfel, oder einer, sobald jedes offene Feld 6 oder weniger ist.
Flip a set of tiles that adds up to the roll. Each tile goes down once.	翻下一组加起来等于骰子的牌子。每块只翻一次。	出目と同じ合計の札を倒します。各札は一度だけです。	Voltea un grupo que sume la tirada. Cada ficha baja una vez.	Klappe eine Gruppe um, die den Wurf ergibt. Jedes Feld geht einmal zu.
If nothing adds up, you score the tiles still up. Shutting every tile scores 0. The lower score wins.	没有哪组能加出来，就按还亮着的牌子计分。全部翻下是 0。分数低的赢。	合う札がなければ残った札が得点です。全部倒せば0。低い方が勝ちです。	Si nada suma, puntúas las que siguen en pie. Cerrarlas todas es 0. Gana la más baja.	Geht nichts auf, zählst du die offenen Felder. Alle zu ist 0. Die niedrigere Zahl gewinnt.
7 and 9 both use a high tile. Taking 9 leaves more small tiles for the next roll.	7 和 9 都用到大牌子。拿 9 会给下一掷留下更多小牌子。	7も9も大きい札です。9を取ると次の一振りに小さい札が残ります。	7 y 9 usan una ficha alta. Tomar el 9 deja más fichas pequeñas.	7 und 9 brauchen ein hohes Feld. Die 9 lässt mehr kleine Felder für den nächsten Wurf.
The dice are 6 and 6, so you need tiles that add up to 12.	骰子是 6 和 6，所以要加出 12 的牌子。	サイコロは6と6です。合計12の札が要ります。	Los dados son 6 y 6, así que hacen falta fichas que sumen 12.	Die Würfel sind 6 und 6, also Felder, die 12 ergeben.
9 and 3 add up to 12. Tap 9.	9 加 3 是 12。点 9。	9と3で12です。9をタップします。	9 y 3 suman 12. Toca el 9.	9 und 3 sind 12. Tippe die 9.
The tile numbered 9.	数字是 9 的那块。	9の札です。	La ficha con el 9.	Das Feld mit der 9.
Tap 3.	点 3。	3をタップします。	Toca el 3.	Tippe die 3.
Both tiles go down. The box rolls again.	两块都翻下了。盒子再掷一次。	2枚とも倒れます。箱はもう一度振ります。	Las dos bajan. La caja tira otra vez.	Beide Felder gehen zu. Die Kiste würfelt noch einmal.
The tile numbered 3.	数字是 3 的那块。	3の札です。	La ficha con el 3.	Das Feld mit der 3.
Keep scoring dice, then bank or push.	留下能计分的骰子，然后入账或继续。	得点のサイコロを残して、入れるか振り続けます。	Guarda dados que puntúen y luego anota o sigue.	Behalte wertende Würfel, dann schreibe gut oder würfle weiter.
Six dice. A 1 scores 100, a 5 scores 50, and three of a kind scores much more.	六颗骰子。1 是 100，5 是 50，三条多得多。	サイコロ6つ。1は100、5は50、スリーカードはもっと多いです。	Seis dados. Un 1 vale 100, un 5 vale 50, y un trío vale mucho más.	Sechs Würfel. Eine 1 zählt 100, eine 5 zählt 50, ein Drilling viel mehr.
Keep a scoring set, then bank the turn or roll what is left. The first bank has to be at least 500.	留下一组能计分的，然后把这一轮入账，或者掷剩下的。第一次入账至少 500。	得点の組を残し、手番を入れるか残りを振ります。最初は500点以上です。	Guarda un grupo que puntúe y anota el turno o tira lo que queda. La primera anotación es de al menos 500.	Behalte eine wertende Gruppe, schreibe den Zug gut oder würfle den Rest. Die erste Gutschrift ist mindestens 500.
A roll that scores nothing loses the turn. Reach 10,000 and the other player gets one more turn.	没有分的一掷丢掉这一轮。到 10000，对方再玩一轮。	得点のない出目はその手番を失います。10000で相手がもう1手番です。	Una tirada sin puntos pierde el turno. A 10.000 el otro tiene un turno más.	Ein Wurf ohne Punkte verliert den Zug. Bei 10.000 hat der andere einen Zug mehr.
Three 1s score 1000, not 300. A die is never counted twice.	三个 1 是 1000，不是 300。一颗骰子不算两次。	1が3つで1000点です。300ではありません。1つのサイコロは二度数えません。	Tres 1 valen 1000, no 300. Un dado no se cuenta dos veces.	Drei 1en zählen 1000, nicht 300. Ein Würfel zählt nie doppelt.
Three 1s are on the table, with 2, 3 and 4.	桌上有三个 1，还有 2、3 和 4。	1が3つと、2、3、4があります。	Hay tres 1 en la mesa, y un 2, un 3 y un 4.	Drei 1en liegen auf dem Tisch, dazu 2, 3 und 4.
Tap a 1. Three of them score 1000.	点一个 1。三个是 1000 分。	1をタップします。3つで1000点です。	Toca un 1. Tres valen 1000.	Tippe eine 1 an. Drei zählen 1000.
1000 this turn. Bank it once the turn reaches 500, or roll the other three.	这一轮 1000。到了 500 就可以入账，或者掷另外三颗。	この手番は1000点。500になれば入れるか、残りの3つを振ります。	1000 este turno. Anótalo al llegar a 500, o tira los otros tres.	1000 in diesem Zug. Schreib gut, sobald 500 da sind, oder würfle die anderen drei.
One of the dice showing 1.	显示 1 的一颗骰子。	1の目のサイコロです。	Uno de los dados que muestra 1.	Einer der Würfel mit einer 1.
The 2, 3 and 4 do not score. Leave them out of the set.	2、3、4 不计分。不要放进这一组。	2、3、4は得点になりません。組に入れません。	El 2, el 3 y el 4 no puntúan. Déjalos fuera del grupo.	2, 3 und 4 zählen nicht. Lass sie aus der Gruppe.
Get a 6, then a 5, then a 4. The other two dice are cargo.	先要 6，再要 5，再要 4。另外两颗是货。	先に6、次に5、次に4。残りの2つが荷物です。	Consigue un 6, luego un 5, luego un 4. Los otros dos dados son la carga.	Hol eine 6, dann eine 5, dann eine 4. Die anderen beiden Würfel sind die Ladung.
Five dice, up to three rolls. A ship is a 6, a captain is a 5, and a crew is a 4.	五颗骰子，最多三次。船是 6，船长是 5，船员是 4。	サイコロ5つ、3回まで。船は6、船長は5、船員は4です。	Cinco dados, hasta tres tiradas. El barco es un 6, el capitán un 5 y la tripulación un 4.	Fünf Würfel, bis zu drei Würfe. Schiff ist 6, Kapitän 5, Mannschaft 4.
The captain counts only after the ship, and the crew only after the captain.	先有船，船长才算；先有船长，船员才算。	船があって船長、船長があって船員です。	El capitán cuenta solo después del barco, y la tripulación solo después del capitán.	Der Kapitän zählt erst nach dem Schiff, die Mannschaft erst nach dem Kapitän.
The other two dice are cargo once all three are aboard. Five hands. The higher cargo wins.	三样都齐了，另外两颗才是货。五手。货多的赢。	3つ揃ってから残りの2つが荷物です。5手番。荷物が多い方が勝ちです。	Los otros dos dados son la carga cuando los tres están a bordo. Cinco manos. Gana la carga más alta.	Die anderen beiden sind die Ladung, sobald alle drei an Bord sind. Fünf Runden. Die höhere Ladung gewinnt.
A 5 without a 6 is not a captain yet. Roll it again if you still need the ship.	没有 6 的时候，5 还不是船长。还要船的话，就把它再掷一次。	6がなければ5はまだ船長ではありません。船が要るなら振り直します。	Un 5 sin un 6 aún no es capitán. Tíralo otra vez si todavía te falta el barco.	Eine 5 ohne 6 ist noch kein Kapitän. Würfle sie neu, wenn das Schiff noch fehlt.
You have a ship and a captain. The crew, a 4, is still missing.	已经有船和船长。船员，也就是 4，还没有。	船と船長はあります。船員の4がまだありません。	Tienes barco y capitán. Falta la tripulación, un 4.	Du hast Schiff und Kapitän. Die Mannschaft, eine 4, fehlt noch.
Tap the 6 to hold the ship.	点 6，把船留下。	6をタップして船を残します。	Toca el 6 para guardar el barco.	Tippe die 6 an, um das Schiff zu behalten.
The die showing 6.	显示 6 的骰子。	6の目のサイコロです。	El dado que muestra 6.	Der Würfel mit der 6.
Hold the 5 as well, then roll the other three.	把 5 也留下，然后掷另外三颗。	5も残して、残りの3つを振ります。	Guarda también el 5 y tira los otros tres.	Behalte auch die 5 und würfle die anderen drei.
A 4 on the next roll puts the crew aboard. The other two dice become cargo.	下一掷出 4，船员就上船。另外两颗变成货。	次の一振りで4が出れば船員が乗ります。残りの2つが荷物です。	Un 4 en la siguiente tirada sube a la tripulación. Los otros dos dados pasan a ser la carga.	Eine 4 im nächsten Wurf holt die Mannschaft an Bord. Die anderen beiden Würfel werden die Ladung.
Nine tiles, 1 through 9, × 4 computer strengths. Flip a set that adds up to the roll. One die once every tile still up is 6 or less. The lower score wins.	九块牌子，1 到 9，四种电脑强度。翻下一组等于骰子的牌子。还亮着的都不超过 6 时改掷一颗。分数低的赢。	1から9の札9枚、コンピューターの強さは4段階。出目と同じ合計の札を倒します。残りがすべて6以下ならサイコロは1つ。低い方が勝ちです。	Nueve fichas, del 1 al 9, × 4 fuerzas del ordenador. Voltea un grupo que sume la tirada. Un dado cuando toda ficha en pie sea 6 o menos. Gana la más baja.	Neun Felder, 1 bis 9, × 4 Computerstärken. Klappe eine Gruppe um, die den Wurf ergibt. Ein Würfel, sobald jedes offene Feld 6 oder weniger ist. Die niedrigere Zahl gewinnt.
Each player has one box. Dice come from the game's seed.	每人一盒。骰子由这局的种子决定。	各自一箱です。サイコロはその対局の種から出ます。	Cada jugador tiene una caja. Los dados salen de la semilla de la partida.	Jeder hat eine Kiste. Die Würfel kommen aus dem Samen der Partie.
Six dice to 10,000 × 4 computer strengths. The first bank has to be at least 500. A roll that scores nothing loses the turn. The other player gets one more turn after 10,000.	六颗骰子冲到 10000，四种电脑强度。第一次入账至少 500。没有分的一掷丢掉这一轮。到 10000 后对方再玩一轮。	サイコロ6つで10000、強さは4段階。最初の入金は500点以上。得点のない出目はその手番を失います。10000のあと相手がもう1手番です。	Seis dados hasta 10.000 × 4 fuerzas. La primera anotación es de al menos 500. Una tirada sin puntos pierde el turno. Tras 10.000 el otro tiene un turno más.	Sechs Würfel bis 10.000 × 4 Stärken. Die erste Gutschrift braucht mindestens 500. Ein Wurf ohne Punkte verliert den Zug. Nach 10.000 hat der andere einen Zug mehr.
Each turn's dice come from the game's seed.	每一轮的骰子由这局的种子决定。	各手番のサイコロはその対局の種から出ます。	Los dados de cada turno salen de la semilla de la partida.	Die Würfel jedes Zugs kommen aus dem Samen der Partie.
Five dice, up to three rolls, five hands × 4 computer strengths. A 6, then a 5, then a 4, and the other two dice are cargo. The higher cargo wins.	五颗骰子，最多三次，五手，四种电脑强度。先 6，再 5，再 4，另外两颗是货。货多的赢。	サイコロ5つ、3回まで、5手番、強さは4段階。6、次に5、次に4、残り2つが荷物。荷物が多い方が勝ちです。	Cinco dados, hasta tres tiradas, cinco manos × 4 fuerzas. Un 6, luego un 5, luego un 4, y los otros dos son la carga. Gana la carga más alta.	Fünf Würfel, bis zu drei Würfe, fünf Runden × 4 Stärken. Eine 6, dann eine 5, dann eine 4, die anderen beiden sind die Ladung. Die höhere Ladung gewinnt.
Each hand's dice come from the game's seed.	每一手的骰子由这局的种子决定。	各手番のサイコロはその対局の種から出ます。	Los dados de cada mano salen de la semilla de la partida.	Die Würfel jeder Runde kommen aus dem Samen der Partie.
Full screen	全屏	全画面	Pantalla completa	Vollbild
Exit full screen	退出全屏	全画面を終了	Salir de pantalla completa	Vollbild beenden
Tap a stone to see its liberties.	点一颗棋子，看它的气。	石をタップすると、その呼吸点が見えます。	Toca una piedra para ver sus libertades.	Tippe einen Stein, um seine Freiheiten zu sehen.
Behind	己方身后	自陣の後ろ	Detrás	Dahinter
Corner	角落	角	Esquina	Ecke
Top	俯视	真上	Desde arriba	Von oben
Free camera	自由镜头	自由カメラ	Cámara libre	Freie Kamera
View details	视角数值	視点の数値	Datos de la vista	Ansichtswerte
Save view	保存视角	視点を保存	Guardar vista	Ansicht speichern
Replace {0}	替换{0}	{0}を置き換え	Reemplazar {0}	{0} ersetzen
Reset views	恢复预设视角	視点を初期化	Restablecer vistas	Ansichten zurücksetzen
Remove view	删除视角	視点を削除	Quitar vista	Ansicht entfernen
yaw {0}° · pitch {1}° · distance {2} · zoom {3} · pan {4}, {5}	偏航 {0}° · 俯仰 {1}° · 距离 {2} · 缩放 {3} · 平移 {4}, {5}	ヨー {0}° · ピッチ {1}° · 距離 {2} · ズーム {3} · パン {4}, {5}	rumbo {0}° · inclinación {1}° · distancia {2} · zoom {3} · desplazamiento {4}, {5}	Gier {0}° · Neigung {1}° · Abstand {2} · Zoom {3} · Verschiebung {4}, {5}
Drag to look around. Pinch to zoom. Slide with two fingers.	拖动环视。双指缩放。双指滑动。	ドラッグで見回し、ピンチで拡大し、2本の指でずらします。	Arrastra para mirar. Pellizca para ampliar. Desliza con dos dedos.	Ziehen zum Umschauen. Mit zwei Fingern zoomen. Mit zwei Fingern verschieben.
View {0}	视角 {0}	視点 {0}	Vista {0}	Ansicht {0}
Looks one move ahead	往前看一步	1手先を読む	Mira un movimiento adelante	Schaut einen Zug voraus
You (Sente)	你（先手）	あなた（先手）	Tú (Sente)	Du (Sente)
Computer (Gote)	电脑（后手）	コンピューター（後手）	Ordenador (Gote)	Computer (Gote)
Your captures	你的持驹	あなたの持ち駒	Tus capturas	Deine geschlagenen Steine
Computer's captures	电脑的持驹	コンピューターの持ち駒	Capturas del ordenador	Geschlagene Steine des Computers
Promote?	升变？	成りますか？	¿Promocionar?	Umwandeln?
This piece can promote, or stay as it is.	这枚棋子可以升变，也可以保持原样。	この駒は成ることも、そのまま指すこともできます。	Esta pieza puede promocionar o quedarse como está.	Diese Figur kann umwandeln oder bleiben, wie sie ist.
Promote	升变	成る	Promocionar	Umwandeln
Don't promote	不升变	成らない	No promocionar	Nicht umwandeln
Drop {0}	放下{0}	{0}を打つ	Soltar {0}	{0} einsetzen
pawn	步兵	歩	peón	Bauer
lance	香车	香	lanza	Lanze
silver	银将	銀	plata	Silber
gold	金将	金	oro	Gold
bishop	角行	角	alfil	Läufer
rook	飞车	飛	torre	Turm
king	王	王	rey	König
promoted pawn	步兵升变	と金	peón promocionado	Beförderter Bauer
promoted lance	香车升变	成香	lanza promocionada	Beförderte Lanze
promoted knight	桂马升变	成桂	caballo promocionado	Beförderter Springer
promoted silver	银将升变	成銀	plata promocionada	Befördertes Silber
promoted bishop	马	馬	alfil promocionado	Pferd
promoted rook	龙	龍	torre promocionada	Drache
Shogi. You play Sente from the bottom and move first.	将棋。你执先手，从下方先走。	将棋。あなたは先手で、下側から先に指します。	Shogi. Juegas con Sente desde abajo y mueves primero.	Shogi. Du spielst Sente von unten und ziehst zuerst.
Tap one of your pieces, then a highlighted square. Pawns move and capture one square forward.	点自己的棋子，再点高亮的格子。步兵向前一格，吃子也是向前。	自分の駒をタップし、次に光ったマスをタップ。歩は前に1マス進み、前の駒を取ります。	Toca una pieza tuya y luego una casilla resaltada. Los peones avanzan y capturan una casilla hacia adelante.	Tippe eine eigene Figur, dann ein markiertes Feld. Bauern ziehen und schlagen ein Feld vorwärts.
In the far three rows a piece may promote. A pawn, lance, or knight that could not move again must promote.	在对方的三行内可以升变。步兵、香车、桂马如果再也不能走，就必须升变。	相手陣の3段では成れます。歩、香、桂がもう動けないときは成らなければなりません。	En las tres filas lejanas una pieza puede promocionar. Un peón, una lanza o un caballo que no pudiera volver a moverse debe promocionar.	In den drei entfernten Reihen darf eine Figur umwandeln. Bauer, Lanze oder Springer müssen umwandeln, wenn sie sonst nicht mehr ziehen könnten.
Captured pieces go into your hand. Tap one, then an empty square, to drop it.	吃到的棋子进入持驹。点一枚，再点空格，就能打入。	取った駒は持ち駒になります。タップしてから空きマスをタップすると打てます。	Las piezas capturadas van a tu mano. Toca una y luego una casilla vacía para soltarla.	Geschlagene Figuren kommen auf die Hand. Tippe eine an und dann ein leeres Feld, um sie einzusetzen.
A side with no legal move loses. The same position four times is a draw, unless one side gave check on every move of that repeat, in which case that side loses.	无合法着法的一方输。同一局面出现四次算和，除非有一方在重复的每一步都在将军，那样那一方输。	合法手がなくなった側の負けです。同じ局面が4回なら引き分けです。ただし繰り返しの各手で一方だけが王手を続けたときは、その側の負けです。	Quien no tiene ninguna jugada legal pierde. La misma posición cuatro veces es tablas, salvo que un lado diera jaque en cada jugada de la repetición: entonces ese lado pierde.	Wer keinen legalen Zug hat, verliert. Dieselbe Stellung viermal ist Remis, außer eine Seite gab in jedem Zug der Wiederholung Schach: dann verliert diese Seite.
A dropped pawn cannot share a file with one of your unpromoted pawns.	打入的步兵不能和自己未升变的步兵同一列。	打つ歩は、自分の成っていない歩と同じ筋には置けません。	Un peón soltado no puede compartir columna con uno de tus peones sin promocionar.	Ein eingesetzter Bauer darf nicht auf einer Linie mit einem deiner nicht umgewandelten Bauern stehen.
A pawn drop that checkmates is not allowed.	用步兵打入直接将死是不允许的。	歩を打って詰めにする手はできません。	No se puede dar jaque mate soltando un peón.	Ein Bauernabwurf, der matt setzt, ist nicht erlaubt.
You play from the bottom. Tap your pawn.	你从下方走。点你的步兵。	下側から指します。歩をタップ。	Juegas desde abajo. Toca tu peón.	Du spielst von unten. Tippe deinen Bauern.
The pawn.	步兵。	歩。	El peón.	Der Bauer.
It moves one square forward. Tap that square.	它向前走一格。点那一格。	前に1マス進みます。そのマスをタップ。	Avanza una casilla. Toca esa casilla.	Er zieht ein Feld vor. Tippe das Feld.
Pieces taken from the board can be dropped back onto an empty square.	从棋盘上吃到的棋子可以再打到空格上。	盤上から取った駒は、空きマスに打てます。	Las piezas tomadas del tablero se pueden soltar en una casilla vacía.	Vom Brett geschlagene Figuren können auf ein leeres Feld gesetzt werden.
Shogi on a 9×9 board. Files run 9 to 1 from left to right, and ranks run 1 to 9 from the top. You play Sente from the bottom and move first. Pieces point the way they move. Pawns and lances go forward, knights jump two forward and one to the side, silvers and golds have their usual steps, and the rook and bishop slide. In the far three rows a piece may promote, and a pawn, lance, or knight must promote when it could not move again. Promoted characters are red. Captured pieces return to your hand unpromoted and can be dropped on an empty square. A pawn cannot be dropped on a file that already has one of your unpromoted pawns, or to give checkmate. A side with no legal move loses. The same position four times is a draw, unless one side gave check on every move of that repeat, in which case that side loses. When both kings are in the enemy camp, Count the pieces. A rook or bishop counts 5, every other piece except the king counts 1, in the camp and in hand. Under 24, the side that counts loses. If only the other side is under 24, that side loses. If both have 24 or more, the game is a draw.	9×9 将棋。从左到右是 9 路到 1 路，从上到下是 1 段到 9 段。你执先手，从下方先走。棋子尖头朝向它走的方向。步兵和香车向前，桂马向前跳两格再偏一格，银将和金将按各自走法，飞车和角行直线滑动。在对方三行内可以升变，步兵、香车、桂马不能再走时必须升变。升变后的字是红色。吃到的棋子以未升变的身份进入持驹，可以打到空格。步兵不能打在已有自己未升变步兵的列上，也不能打入直接将死。无合法着法的一方输。同一局面四次算和，除非有一方在重复的每一步都在将军，那样那一方输。双方的王都进入敌阵时，可以数棋子。飞车和角行算 5，除王以外的其他棋子算 1，阵内和持驹都算。不足 24，提出数子的一方输。如果只有对方不足 24，对方输。双方都有 24 或以上，则和棋。	9×9の将棋。左から右へ9筋から1筋、上から下へ1段から9段です。あなたは先手で、下側から先に指します。駒は進む方向を向きます。歩と香は前へ、桂は前に2つ跳んで横へ1つ、銀と金はそれぞれの動き、飛と角は滑ります。相手陣の3段では成れ、歩・香・桂はもう動けないとき成らなければなりません。成った字は赤です。取った駒は成らずに持ち駒になり、空きマスに打てます。歩は、自分の成っていない歩がある筋には打てず、打ち歩詰めもできません。合法手がなくなった側の負けです。同じ局面が4回なら引き分けですが、繰り返しの各手で一方だけが王手を続けたときは、その側の負けです。両方の王が敵陣に入ったら、駒を数えます。飛と角は5点、王以外の他の駒は1点で、陣内と持ち駒を数えます。24点未満なら宣言した側の負けです。相手だけが24点未満なら相手の負けです。両方24点以上なら引き分けです。	Shogi en un tablero de 9×9. Las columnas van del 9 al 1 de izquierda a derecha, y las filas del 1 al 9 desde arriba. Juegas con Sente desde abajo y mueves primero. Las piezas apuntan hacia donde se mueven. Los peones y las lanzas avanzan, los caballos saltan dos adelante y uno al lado, la plata y el oro tienen sus pasos, y la torre y el alfil se deslizan. En las tres filas lejanas una pieza puede promocionar, y un peón, una lanza o un caballo debe hacerlo si no pudiera volver a moverse. Los caracteres promocionados van en rojo. Las capturas vuelven a la mano sin promocionar y se sueltan en una casilla vacía. Un peón no se suelta en una columna que ya tenga uno de tus peones sin promocionar, ni para dar jaque mate. Quien no tiene jugada legal pierde. La misma posición cuatro veces es tablas, salvo que un lado diera jaque en cada jugada de la repetición: entonces ese lado pierde. Cuando ambos reyes están en el campo enemigo, Cuenta las piezas. Una torre o un alfil vale 5, cualquier otra pieza salvo el rey vale 1, en el campo y en la mano. Con menos de 24, pierde quien cuenta. Si solo el otro tiene menos de 24, pierde ese lado. Si ambos tienen 24 o más, son tablas.	Shogi auf 9×9. Die Linien laufen von links nach rechts von 9 bis 1, die Reihen von oben nach unten von 1 bis 9. Du spielst Sente von unten und ziehst zuerst. Die Figuren zeigen in ihre Zugrichtung. Bauern und Lanzen ziehen vor, Springer springen zwei vor und eins zur Seite, Silber und Gold haben ihre Schritte, Turm und Läufer gleiten. In den drei entfernten Reihen darf eine Figur umwandeln, und Bauer, Lanze oder Springer müssen es, wenn sie sonst nicht mehr ziehen könnten. Umgewandelte Zeichen sind rot. Geschlagene Figuren kommen unbearbeitet auf die Hand und werden auf ein leeres Feld gesetzt. Ein Bauer darf nicht auf eine Linie mit einem deiner nicht umgewandelten Bauern und nicht zum Mattabwurf gesetzt werden. Wer keinen legalen Zug hat, verliert. Dieselbe Stellung viermal ist Remis, außer eine Seite gab in jedem Zug der Wiederholung Schach: dann verliert diese Seite. Wenn beide Könige im gegnerischen Lager stehen, zählt man die Figuren. Turm und Läufer zählen 5, jede andere Figur außer dem König 1, im Lager und auf der Hand. Unter 24 verliert, wer zählt. Hat nur die andere Seite unter 24, verliert sie. Haben beide 24 oder mehr, ist die Partie Remis.
Count the pieces	数棋子	駒を数える	Contar las piezas	Figuren zählen
Hex	六贯棋	ヘックス	Hex	Hex
Connect opposite sides	连起对边	向かい合う辺をつなぐ	Une los lados opuestos	Verbinde die gegenüberliegenden Seiten
11×11, 9×9 or 7×7 × 4 computer strengths, plus pass-and-play on each size. Red joins top and bottom. Blue joins left and right. The second player may swap the opening stone.	11×11、9×9 或 7×7，每种 4 档电脑强度，另有同尺寸的双人轮流传机。红方连接上下两边，蓝方连接左右两边。后手可以交换开局的那枚棋子。	11×11、9×9、7×7。それぞれコンピューターの強さ4段階と、同じ大きさの交互プレイ。赤は上下、青は左右をつなぐ。後手は初手の石をスワップできる。	11×11, 9×9 o 7×7 × 4 niveles del ordenador, y pasar el teléfono en cada tamaño. Rojo une arriba y abajo. Azul une izquierda y derecha. El segundo jugador puede cambiar la primera ficha.	11×11, 9×9 oder 7×7 × 4 Computerstärken, plus abwechselndes Spiel auf jeder Größe. Rot verbindet oben und unten. Blau verbindet links und rechts. Der zweite Spieler darf den ersten Stein tauschen.
{0}×{0} Easy	{0}×{0} 简单	{0}×{0} かんたん	{0}×{0} Fácil	{0}×{0} Leicht
{0}×{0} Medium	{0}×{0} 中等	{0}×{0} ふつう	{0}×{0} Media	{0}×{0} Mittel
{0}×{0} Hard	{0}×{0} 困难	{0}×{0} むずかしい	{0}×{0} Difícil	{0}×{0} Schwer
{0}×{0} Expert	{0}×{0} 专家	{0}×{0} エキスパート	{0}×{0} Experto	{0}×{0} Experte
{0}×{0} two players	{0}×{0} 双人	{0}×{0} 交互	{0}×{0} dos jugadores	{0}×{0} zwei Spieler
Places near the stones, and sometimes misses a connection	下在已有棋子附近，有时会漏掉连接	石の近くに置き、つながりを見逃すことがある	Coloca cerca de las fichas y a veces no ve una conexión	Setzt nahe bei den Steinen und übersieht manchmal eine Verbindung
Takes a win, blocks yours, and swaps a strong opening	会完成连接、挡住你的连接，并交换强势的开局棋	勝ちを取り、相手の勝ちを止め、強い初手はスワップする	Completa una conexión, bloquea la tuya y cambia una apertura fuerte	Nimmt einen Gewinn, blockt deinen und tauscht eine starke Eröffnung
Searches further for the shorter connection	更深入地搜索较短的连接	より短いつながりをさらに読む	Busca más a fondo la conexión más corta	Sucht weiter nach der kürzeren Verbindung
Pass the phone. Red moves first and joins top to bottom.	把手机传给对方。红方先下，连接上下两边。	スマホを渡して交代する。赤が先手で、上下をつなぐ。	Pásate el teléfono. Rojo empieza y une arriba con abajo.	Gebt das Telefon weiter. Rot beginnt und verbindet oben mit unten.
Take turns placing one stone on an empty hex. Stones never move or get captured. Red joins the top and bottom edges. Blue joins the left and right. Six neighbors touch; a square diagonal does not connect. After the first stone, the second player may swap: the stone flips across the long diagonal and becomes theirs. You play red against the computer and move first. Or pass the phone for two players. A full board always has a winner.	轮流在空的六边形上放一枚棋子。棋子不会移动，也不会被吃掉。红方连接上下两边，蓝方连接左右两边。相邻的是六个共边的邻居，方格的对角线不算相连。第一枚棋子落下后，后手可以交换：那枚棋子沿长对角线翻到对称位置，并变成后手的颜色。对电脑时你执红先行。也可以传手机双人对下。棋盘放满时一定有一方获胜。	空きの六角形に石を1つずつ置く。石は動かず、取られることもない。赤は上下の辺、青は左右の辺をつなぐ。隣り合うのは辺を共有する6方向で、斜めのマスはつながらない。初手のあと、後手はスワップできる。石は長い対角線の向かいへ移り、後手の色になる。コンピューター戦では赤の先手。スマホを渡して二人でも遊べる。盤が埋まれば必ず勝者が決まる。	Por turnos, coloca una ficha en un hexágono vacío. Las fichas no se mueven ni se capturan. Rojo une los lados de arriba y de abajo. Azul une la izquierda y la derecha. Se tocan seis vecinos; una diagonal de cuadrado no conecta. Tras la primera ficha, el segundo jugador puede cambiar: la ficha salta por la diagonal larga y pasa a ser suya. Contra el ordenador juegas con rojo y empiezas. O pásate el teléfono para dos jugadores. Un tablero lleno siempre tiene un ganador.	Legt abwechselnd einen Stein auf ein leeres Sechseck. Steine ziehen nicht und werden nicht geschlagen. Rot verbindet oben und unten. Blau verbindet links und rechts. Sechs Nachbarn berühren sich; eine Quadratdiagonale verbindet nicht. Nach dem ersten Stein darf der zweite Spieler tauschen: der Stein springt über die lange Diagonale und wird seiner. Gegen den Computer spielst du Rot und beginnst. Oder gebt das Telefon für zwei Spieler weiter. Ein volles Brett hat immer einen Gewinner.
red {0}	红 {0}	赤{0}	rojo {0}	rot {0}
blue {0}	蓝 {0}	青{0}	azul {0}	blau {0}
Red {0}	红方 {0}	赤 {0}	Rojo {0}	Rot {0}
Blue {0}	蓝方 {0}	青 {0}	Azul {0}	Blau {0}
Red (you) {0}	红方（你）{0}	赤（あなた）{0}	Rojo (tú) {0}	Rot (du) {0}
Red connects	红方连通	赤がつながった	Rojo conecta	Rot verbindet
Blue connects	蓝方连通	青がつながった	Azul conecta	Blau verbindet
Red's turn	轮到红方	赤の番	Turno de rojo	Rot ist dran
Blue's turn	轮到蓝方	青の番	Turno de azul	Blau ist dran
Swapped	已交换	スワップ済み	Cambiada	Getauscht
Swap	交换	スワップ	Cambiar	Tauschen
Swap the opening stone	交换开局棋子	初手の石をスワップ	Cambiar la primera ficha	Den ersten Stein tauschen
Or tap an empty hex. Swap flips that stone across the long diagonal and turns it blue.	也可以点一个空六边形。交换会把那枚棋子沿长对角线翻过去，并变成蓝色。	空いた六角形をタップしてもよい。スワップすると、その石は長い対角線の向かいへ移り、青になる。	O toca un hexágono vacío. El cambio lleva esa ficha al otro lado de la diagonal larga y la vuelve azul.	Oder tippe ein leeres Sechseck. Der Tausch wirft den Stein über die lange Diagonale und färbt ihn blau.
Tap the nearest empty hex.	点最近的空六边形。	いちばん近い空いた六角形をタップ。	Toca el hexágono vacío más cercano.	Tippe das nächste leere Sechseck.
Red joins the top and bottom.	红方连上了上下两边。	赤が上下をつないだ。	Rojo une arriba y abajo.	Rot verbindet oben und unten.
Blue joins the left and right.	蓝方连上了左右两边。	青が左右をつないだ。	Azul une izquierda y derecha.	Blau verbindet links und rechts.
Hex board	六贯棋棋盘	ヘックスの盤	Tablero de Hex	Hex-Brett
{0} by {0}	{0}×{0}	{0}×{0}	{0} por {0}	{0} mal {0}
Red to move	轮到红方下	赤の手番	Mueve rojo	Rot am Zug
Blue to move	轮到蓝方下	青の手番	Mueve azul	Blau am Zug
{0} red	红子 {0}	赤{0}	{0} rojas	{0} rot
{0} blue	蓝子 {0}	青{0}	{0} azules	{0} blau
Swap is available	可以交换	スワップできる	Se puede cambiar	Tauschen ist möglich
Join your two opposite sides.	把你的两条对边连起来。	向かい合う2辺をつなごう。	Une tus dos lados opuestos.	Verbinde deine beiden gegenüberliegenden Seiten.
Take turns placing one stone on an empty hex. Stones never move or get captured.	轮流在空的六边形上放一枚棋子。棋子不会移动，也不会被吃掉。	空きの六角形に石を1つずつ置く。石は動かず、取られることもない。	Por turnos, coloca una ficha en un hexágono vacío. Las fichas no se mueven ni se capturan.	Legt abwechselnd einen Stein auf ein leeres Sechseck. Steine ziehen nicht und werden nicht geschlagen.
Red joins the top and bottom edges. Blue joins the left and right. The edges are tinted to match.	红方连接上下两边，蓝方连接左右两边。边缘的颜色与所属一方一致。	赤は上下、青は左右の辺をつなぐ。辺はその持ち主の色に染まっている。	Rojo une los lados de arriba y de abajo. Azul une la izquierda y la derecha. Los bordes van del color de su dueño.	Rot verbindet die oberen und unteren Kanten. Blau verbindet links und rechts. Die Kanten haben die Farbe ihres Besitzers.
Two hexes touch when they share a side. Each hex has six neighbors, so a square diagonal does not connect.	两个六边形共边才算相邻。每个格子有六个邻居，方格的对角线不算相连。	辺を共有する六角形だけが隣り合う。各マスの隣は6つで、斜めのマスはつながらない。	Dos hexágonos se tocan si comparten un lado. Cada hexágono tiene seis vecinos, así que una diagonal de cuadrado no conecta.	Zwei Sechsecke berühren sich, wenn sie eine Seite teilen. Jedes hat sechs Nachbarn, eine Quadratdiagonale verbindet also nicht.
After the first stone, the second player may swap. The stone flips across the long diagonal and becomes theirs.	第一枚棋子落下后，后手可以交换。棋子沿长对角线翻到对称位置，并变成后手的棋子。	初手のあと、後手はスワップできる。石は長い対角線の向かいへ移り、後手のものになる。	Tras la primera ficha, el segundo jugador puede cambiar. La ficha salta por la diagonal larga y pasa a ser suya.	Nach dem ersten Stein darf der zweite Spieler tauschen. Der Stein springt über die lange Diagonale und gehört dann ihm.
You play red against the computer and move first, or pass the phone for two players. A full board always has a winner.	对电脑时你执红先行，也可以传手机双人对下。棋盘放满时一定有一方获胜。	コンピューター戦では赤の先手。スマホを渡せば二人でも遊べる。盤が埋まれば必ず勝者が決まる。	Contra el ordenador juegas con rojo y empiezas, o pásate el teléfono para dos jugadores. Un tablero lleno siempre tiene un ganador.	Gegen den Computer spielst du Rot und beginnst, oder ihr gebt das Telefon für zwei Spieler weiter. Ein volles Brett hat immer einen Gewinner.
Swap when the first stone sits near the middle. A corner stone is usually worth leaving.	第一枚棋子靠近中间时再交换。角落里的棋子通常不必交换。	初手の石が中央近くならスワップする。隅の石はそのままがよいことが多い。	Cambia si la primera ficha está cerca del centro. Una ficha en la esquina suele dejarse.	Tausche, wenn der erste Stein nahe der Mitte liegt. Ein Eckstein bleibt meist liegen.
Two of your stones with a single gap between them are hard to cut off.	你的两枚棋子之间只隔一格时，很难被切断。	自分の石2つのあいだに空きが1つだけある形は、断ち切られにくい。	Dos fichas tuyas con un solo hueco entre ellas son difíciles de cortar.	Zwei deiner Steine mit nur einer Lücke dazwischen lassen sich schwer abschneiden.
Red owns the top and bottom. Blue owns the left and right. Tap a hex to place a stone.	红方拥有上下两边，蓝方拥有左右两边。点一个六边形放下棋子。	赤は上下、青は左右の辺を持つ。六角形をタップして石を置く。	Rojo tiene arriba y abajo. Azul tiene izquierda y derecha. Toca un hexágono para colocar una ficha.	Rot gehört oben und unten. Blau gehört links und rechts. Tippe ein Sechseck, um einen Stein zu setzen.
Tap the circled hex.	点有圆圈的六边形。	丸のついた六角形をタップ。	Toca el hexágono marcado.	Tippe das eingekreiste Sechseck.
Red's stone is down. It stays there unless Blue swaps.	红方的棋子已经落下。除非蓝方交换，它会留在那里。	赤の石が置かれた。青がスワップしない限り、そこにある。	La ficha roja ya está. Se queda ahí, salvo que Azul cambie.	Rots Stein liegt. Er bleibt, außer Blau tauscht.
The circled hex.	有圆圈的六边形。	丸のついた六角形。	El hexágono marcado.	Das eingekreiste Sechseck.
Blue may take that stone instead of placing. Swap flips it across the long diagonal.	蓝方可以拿走那枚棋子，而不必新放一枚。交换会把它沿长对角线翻过去。	青はその石をもらってもよい。スワップすると、長い対角線の向かいへ移る。	Azul puede quedarse esa ficha en vez de colocar otra. El cambio la lleva al otro lado de la diagonal larga.	Blau darf diesen Stein nehmen, statt einen neuen zu setzen. Der Tausch wirft ihn über die lange Diagonale.
The stone moved to the mirror hex and turned blue.	棋子移到了对称的六边形，并变成了蓝色。	石は向かいの六角形へ移り、青になった。	La ficha pasó al hexágono simétrico y se volvió azul.	Der Stein liegt jetzt auf dem gespiegelten Sechseck und ist blau.
Red needs one more stone to join top and bottom. Tap the gap.	红方再放一枚就能连上上下两边。点那个空位。	赤はあと1石で上下がつながる。空きをタップ。	A Rojo le falta una ficha para unir arriba y abajo. Toca el hueco.	Rot braucht noch einen Stein, um oben und unten zu verbinden. Tippe die Lücke.
Red's chain meets both edges. Red wins!	红方的棋链碰到了两边。红方获胜！	赤の列が両方の辺に届いた。赤の勝ち！	La cadena roja toca los dos lados. ¡Gana rojo!	Rots Kette trifft beide Kanten. Rot gewinnt!
The empty hex between the red stones.	红子之间的那个空六边形。	赤の石のあいだの空いた六角形。	El hexágono vacío entre las fichas rojas.	Das leere Sechseck zwischen den roten Steinen.
Rock Paper Scissors	石头剪刀布	じゃんけん	Piedra, papel o tijera	Schere, Stein, Papier
Capture on hexes	在六边形上吃子	六角マスで取る	Captura en hexágonos	Schlagen auf Sechsecken
Capture with rock, paper, and scissors on a hex board.	在六边形棋盘上用石头、布和剪刀吃子。	六角盤で石・紙・はさみを取ろう。	Captura con piedra, papel y tijera en un tablero hexagonal.	Schlage mit Stein, Papier und Schere auf einem Sechseckbrett.
Prefers a safe capture, and sometimes steps next to a type that beats it	优先安全地吃子，有时会走到能赢过自己的类型旁边	安全に取れる手を優先し、ときどき自分に勝つ種類の隣へ進む	Prefiere una captura segura y a veces se pone junto a un tipo que le gana	Nimmt lieber einen sicheren Schlag und zieht manchmal neben einen Typ, der ihn schlägt
Takes safe captures and looks a move ahead	会安全地吃子，并向前看一步	安全に取って、1手先を読む	Captura con seguridad y mira un movimiento por delante	Schlägt sicher und schaut einen Zug voraus
Looks several moves ahead and keeps its pieces safe	向前多看几步，并保住自己的棋子	数手先を読み、自分の駒を守る	Mira varias jugadas por delante y mantiene sus piezas a salvo	Schaut mehrere Züge voraus und hält die eigenen Figuren sicher
Searches deeper for a capture that stays safe	更深入地寻找吃完仍然安全的一手	取ったあと安全な手を、さらに深く読む	Busca más a fondo una captura que sigue siendo segura	Sucht tiefer nach einem Schlag, der sicher bleibt
Pass the phone. Red moves first from the bottom.	把手机传给对方。红方从下方先走。	スマホを渡して交代する。赤が下から先手。	Pásate el teléfono. Rojo empieza desde abajo.	Gebt das Telefon weiter. Rot beginnt von unten.
Each side starts with rock, paper, and scissors on a shared hex board. On your turn, move one piece exactly one hex in any of the six directions. Land on an empty hex, or on an adjacent enemy your type beats: paper beats rock, rock beats scissors, and scissors beats paper. You cannot jump, and you cannot land on your own piece, the same type, or a type that beats you. Landing captures. Win by capturing every enemy piece, or by leaving the opponent with no legal move. You play red from the bottom against the computer and move first. Or pass the phone for two players.	双方在同一张六边形棋盘上，各自以同样的石头、布、剪刀开局。轮到你时，把一枚棋子沿六个方向之一走正好一格。可以走到空格，或走到相邻、且你的类型能赢过的敌子上：布赢石头，石头赢剪刀，剪刀赢布。不能跳，也不能走到自己的棋子、相同类型、或会赢过你的类型上。落子即吃。吃光对方所有棋子，或让对方没有合法走法，即获胜。对电脑时你执红，从下方先走。也可以传手机双人对下。	双方が同じ六角盤で、石・紙・はさみを同じ数ずつ持って始まる。手番では自分の駒を、6方向のどれかへちょうど1マス動かす。空きマスか、自分の種類が勝つ隣の相手の駒へ進める。紙は石、石ははさみ、はさみは紙に勝つ。飛び越えはできず、自分の駒、同じ種類、自分に勝つ種類の上には止まれない。止まったマスの駒を取る。相手の駒を全部取るか、相手に合法手をなくすと勝ち。コンピューター戦では赤で、下から先手。スマホを渡して二人でも遊べる。	Cada bando empieza con piedra, papel y tijera en un tablero hexagonal compartido. En tu turno, mueve una pieza exactamente un hexágono en cualquiera de las seis direcciones. Cae en un hexágono vacío, o en un enemigo adyacente al que tu tipo gana: el papel gana a la piedra, la piedra a la tijera y la tijera al papel. No se puede saltar, ni caer sobre tu propia pieza, el mismo tipo o un tipo que te gane. Al caer, capturas. Ganas si capturas todas las piezas enemigas o si dejas al rival sin jugada legal. Contra el ordenador juegas con rojo desde abajo y empiezas. O pásate el teléfono para dos jugadores.	Jede Seite beginnt mit Stein, Papier und Schere auf einem gemeinsamen Sechseckbrett. In deinem Zug bewegst du eine Figur genau ein Sechseck in eine der sechs Richtungen. Du landest auf einem leeren Feld oder auf einem benachbarten Gegner, den dein Typ schlägt: Papier schlägt Stein, Stein schlägt Schere, Schere schlägt Papier. Springen ist verboten, und du darfst nicht auf der eigenen Figur, dem gleichen Typ oder einem Typ landen, der dich schlägt. Landen schlägt. Wer alle gegnerischen Figuren schlägt oder dem Gegner keinen legalen Zug lässt, gewinnt. Gegen den Computer spielst du Rot von unten und beginnst. Oder gebt das Telefon für zwei Spieler weiter.
Red: {0} rock, {1} paper, {2} scissors	红方：石头 {0}，布 {1}，剪刀 {2}	赤：石{0}、紙{1}、はさみ{2}	Rojo: {0} piedra, {1} papel, {2} tijera	Rot: {0} Stein, {1} Papier, {2} Schere
Red (you): {0} rock, {1} paper, {2} scissors	红方（你）：石头 {0}，布 {1}，剪刀 {2}	赤（あなた）：石{0}、紙{1}、はさみ{2}	Rojo (tú): {0} piedra, {1} papel, {2} tijera	Rot (du): {0} Stein, {1} Papier, {2} Schere
Blue: {0} rock, {1} paper, {2} scissors	蓝方：石头 {0}，布 {1}，剪刀 {2}	青：石{0}、紙{1}、はさみ{2}	Azul: {0} piedra, {1} papel, {2} tijera	Blau: {0} Stein, {1} Papier, {2} Schere
Red took {0} rock, {1} paper, {2} scissors	红方吃了石头 {0}、布 {1}、剪刀 {2}	赤が取った石{0}、紙{1}、はさみ{2}	Rojo tomó {0} piedra, {1} papel, {2} tijera	Rot schlug {0} Stein, {1} Papier, {2} Schere
Blue took {0} rock, {1} paper, {2} scissors	蓝方吃了石头 {0}、布 {1}、剪刀 {2}	青が取った石{0}、紙{1}、はさみ{2}	Azul tomó {0} piedra, {1} papel, {2} tijera	Blau schlug {0} Stein, {1} Papier, {2} Schere
Red has {0} rock, {1} paper, {2} scissors	红方有石头 {0}、布 {1}、剪刀 {2}	赤は石{0}、紙{1}、はさみ{2}	Rojo tiene {0} piedra, {1} papel, {2} tijera	Rot hat {0} Stein, {1} Papier, {2} Schere
Blue has {0} rock, {1} paper, {2} scissors	蓝方有石头 {0}、布 {1}、剪刀 {2}	青は石{0}、紙{1}、はさみ{2}	Azul tiene {0} piedra, {1} papel, {2} tijera	Blau hat {0} Stein, {1} Papier, {2} Schere
Red wins	红方获胜	赤の勝ち	Gana rojo	Rot gewinnt
Blue wins	蓝方获胜	青の勝ち	Gana azul	Blau gewinnt
Every blue piece was captured.	蓝方的棋子都被吃掉了。	青の駒は全部取られた。	Todas las piezas azules fueron capturadas.	Jede blaue Figur wurde geschlagen.
Every red piece was captured.	红方的棋子都被吃掉了。	赤の駒は全部取られた。	Todas las piezas rojas fueron capturadas.	Jede rote Figur wurde geschlagen.
Blue has no legal move.	蓝方没有合法走法。	青に合法手がない。	Azul no tiene jugada legal.	Blau hat keinen legalen Zug.
Red has no legal move.	红方没有合法走法。	赤に合法手がない。	Rojo no tiene jugada legal.	Rot hat keinen legalen Zug.
Rock selected. Tap a highlighted hex.	已选中石头。点一个高亮的六边形。	石を選択中。光っている六角形をタップ。	Piedra seleccionada. Toca un hexágono resaltado.	Stein gewählt. Tippe ein markiertes Sechseck.
Paper selected. Tap a highlighted hex.	已选中布。点一个高亮的六边形。	紙を選択中。光っている六角形をタップ。	Papel seleccionado. Toca un hexágono resaltado.	Papier gewählt. Tippe ein markiertes Sechseck.
Scissors selected. Tap a highlighted hex.	已选中剪刀。点一个高亮的六边形。	はさみを選択中。光っている六角形をタップ。	Tijera seleccionada. Toca un hexágono resaltado.	Schere gewählt. Tippe ein markiertes Sechseck.
Paper beats rock, rock beats scissors, and scissors beats paper.	布赢石头，石头赢剪刀，剪刀赢布。	紙は石に勝ち、石ははさみに勝ち、はさみは紙に勝つ。	El papel gana a la piedra, la piedra a la tijera y la tijera al papel.	Papier schlägt Stein, Stein schlägt Schere und Schere schlägt Papier.
Rock Paper Scissors board	石头剪刀布棋盘	じゃんけんの盤	Tablero de piedra, papel o tijera	Schere-Stein-Papier-Brett
5×5 or 7×7 × 4 computer strengths, plus pass-and-play on each size. Each side starts with the same mix of rock, paper and scissors. Move one hex onto an empty cell or an enemy you beat. Landing captures. Take every enemy piece, or leave no legal move, to win.	5×5 或 7×7，每种 4 档电脑强度，另有同尺寸的双人轮流传机。双方以同样的石头、布、剪刀开局。走一格到空格，或到你能赢过的敌子上。落子即吃。吃光对方，或让对方没有合法走法，即获胜。	5×5か7×7。それぞれコンピューターの強さ4段階と、同じ大きさの交互プレイ。双方は石・紙・はさみを同じ数ずつ持つ。1マス進めて、空きか自分に勝てる相手の上へ。止まると取る。相手を全部取るか、合法手をなくすと勝ち。	5×5 o 7×7 × 4 niveles del ordenador, y pasar el teléfono en cada tamaño. Cada bando empieza con la misma mezcla de piedra, papel y tijera. Mueve un hexágono a una casilla vacía o a un enemigo al que ganas. Al caer, capturas. Ganas si tomas todas las piezas enemigas o si no queda jugada legal.	5×5 oder 7×7 × 4 Computerstärken, plus abwechselndes Spiel auf jeder Größe. Jede Seite beginnt mit derselben Mischung aus Stein, Papier und Schere. Ziehe ein Sechseck auf ein leeres Feld oder auf einen Gegner, den du schlägst. Landen schlägt. Nimm jede gegnerische Figur, oder lass keinen legalen Zug, um zu gewinnen.
1 opening board per size; matches differ by play.	每种尺寸 1 个开局棋盘；对局因走法而不同。	大きさごとに開始盤が1つ。対局は指し方しだいで変わる。	1 tablero inicial por tamaño; las partidas cambian según el juego.	1 Startbrett je Größe; die Partien unterscheiden sich durchs Spiel.
Each side starts with the same mix of rock, paper, and scissors on opposite sides of the hex board.	双方在六边形棋盘的对边，以同样的石头、布、剪刀开局。	六角盤の向かい合う側に、石・紙・はさみを同じ数ずつ置く。	Cada bando empieza con la misma mezcla de piedra, papel y tijera en lados opuestos del tablero hexagonal.	Jede Seite beginnt mit derselben Mischung aus Stein, Papier und Schere auf gegenüberliegenden Seiten des Sechseckbretts.
On your turn, move one of your pieces one hex in any of the six directions.	轮到你时，把你的一枚棋子沿六个方向之一走一格。	手番では自分の駒を、6方向のどれかへ1マス動かす。	En tu turno, mueve una de tus piezas un hexágono en cualquiera de las seis direcciones.	In deinem Zug bewegst du eine deiner Figuren ein Sechseck in eine der sechs Richtungen.
Land on an empty hex, or on an enemy your type beats. Paper beats rock, rock beats scissors, and scissors beats paper.	落到空的六边形，或落到你的类型能赢过的敌子上。布赢石头，石头赢剪刀，剪刀赢布。	空きの六角形か、自分の種類が勝つ相手の上に止まる。紙は石、石ははさみ、はさみは紙に勝つ。	Cae en un hexágono vacío o en un enemigo al que tu tipo gana. El papel gana a la piedra, la piedra a la tijera y la tijera al papel.	Lande auf einem leeren Sechseck oder auf einem Gegner, den dein Typ schlägt. Papier schlägt Stein, Stein schlägt Schere und Schere schlägt Papier.
You cannot jump, and you cannot land on your own piece, the same type, or a type that beats you. Landing on an enemy captures it.	不能跳，也不能落到自己的棋子、相同类型、或会赢过你的类型上。落到敌子上即吃掉它。	飛び越えはできない。自分の駒、同じ種類、自分に勝つ種類の上にも止まれない。相手の上に止まるとその駒を取る。	No puedes saltar, ni caer sobre tu propia pieza, el mismo tipo o un tipo que te gane. Caer sobre un enemigo lo captura.	Du kannst nicht springen und nicht auf der eigenen Figur, dem gleichen Typ oder einem Typ landen, der dich schlägt. Wer auf einem Gegner landet, schlägt ihn.
Capture every enemy piece, or leave the opponent with no legal move, to win. You play red from the bottom against the computer, or pass the phone.	吃光对方所有棋子，或让对方没有合法走法，即获胜。对电脑时你执红从下方走，也可以传手机。	相手の駒を全部取るか、相手の合法手をなくすと勝ち。コンピューター戦では赤で下から。スマホを渡してもよい。	Captura todas las piezas enemigas, o deja al rival sin jugada legal, para ganar. Contra el ordenador juegas con rojo desde abajo, o pásate el teléfono.	Schlage jede gegnerische Figur oder lass dem Gegner keinen legalen Zug, um zu gewinnen. Gegen den Computer spielst du Rot von unten, oder ihr gebt das Telefon weiter.
Take a capture when the landing hex is not next to a type that beats you.	如果落点旁边没有会赢过你的类型，就吃子。	止まったマスの隣に、自分に勝つ種類がいなければ取ろう。	Captura cuando el hexágono de llegada no esté junto a un tipo que te gane.	Schlage, wenn neben dem Zielfeld kein Typ steht, der dich schlägt.
A piece that cannot move is stuck. Leave the whole side with no move and you win.	走不了的棋子被困住了。让对方整方都没有走法，你就赢了。	動けない駒は行き詰まり。相手全体の合法手をなくせば勝ち。	Una pieza que no puede moverse está atascada. Si todo el bando se queda sin jugada, ganas.	Eine Figur ohne Zug sitzt fest. Lässt du der ganzen Seite keinen Zug, gewinnst du.
Red starts at the bottom, blue at the top. R is rock, P is paper, and S is scissors.	红方从下方开始，蓝方在上方。R 是石头，P 是布，S 是剪刀。	赤は下、青は上から。R は石、P は紙、S ははさみ。	Rojo empieza abajo y azul arriba. R es piedra, P es papel y S es tijera.	Rot beginnt unten, Blau oben. R ist Stein, P ist Papier und S ist Schere.
Rock beats scissors. Tap the circled hex to capture.	石头赢剪刀。点有圆圈的六边形来吃子。	石ははさみに勝つ。丸の六角形をタップして取る。	La piedra gana a la tijera. Toca el hexágono marcado para capturar.	Stein schlägt Schere. Tippe das eingekreiste Sechseck, um zu schlagen.
Rock landed on the scissors and captured it.	石头落到了剪刀上，并吃掉了它。	石がはさみの上に止まり、取った。	La piedra cayó sobre la tijera y la capturó.	Der Stein landete auf der Schere und hat sie geschlagen.
Scissors beats paper, so paper cannot land there. Tap the empty hex instead.	剪刀赢布，所以布不能落到那里。改为点空的六边形。	はさみは紙に勝つので、紙はそこへ止まれない。代わりに空いた六角形をタップ。	La tijera gana al papel, así que el papel no puede caer ahí. Toca el hexágono vacío.	Schere schlägt Papier, also darf Papier dort nicht landen. Tippe stattdessen das leere Sechseck.
Paper moved one hex onto an empty cell.	布走了一格，到了空格上。	紙が1マス動いて空きに止まった。	El papel avanzó un hexágono hasta una casilla vacía.	Papier zog ein Sechseck auf ein leeres Feld.
The empty hex beside your paper.	你的布旁边那个空六边形。	自分の紙の隣の空いた六角形。	El hexágono vacío junto a tu papel.	Das leere Sechseck neben deinem Papier.
Scissors beats paper. Tap the last paper to win.	剪刀赢布。点最后那张布即可获胜。	はさみは紙に勝つ。最後の紙をタップして勝とう。	La tijera gana al papel. Toca el último papel para ganar.	Schere schlägt Papier. Tippe das letzte Papier, um zu gewinnen.
That was the last blue piece. Red wins!	那是蓝方的最后一枚棋子。红方获胜！	それが青の最後の駒。赤の勝ち！	Esa era la última pieza azul. ¡Gana rojo!	Das war Blaus letzte Figur. Rot gewinnt!
The circled paper.	有圆圈的布。	丸のついた紙。	El papel marcado.	Das eingekreiste Papier.
your rock	你的石头	自分の石	tu piedra	dein Stein
blue rock	蓝方的石头	青の石	piedra azul	blauer Stein
your paper	你的布	自分の紙	tu papel	dein Papier
blue paper	蓝方的布	青の紙	papel azul	blaues Papier
your scissors	你的剪刀	自分のはさみ	tu tijera	deine Schere
blue scissors	蓝方的剪刀	青のはさみ	tijera azul	blaue Schere
the circled hex	有圆圈的六边形	丸のついた六角形	el hexágono marcado	das eingekreiste Sechseck
empty hex	空的六边形	空いた六角形	hexágono vacío	leeres Sechseck
Tic-Tac-Toe	井字棋	三目並べ	Tres en raya	Tic Tac Toe
Noughts and crosses	画圈打叉	まるばつ	Ceros y cruces	Kreise und Kreuze
Places almost at random, and sometimes misses a line	几乎随机落子，有时会漏掉一条线	ほぼ適当に置き、ときどき列を見逃す	Coloca casi al azar y a veces no ve una línea	Setzt fast zufällig und übersieht manchmal eine Linie
Takes a line and blocks yours	会连成一线，也会挡住你的	自分の列を完成させ、相手の列も止める	Completa una línea y bloquea la tuya	Vervollständigt eine Linie und blockt deine
Looks ahead for two threats at once	会提前寻找同时出现的两处威胁	同時に二つの脅威を先読みする	Busca dos amenazas a la vez	Sucht voraus nach zwei Drohungen zugleich
Plays perfectly on 3×3, and searches on larger boards	在 3×3 上完美落子，更大的棋盘则会搜索	3×3では完璧に打ち、大きい盤では読む	Juega perfecto en 3×3 y busca en tableros mayores	Spielt auf 3×3 perfekt und sucht auf größeren Brettern
Pass the phone. X moves first.	把手机传给对方。X 先下。	スマホを渡して交代する。Xが先手。	Pásate el teléfono. X empieza.	Gebt das Telefon weiter. X beginnt.
Take turns placing one mark on an empty square. On 3×3, three in a row wins. On 4×4 you need four, and on 5×5 you need five, across, down or diagonally. Marks stay where they are put. A full board with no line is a draw. You play X against the computer and move first. Or pass the phone for two players.	轮流在空格上放一枚棋子。3×3 连成三个即获胜。4×4 需要四个，5×5 需要五个，横、竖、斜都可以。棋子放下去就不再移动。棋盘放满且没有连线则平局。对电脑时你执 X 先行。也可以传手机双人对下。	空きマスに印を1つずつ置く。3×3は3つ、4×4は4つ、5×5は5つを縦・横・斜めにそろえると勝ち。印は動かない。埋まって列がなければ引き分け。コンピューター戦ではXの先手。スマホを渡して二人でも遊べる。	Por turnos, coloca una marca en una casilla vacía. En 3×3 ganas con tres en línea. En 4×4 hacen falta cuatro, y en 5×5 cinco, en horizontal, vertical o diagonal. Las marcas se quedan donde se ponen. Un tablero lleno sin línea es un empate. Contra el ordenador juegas con X y empiezas. O pásate el teléfono para dos jugadores.	Setzt abwechselnd ein Zeichen auf ein leeres Feld. Auf 3×3 gewinnt drei in einer Reihe. Auf 4×4 brauchst du vier, auf 5×5 fünf, waagerecht, senkrecht oder diagonal. Die Zeichen bleiben liegen. Ein volles Brett ohne Linie ist unentschieden. Gegen den Computer spielst du X und beginnst. Oder gebt das Telefon für zwei Spieler weiter.
{0}×{0} {1} · X {2}, O {3}	{0}×{0} {1} · X {2}，O {3}	{0}×{0} {1} · X {2}、O {3}	{0}×{0} {1} · X {2}, O {3}	{0}×{0} {1} · X {2}, O {3}
two players	双人	交互	dos jugadores	zwei Spieler
X marks {0}	X 有 {0} 枚	Xは{0}個	X tiene {0}	X hat {0}
Your X {0}	你的 X {0}	自分のX {0}	Tu X {0}	Dein X {0}
O marks {0}	O 有 {0} 枚	Oは{0}個	O tiene {0}	O hat {0}
Computer O {0}	电脑的 O {0}	コンピューターのO {0}	O del ordenador {0}	O des Computers {0}
X wins	X 获胜	Xの勝ち	Gana X	X gewinnt
O wins	O 获胜	Oの勝ち	Gana O	O gewinnt
X's turn	轮到 X	Xの番	Turno de X	X ist dran
O's turn	轮到 O	Oの番	Turno de O	O ist dran
X has a line.	X 连成了一线。	Xが列を完成させた。	X tiene una línea.	X hat eine Linie.
O has a line.	O 连成了一线。	Oが列を完成させた。	O tiene una línea.	O hat eine Linie.
X's turn. Tap an empty square.	轮到 X。点一个空格。	Xの番。空きマスをタップ。	Turno de X. Toca una casilla vacía.	X ist dran. Tippe ein leeres Feld an.
O's turn. Tap an empty square.	轮到 O。点一个空格。	Oの番。空きマスをタップ。	Turno de O. Toca una casilla vacía.	O ist dran. Tippe ein leeres Feld an.
your X	你的 X	自分のX	tu X	dein X
computer's O	电脑的 O	コンピューターのO	la O del ordenador	O des Computers
empty, place a mark	空格，放一枚棋子	空き、印を置く	vacía, coloca una marca	leer, setze ein Zeichen
3×3, 4×4 or 5×5 × 4 computer strengths, plus pass-and-play on each size. Get the whole row, column or diagonal — 3, 4 or 5 marks — to win. A full board with no line is a draw. You play X and move first.	3×3、4×4 或 5×5，每种 4 档电脑强度，另有同尺寸的双人轮流传机。整行、整列或整条对角线连成 3、4 或 5 枚即获胜。棋盘放满且没有连线则平局。你执 X 先行。	3×3、4×4、5×5。それぞれコンピューターの強さ4段階と、同じ大きさの交互プレイ。縦・横・斜めを3、4、5個そろえると勝ち。埋まって列がなければ引き分け。あなたはXで先手。	3×3, 4×4 o 5×5 × 4 niveles del ordenador, y pasar el teléfono en cada tamaño. Gana quien completa la fila, la columna o la diagonal: 3, 4 o 5 marcas. Un tablero lleno sin línea es un empate. Juegas con X y empiezas.	3×3, 4×4 oder 5×5 × 4 Computerstärken, plus abwechselndes Spiel auf jeder Größe. Wer die ganze Reihe, Spalte oder Diagonale schafft — 3, 4 oder 5 Zeichen — gewinnt. Ein volles Brett ohne Linie ist unentschieden. Du spielst X und beginnst.
Place X and O until one line is full.	放下 X 和 O，直到一条线被填满。	XとOを置き、一つの列を埋めよう。	Coloca X y O hasta llenar una línea.	Setze X und O, bis eine Linie voll ist.
Take turns placing one mark on an empty square. Marks do not move.	轮流在空格上放一枚棋子。棋子不会移动。	空きマスに印を1つずつ置く。印は動かない。	Por turnos, coloca una marca en una casilla vacía. Las marcas no se mueven.	Setzt abwechselnd ein Zeichen auf ein leeres Feld. Die Zeichen bewegen sich nicht.
The board is 3×3, 4×4 or 5×5. You need that many marks in a line — across, down or diagonal — to win.	棋盘是 3×3、4×4 或 5×5。横、竖或斜向连成同样多的棋子即获胜。	盤は3×3、4×4、5×5。その数だけ縦・横・斜めにそろえると勝ち。	El tablero es de 3×3, 4×4 o 5×5. Hacen falta esas marcas en línea — en horizontal, vertical o diagonal — para ganar.	Das Brett ist 3×3, 4×4 oder 5×5. So viele Zeichen in einer Linie — waagerecht, senkrecht oder diagonal — gewinnen.
Filling the board with no complete line is a draw.	棋盘放满且没有完整的连线则平局。	列ができないまま埋まれば引き分け。	Llenar el tablero sin una línea completa es un empate.	Ein volles Brett ohne komplette Linie ist unentschieden.
You play X against the computer and move first, or pass the phone so the other player is O.	对电脑时你执 X 先行，也可以传手机，让对方执 O。	コンピューター戦ではXの先手。スマホを渡せば相手がO。	Contra el ordenador juegas con X y empiezas, o pásate el teléfono para que el otro juegue con O.	Gegen den Computer spielst du X und beginnst, oder ihr gebt das Telefon weiter, damit der andere O ist.
On 3×3, the center square is in four lines and each corner is in three.	在 3×3 上，中心格属于四条线，每个角属于三条线。	3×3では中央は4本の列に入り、角はそれぞれ3本に入る。	En 3×3, la casilla central entra en cuatro líneas y cada esquina en tres.	Auf 3×3 liegt das Mittelfeld in vier Linien und jede Ecke in drei.
Two threats at once cannot both be blocked on the next turn.	同时两处威胁，对方下一步只能挡住一处。	同時に二つの脅威は、次の一手では両方止められない。	Dos amenazas a la vez no se pueden bloquear ambas en el turno siguiente.	Zwei Drohungen zugleich lassen sich im nächsten Zug nicht beide stoppen.
X goes first. A line can run across, down or diagonally.	X 先行。连线可以是横、竖或斜。	Xが先手。列は縦・横・斜め。	X empieza. Una línea puede ir en horizontal, vertical o diagonal.	X beginnt. Eine Linie kann waagerecht, senkrecht oder diagonal verlaufen.
Tap the center square.	点中心格。	中央のマスをタップ。	Toca la casilla central.	Tippe das mittlere Feld an.
Your X is down.	你的 X 已经放下。	あなたのXを置きました。	Tu X ya está puesta.	Dein X liegt.
O answers in a corner.	O 应在一个角上。	Oが角に返す。	O responde en una esquina.	O antwortet in einer Ecke.
Two of your marks sit on the top row. Tap the gap.	你有两枚棋子在最上面一行。点那个空位。	自分の印が上の行に2つある。空きをタップ。	Dos de tus marcas están en la fila de arriba. Toca el hueco.	Zwei deiner Zeichen liegen in der oberen Reihe. Tippe die Lücke.
Three in a row. You win!	连成三个。你赢了！	三つそろった。あなたの勝ち！	Tres en línea. ¡Has ganado!	Drei in einer Reihe. Du gewinnst!
Tri-D Chess	三维国际象棋	三次元チェス	Ajedrez tridimensional	Dreidimensionales Schach
Raumschach	空间象棋	ラウムシャッハ	Raumschach	Raumschach
Movable attack boards	可移动的攻击棋盘	動くアタックボード	Tableros de ataque móviles	Bewegliche Angriffsbretter
5×5×5 with a unicorn	5×5×5，带独角兽	5×5×5にユニコーン	5×5×5 con un unicornio	5×5×5 mit einem Einhorn
unicorn	独角兽	ユニコーン	unicornio	Einhorn
Queen's board	后翼棋盘	クイーン側の盤	Tablero de la dama	Damenbrett
King's board	王翼棋盘	キング側の盤	Tablero del rey	Königsbrett
White	白方	白	Blancas	Weiß
White's turn	白方回合	白の番	Turno de las blancas	Weiß ist dran
White wins	白方获胜	白の勝ち	Ganan las blancas	Weiß gewinnt
two players	双人	交互	dos jugadores	zwei Spieler
Pass the phone. White moves first.	把手机传给对方。白方先行。	スマホを渡して交代する。白が先手。	Pásate el teléfono. Blancas empiezan.	Gebt das Telefon weiter. Weiß beginnt.
Looks a move ahead	向前看一步	1手指し先を読む	Mira una jugada adelante	Schaut einen Zug voraus
Ahead 1	向前 1	前へ1	Adelante 1	Vor 1
Ahead 2	向前 2	前へ2	Adelante 2	Vor 2
Back 1	向后 1	後ろへ1	Atrás 1	Zurück 1
Back 2	向后 2	後ろへ2	Atrás 2	Zurück 2
Flip	翻转	反転	Voltear	Kippen
Stack	叠层	段差	Pila	Stapel
Side	侧面	横から	De lado	Seite
1 opening board; matches differ by play.	1 个开局棋盘；对局因走法而不同。	開始盤が1つ。対局は指し方しだいで変わる。	1 tablero inicial; las partidas cambian según el juego.	1 Startbrett; die Partien unterscheiden sich durchs Spiel.
White pawn	白兵	白のポーン	peón blanco	weißer Bauer
White knight	白马	白のナイト	caballo blanco	weißer Springer
White bishop	白象	白のビショップ	alfil blanco	weißer Läufer
White rook	白车	白のルーク	torre blanca	weißer Turm
White queen	白后	白のクイーン	dama blanca	weiße Dame
White king	白王	白のキング	rey blanco	weißer König
White unicorn	白独角兽	白のユニコーン	unicornio blanco	weißes Einhorn
Black pawn	黑兵	黒のポーン	peón negro	schwarzer Bauer
Black knight	黑马	黒のナイト	caballo negro	schwarzer Springer
Black bishop	黑象	黒のビショップ	alfil negro	schwarzer Läufer
Black rook	黑车	黒のルーク	torre negra	schwarzer Turm
Black queen	黑后	黒のクイーン	dama negra	schwarze Dame
Black king	黑王	黒のキング	rey negro	schwarzer König
Black unicorn	黑独角兽	黒のユニコーン	unicornio negro	schwarzes Einhorn
Tri-dimensional chess follows Charles Roth's Federation Revised Standard 5.0 (2012), his reading of Andrew Bartmess's Federation Standard for the television board. There is no Paramount ruleset. This app leaves out Bartmess's rook-pawn sideways step, which Roth treats as optional, and it does not use Michael Grant's attack-board rules. Three fixed 4×4 main boards and four movable 2×2 attack boards. You play White and move first, or pass the phone. Pieces use ordinary chess moves in file and rank and may finish on any level. They cannot move straight up. The path is the highest square between them that is not above the higher board. When that board is a main board with an attack board just above it, a higher path is also allowed. Knights jump. An attack board you own may move instead of a piece when it is empty or carries only one of your pawns, and you still have a pawn: slide it one or two ranks along its file, and you may flip it. A three-rank gap between posts is too far. Capturing the last enemy man on an attack board takes that board. An empty board stays with its owner. Pawns move one rank forward, or two on their first move, and capture one file diagonally onto any level. They promote to a queen, rook, bishop, or knight on rank 8 or 9 for White and rank 0 or 1 for Black. Castling and en passant follow Roth's rules. Checkmate wins. Stalemate, the same position three times, or 50 moves each with no capture and no pawn move, is a draw. Tap a piece, then a highlighted square. When a pawn promotes, choose the piece.	三维国际象棋遵循查尔斯·罗斯 2012 年的《联邦修订标准 5.0》，即他对安德鲁·巴特梅斯为电视剧棋盘所写《联邦标准》的解读。派拉蒙没有官方规则。本应用不采用巴特梅斯的车兵横走（罗斯将其视为可选），也不采用迈克尔·格兰特的攻击棋盘规则。三块固定的 4×4 主棋盘和四块可移动的 2×2 攻击棋盘。你执白先行，也可以传手机。棋子按普通国际象棋的行列走法移动，可以停在任意层，但不能原地垂直上升。路径取两块棋盘之间、不高于较高那块的最高格子。若较高的是主棋盘，且紧上面还有攻击棋盘，也允许走更高的一条路径。马可以跳过棋子。你拥有的攻击棋盘可以代替走子：它必须是空的，或只载着你的一枚兵，并且你场上还有兵。沿自己的列移动一格或两格横线，也可以翻转。棋桩之间相隔三格横线就太远。吃掉攻击棋盘上对方的最后一枚棋子，这块棋盘归你。空棋盘仍属于原来的主人。兵向前走一格，第一步可以走两格，斜向吃一格，可以落到任意层。白兵在第 8 或第 9 横线、黑兵在第 0 或第 1 横线升变为后、车、象或马。王车易位和吃过路兵按罗斯的规则。将死获胜。逼和、同一局面三次，或双方各走 50 步且没有吃子也没有动兵，算和棋。点选棋子，再点高亮的格子。兵升变时，选择棋子。	三次元チェスは、チャールズ・ロスのフェデレーション改訂標準5.0（2012年）に従います。これは、テレビの盤のためのアンドリュー・バートメスのフェデレーション標準をロスが読み直したものです。パラマウントの公式規則はありません。バートメスのルークポーン横移動はロスが任意としたので使わず、マイケル・グラントのアタックボード規則も使いません。固定の4×4メインボードが3枚、動く2×2のアタックボードが4枚あります。あなたは白の先手です。スマホを渡して交代もできます。駒はファイルとランクでは普通のチェスと同じに動き、どのレベルでも止まれます。真上だけには動けません。通り道は、高い方の盤を超えないいちばん高いマスです。その盤がメインボードで、すぐ上にアタックボードがあるときは、もう一段高い道も使えます。ナイトは跳びます。自分のアタックボードは、空か自分のポーン1枚だけを載せ、ほかにもポーンが残っているとき、駒の代わりに動かせます。自分の列に沿ってランクを1つか2つ動き、裏返すこともできます。杭のあいだが3ランク離れていると遠すぎます。アタックボード上の相手の最後の駒を取ると、その盤は自分のものです。空の盤は元の持ち主のままです。ポーンは前に1ランク、初手は2ランク進み、斜め1ファイルの敵をどのレベルでも取れます。白はランク8か9、黒はランク0か1でクイーン、ルーク、ビショップ、ナイトのいずれかに昇格します。キャスリングとアンパッサンはロスの規則です。チェックメイトで勝ちです。ステイルメイト、同一局面3回、または駒を取らずポーンも動かさず互いに50手は引き分けです。駒をタップし、次に光ったマスをタップします。ポーンが昇格するときは駒を選びます。	El ajedrez tridimensional sigue el Estándar Revisado de la Federación 5.0 (2012) de Charles Roth, su lectura del Estándar de la Federación de Andrew Bartmess para el tablero de la televisión. No hay un reglamento de Paramount. Esta aplicación deja fuera el paso lateral del peón de torre de Bartmess, que Roth trata como opcional, y no usa las reglas de tableros de ataque de Michael Grant. Tres tableros principales fijos de 4×4 y cuatro tableros de ataque móviles de 2×2. Juegas con blancas y mueves primero, o pásate el teléfono. Las piezas usan los pasos normales de ajedrez en columna y fila, y pueden terminar en cualquier nivel. No pueden subir en vertical sin cambiar de casilla. El camino es la casilla más alta entre los dos tableros que no supere al más alto. Si ese tablero es principal y hay un tablero de ataque justo encima, también vale un camino más alto. Los caballos saltan. Puedes mover un tablero de ataque propio en lugar de una pieza cuando está vacío o lleva solo un peón tuyo, y aún te queda un peón: avanza uno o dos rangos por su columna, y puedes voltearlo. Un hueco de tres rangos entre postes es demasiado. Capturar la última pieza enemiga de un tablero de ataque se queda con ese tablero. Un tablero vacío sigue con su dueño. Los peones avanzan una fila, o dos en su primer movimiento, y capturan una columna en diagonal en cualquier nivel. Coronan a dama, torre, alfil o caballo en la fila 8 o 9 las blancas y en la 0 o 1 las negras. El enroque y la captura al paso siguen las reglas de Roth. Gana el jaque mate. Ahogado, la misma posición tres veces, o 50 jugadas de cada uno sin captura ni movimiento de peón, son tablas. Toca una pieza y luego una casilla resaltada. Cuando un peón corona, elige la pieza.	Dreidimensionales Schach folgt Charles Roths Federation Revised Standard 5.0 (2012), seiner Lesart von Andrew Bartmess' Federation Standard für das Fernsehbrett. Es gibt kein Paramount-Regelwerk. Diese App lässt Bartmess' seitlichen Turmbauernzug weg, den Roth als optional behandelt, und sie nutzt nicht Michael Grants Angriffsbrett-Regeln. Drei feste 4×4-Hauptbretter und vier bewegliche 2×2-Angriffsbretter. Du spielst Weiß und ziehst zuerst, oder ihr gebt das Telefon weiter. Figuren ziehen wie im Schach in Linie und Reihe und dürfen auf jeder Ebene enden. Gerade nach oben ist kein Zug. Der Weg ist das höchste Feld zwischen den Brettern, das nicht über dem höheren liegt. Liegt darüber ein Angriffsbrett, ist auch der höhere Weg erlaubt. Springer springen. Ein eigenes Angriffsbrett darf statt einer Figur ziehen, wenn es leer ist oder nur einen eigenen Bauern trägt und noch ein Bauer irgendwo steht: eine oder zwei Reihen entlang seiner Linie, und es darf kippen. Ein Abstand von drei Reihen zwischen den Pfosten ist zu weit. Wer die letzte gegnerische Figur auf einem Angriffsbrett schlägt, übernimmt das Brett. Ein leeres Brett bleibt bei seinem Besitzer. Bauern ziehen ein Feld vor, beim ersten Zug zwei, und schlagen ein Feld schräg auf jede Ebene. Sie werden auf Reihe 8 oder 9 für Weiß und Reihe 0 oder 1 für Schwarz zur Dame, zum Turm, zum Läufer oder zum Springer. Rochade und en passant folgen Roth. Matt gewinnt. Patt, dieselbe Stellung dreimal, oder 50 Züge je Seite ohne Schlag und ohne Bauernzug, sind Remis. Tippe eine Figur, dann ein hervorgehobenes Feld. Wenn ein Bauer umgewandelt wird, wähle die Figur.
Raumschach on a 5×5×5 cube, the normal form kept by the International Raumschach Federation from Dawson's reading of Maack. This is not Maack's 8×8×8 game, where a pawn may move in every direction. Levels are A to E, files a to e, ranks 1 to 5. You play White and move first, or pass the phone. A rook moves through the faces, a bishop through the edges, and a unicorn through the corners. The queen uses all three, the king one step of the queen, and the knight leaps two squares on one axis and one on another. A pawn steps one empty square forward through a face — up a rank, or up a level for White — and captures one square diagonally forward through an edge. It does not capture through a corner, and it has no double step, no en passant, and no castling. A pawn promotes to a queen, rook, bishop, unicorn, or knight on White's rank 5 of level E, or Black's rank 1 of level A. Checkmate wins. Stalemate, the same position three times, or 50 moves each with no capture and no pawn move, is a draw. Tap a piece, then a highlighted square. When a pawn promotes, choose the piece.	空间象棋，5×5×5 立方体，采用国际空间象棋联合会所保留的标准形，源自道森对马克的整理。这不是马克的 8×8×8，那种棋里兵可以向任意方向走。层为 A 到 E，列为 a 到 e，行为 1 到 5。你执白先行，也可以传手机。车沿一个轴走（穿过面），象沿两个轴走（穿过棱），独角兽沿三个轴走（穿过角）。后兼有这三种走法，王走后的一步，马在一个轴上跳两格、在另一个轴上跳一格。兵向前穿过一个面走到空格，一步，白方也可以向上一层；斜向前穿过一条棱吃子。不穿过角吃子，没有双步，没有吃过路兵，也没有王车易位。白兵在 E 层第 5 行、黑兵在 A 层第 1 行升变为后、车、象、独角兽或马。将死获胜。逼和、同一局面三次，或双方各走 50 步且没有吃子也没有动兵，算和棋。点选棋子，再点高亮的格子。兵升变时，选择棋子。	ラウムシャッハは5×5×5の立方体で、ドーソンによるマークの整理を国際ラウムシャッハ連盟が標準形として残したものです。マークの8×8×8ではありません。あちらではポーンがあらゆる方向に動けます。レベルはAからE、ファイルはaからe、ランクは1から5です。あなたは白の先手です。スマホを渡して交代もできます。ルークは面を通り1軸、ビショップは辺を通り2軸、ユニコーンは角を通り3軸に動きます。クイーンはその全部、キングはクイーンの1歩、ナイトは1つの軸で2マス、別の軸で1マスに跳びます。ポーンは面を通って前方の空きマスへ1歩進み、辺を通って斜め前を取ります。角を通る取りはなく、2歩もアンパッサンもキャスリングもありません。白はレベルEのランク5、黒はレベルAのランク1でクイーン、ルーク、ビショップ、ユニコーン、ナイトのいずれかに昇格します。チェックメイトで勝ちです。ステイルメイト、同一局面3回、または駒を取らずポーンも動かさず互いに50手は引き分けです。駒をタップし、次に光ったマスをタップします。ポーンが昇格するときは駒を選びます。	Raumschach en un cubo de 5×5×5, la forma normal que conserva la Federación Internacional de Raumschach a partir de la lectura de Maack hecha por Dawson. No es el juego 8×8×8 de Maack, donde un peón puede mover en cualquier dirección. Los niveles van de A a E, las columnas de a a e y las filas de 1 a 5. Juegas con blancas y mueves primero, o pásate el teléfono. La torre avanza por las caras, el alfil por las aristas y el unicornio por las esquinas. La dama usa las tres, el rey un paso de dama, y el caballo salta dos casillas en un eje y una en otro. El peón avanza una casilla vacía por una cara —sube una fila, o un nivel si es blanco— y captura una casilla en diagonal por una arista. No captura por una esquina, y no tiene paso doble, ni captura al paso, ni enroque. Corona a dama, torre, alfil, unicornio o caballo en la fila 5 del nivel E si es blanco, o en la fila 1 del nivel A si es negro. Gana el jaque mate. Ahogado, la misma posición tres veces, o 50 jugadas de cada uno sin captura ni movimiento de peón, son tablas. Toca una pieza y luego una casilla resaltada. Cuando un peón corona, elige la pieza.	Raumschach auf einem 5×5×5-Würfel, die Normalform der Internationalen Raumschach-Föderation nach Dawsons Lesart von Maack. Das ist nicht Maacks 8×8×8, wo ein Bauer in jede Richtung ziehen darf. Ebenen A bis E, Linien a bis e, Reihen 1 bis 5. Du spielst Weiß und ziehst zuerst, oder ihr gebt das Telefon weiter. Der Turm zieht durch die Flächen, der Läufer durch die Kanten, das Einhorn durch die Ecken. Die Dame vereint alle drei, der König einen Damenzug, der Springer springt zwei Felder auf einer Achse und eines auf einer anderen. Ein Bauer zieht ein leeres Feld vorwärts durch eine Fläche — eine Reihe hoch, oder für Weiß eine Ebene hoch — und schlägt ein Feld schräg vorwärts durch eine Kante. Durch eine Ecke schlägt er nicht, und es gibt keinen Doppelschritt, kein en passant und keine Rochade. Er wird auf Weiß' Reihe 5 der Ebene E oder auf Schwarz' Reihe 1 der Ebene A zur Dame, zum Turm, zum Läufer, zum Einhorn oder zum Springer. Matt gewinnt. Patt, dieselbe Stellung dreimal, oder 50 Züge je Seite ohne Schlag und ohne Bauernzug, sind Remis. Tippe eine Figur, dann ein hervorgehobenes Feld. Wenn ein Bauer umgewandelt wird, wähle die Figur.
Roth's Federation Revised Standard 5.0 × 4 computer strengths, plus pass-and-play. Three fixed main boards and four movable attack boards. Pieces move in file and rank onto any level. Pawns promote to a queen, rook, bishop, or knight. No sideways rook-pawn move, unlike Bartmess. Checkmate wins.	罗斯的《联邦修订标准 5.0》× 4 档电脑强度，另加双人对下。三块固定主棋盘和四块可移动攻击棋盘。棋子沿行列走到任意层。兵升变为后、车、象或马。不像巴特梅斯那样，没有车兵横走。将死获胜。	ロスのフェデレーション改訂標準5.0 × コンピューター4段階、および交互対局。固定のメインボード3枚と動くアタックボード4枚。駒はファイルとランクに沿ってどのレベルにも着地する。ポーンはクイーン、ルーク、ビショップ、ナイトになる。バートメスと違い、ルークポーンの横移動はない。チェックメイトで勝ち。	Estándar Revisado de la Federación 5.0 de Roth × 4 fuerzas del ordenador, más dos jugadores. Tres tableros principales fijos y cuatro tableros de ataque móviles. Las piezas se mueven en columna y fila a cualquier nivel. Los peones coronan a dama, torre, alfil o caballo. No hay paso lateral del peón de torre, a diferencia de Bartmess. Gana el jaque mate.	Roths Federation Revised Standard 5.0 × 4 Computerstärken, plus zu zweit. Drei feste Hauptbretter und vier bewegliche Angriffsbretter. Figuren ziehen in Linie und Reihe auf jede Ebene. Bauern werden zur Dame, zum Turm, zum Läufer oder zum Springer. Kein seitlicher Turmbauernzug, anders als bei Bartmess. Matt gewinnt.
The International Raumschach Federation's 5×5×5 × 4 computer strengths, plus pass-and-play. Rook, bishop and unicorn move on one, two and three axes. Pawns step through a face and capture through an edge. They promote to a queen, rook, bishop, unicorn, or knight. Not Maack's 8×8×8. Checkmate wins.	国际空间象棋联合会的 5×5×5 × 4 档电脑强度，另加双人对下。车、象、独角兽分别沿一、二、三个轴移动。兵穿过面前进，穿过棱吃子，升变为后、车、象、独角兽或马。不是马克的 8×8×8。将死获胜。	国際ラウムシャッハ連盟の5×5×5 × コンピューター4段階、および交互対局。ルーク、ビショップ、ユニコーンは1軸、2軸、3軸に動く。ポーンは面を進み、辺で取る。クイーン、ルーク、ビショップ、ユニコーン、ナイトに昇格する。マークの8×8×8ではない。チェックメイトで勝ち。	5×5×5 de la Federación Internacional de Raumschach × 4 fuerzas del ordenador, más dos jugadores. Torre, alfil y unicornio se mueven en uno, dos y tres ejes. Los peones avanzan por una cara y capturan por una arista. Coronan a dama, torre, alfil, unicornio o caballo. No es el 8×8×8 de Maack. Gana el jaque mate.	5×5×5 der Internationalen Raumschach-Föderation × 4 Computerstärken, plus zu zweit. Turm, Läufer und Einhorn ziehen auf einer, zwei und drei Achsen. Bauern schreiten durch eine Fläche und schlagen durch eine Kante. Sie werden zur Dame, zum Turm, zum Läufer, zum Einhorn oder zum Springer. Nicht Maacks 8×8×8. Matt gewinnt.
Three main boards and four attack boards that can move.	三块主棋盘和四块可以移动的攻击棋盘。	メインボードが3枚、動くアタックボードが4枚。	Tres tableros principales y cuatro tableros de ataque que se mueven.	Drei Hauptbretter und vier Angriffsbretter, die sich bewegen.
Pieces use ordinary chess steps in file and rank, and may finish on any level. A move cannot stay on the same square and go straight up.	棋子按普通国际象棋的行列步数移动，可以停在任意层。不能停在同一格并垂直上升。	駒はファイルとランクでは普通のチェスの歩幅で、どのレベルでも止まれます。同じマスのまま真上には行けません。	Las piezas usan los pasos normales de ajedrez en columna y fila, y pueden terminar en cualquier nivel. Un movimiento no puede quedarse en la misma casilla y subir en vertical.	Figuren ziehen wie im Schach in Linie und Reihe und dürfen auf jeder Ebene enden. Ein Zug darf nicht auf demselben Feld gerade nach oben gehen.
The path uses the highest square between the two boards. A second, higher path is allowed when an attack board sits just above a main board.	路径取两块棋盘之间的最高格子。攻击棋盘紧贴在主棋盘上方时，允许再走一条更高的路径。	通り道は2枚の盤のあいだでいちばん高いマスです。メインボードのすぐ上にアタックボードがあるときは、もう一段高い道も使えます。	El camino usa la casilla más alta entre los dos tableros. Hay un segundo camino más alto cuando un tablero de ataque está justo encima de uno principal.	Der Weg nimmt das höchste Feld zwischen den beiden Brettern. Ein zweiter, höherer Weg ist erlaubt, wenn ein Angriffsbrett direkt über einem Hauptbrett liegt.
You may move an attack board you own, one or two ranks along its file, and you may flip it, when it is empty or carries only one of your pawns.	你可以移动自己的攻击棋盘：沿它的列走一条或两条横线，也可以翻转。此时它必须是空的，或只载着你的一枚兵。	自分のアタックボードは、空か自分のポーン1枚だけのとき、列に沿ってランクを1つか2つ動かせ、裏返せます。	Puedes mover un tablero de ataque propio uno o dos rangos por su columna, y voltearlo, cuando está vacío o lleva solo un peón tuyo.	Ein eigenes Angriffsbrett darf eine oder zwei Reihen entlang seiner Linie ziehen und kippen, wenn es leer ist oder nur einen eigenen Bauern trägt.
Pawns promote to a queen, rook, bishop, or knight on rank 8 or 9 for White and rank 0 or 1 for Black. Checkmate wins. Stalemate, a repeated position, or 50 quiet moves is a draw.	白兵在第 8 或第 9 横线、黑兵在第 0 或第 1 横线升变为后、车、象或马。将死获胜。逼和、重复局面，或 50 步安静的棋，算和棋。	白はランク8か9、黒はランク0か1でクイーン、ルーク、ビショップ、ナイトになります。チェックメイトで勝ちです。ステイルメイト、同一局面、静かな50手は引き分けです。	Los peones coronan a dama, torre, alfil o caballo en la fila 8 o 9 las blancas y en la 0 o 1 las negras. Gana el jaque mate. Ahogado, una posición repetida o 50 jugadas tranquilas son tablas.	Bauern werden auf Reihe 8 oder 9 für Weiß und Reihe 0 oder 1 für Schwarz zur Dame, zum Turm, zum Läufer oder zum Springer. Matt gewinnt. Patt, eine wiederholte Stellung oder 50 ruhige Züge sind Remis.
Leave only one pawn on an attack board when you want to move that board.	想移动攻击棋盘时，上面只留一枚兵。	アタックボードを動かすときは、ポーンを1枚だけ残します。	Deja un solo peón en un tablero de ataque cuando quieras moverlo.	Lass nur einen Bauern auf einem Angriffsbrett, wenn du es ziehen willst.
Pinch to zoom and drag to see the boards underneath.	双指缩放、拖动，以便看到下面的棋盘。	ピンチで拡大し、ドラッグして下の盤を見ます。	Pellizca para ampliar y arrastra para ver los tableros de debajo.	Ziehe mit zwei Fingern zum Vergrößern und schiebe, um die Bretter darunter zu sehen.
White plays from the low boards. Tap your pawn.	白方从低处的棋盘走子。点你的兵。	白は低い盤から指します。ポーンをタップします。	Las blancas juegan desde los tableros bajos. Toca tu peón.	Weiß zieht von den unteren Brettern. Tippe deinen Bauern.
The white pawn.	白兵。	白のポーン。	El peón blanco.	Der weiße Bauer.
It steps one rank forward, on this board or another. Tap the square.	它向前走一格，可以停在这块或另一块棋盘上。点那个格子。	この盤でも別の盤でも、ランクを1つ前へ進みます。そのマスをタップします。	Avanza una fila, en este tablero o en otro. Toca la casilla.	Er zieht eine Reihe vor, auf diesem oder einem anderen Brett. Tippe das Feld.
Attack boards start with the king, queen and rooks. They can move once a single pawn is all that remains on them.	开局时王、后和车在攻击棋盘上。上面只剩一枚兵时，这块棋盘才能移动。	開始時、キングとクイーンとルークはアタックボードにいます。残るのがポーン1枚になると、その盤を動かせます。	Al inicio el rey, la dama y las torres están en los tableros de ataque. Esos tableros se mueven cuando solo queda un peón en ellos.	König, Dame und Türme stehen anfangs auf den Angriffsbrettern. Die Bretter ziehen, sobald nur noch ein Bauer darauf steht.
The white queen looks along the file at the black king. That is check.	白后沿直线看着黑王。这就是将军。	白のクイーンがファイル沿いに黒のキングを見ています。チェックです。	La dama blanca mira al rey negro por la columna. Eso es jaque.	Die weiße Dame sieht den schwarzen König entlang der Linie. Das ist Schach.
A 5×5×5 cube. The unicorn moves through the corners.	5×5×5 的立方体。独角兽穿过角移动。	5×5×5の立方体。ユニコーンは角を通ります。	Un cubo de 5×5×5. El unicornio se mueve por las esquinas.	Ein 5×5×5-Würfel. Das Einhorn zieht durch die Ecken.
Levels A to E stack into a cube. A rook slides on one axis, a bishop on two, and a unicorn on all three. The queen uses every one of those moves.	A 到 E 层叠成立方体。车沿一个轴滑行，象沿两个轴，独角兽沿三个轴。后可以使用所有这些走法。	レベルAからEが立方体になります。ルークは1軸、ビショップは2軸、ユニコーンは3軸です。クイーンはその全部を使います。	Los niveles A a E forman un cubo. La torre se desliza en un eje, el alfil en dos y el unicornio en los tres. La dama usa todos esos movimientos.	Die Ebenen A bis E bilden einen Würfel. Der Turm gleitet auf einer Achse, der Läufer auf zwei, das Einhorn auf allen drei. Die Dame nutzt jeden dieser Züge.
A pawn steps one empty square forward through a face, and captures one square diagonally forward through an edge. It does not capture through a corner.	兵向前穿过一个面，走到空格；斜向前穿过一条棱吃子。不穿过角吃子。	ポーンは面を通って前方の空きマスへ1歩進み、辺を通って斜め前を取ります。角では取りません。	El peón avanza una casilla vacía por una cara y captura una casilla en diagonal por una arista. No captura por una esquina.	Ein Bauer zieht ein leeres Feld vorwärts durch eine Fläche und schlägt ein Feld schräg vorwärts durch eine Kante. Durch eine Ecke schlägt er nicht.
There is no double step and no castling. A pawn promotes to a queen, rook, bishop, unicorn, or knight on White's E5 or Black's A1.	没有双步，也没有王车易位。白兵在 E5、黑兵在 A1 升变为后、车、象、独角兽或马。	2歩もキャスリングもありません。白はE5、黒はA1でクイーン、ルーク、ビショップ、ユニコーン、ナイトになります。	No hay paso doble ni enroque. Un peón corona a dama, torre, alfil, unicornio o caballo en E5 si es blanco o en A1 si es negro.	Es gibt keinen Doppelschritt und keine Rochade. Ein Bauer wird auf Weiß' E5 oder Schwarz' A1 zur Dame, zum Turm, zum Läufer, zum Einhorn oder zum Springer.
Checkmate wins. Stalemate, the same position three times, or 50 moves each with no capture and no pawn move, is a draw.	将死获胜。逼和、同一局面三次，或双方各走 50 步且没有吃子也没有动兵，算和棋。	チェックメイトで勝ちです。ステイルメイト、同一局面3回、または駒を取らずポーンも動かさず互いに50手は引き分けです。	Gana el jaque mate. Ahogado, la misma posición tres veces, o 50 jugadas de cada uno sin captura ni movimiento de peón, son tablas.	Matt gewinnt. Patt, dieselbe Stellung dreimal, oder 50 Züge je Seite ohne Schlag und ohne Bauernzug, sind Remis.
U is the unicorn. It is blocked by a man standing in a corner of its path.	U 是独角兽。路径的角上有棋子就会挡住它。	Uはユニコーンです。道の角に駒があると止まります。	U es el unicornio. Una pieza en una esquina de su camino lo bloquea.	U ist das Einhorn. Eine Figur in einer Ecke seines Weges blockiert es.
Tap A to E to bring one floor forward.	点 A 到 E，把那一层放到前面。	AからEをタップすると、その段が手前に出ます。	Toca de A a E para traer un nivel adelante.	Tippe A bis E, um eine Ebene nach vorn zu holen.
All levels	全部层面	すべての段	Todos los niveles	Alle Ebenen
The unicorn on the corner can reach the black pawn. Tap the unicorn.	角落的独角兽可以到达黑兵。点独角兽。	角のユニコーンは黒のポーンに届きます。ユニコーンをタップします。	El unicornio de la esquina alcanza el peón negro. Toca el unicornio.	Das Einhorn in der Ecke erreicht den schwarzen Bauern. Tippe das Einhorn.
The white unicorn, marked U.	标着 U 的白独角兽。	Uと書かれた白のユニコーン。	El unicornio blanco, marcado con U.	Das weiße Einhorn, mit U markiert.
Take the pawn through the corner.	穿过角吃掉这枚兵。	角を通ってポーンを取ります。	Toma el peón a través de la esquina.	Nimm den Bauern durch die Ecke.
Captured. A rook could not have made that step.	吃子了。车走不出这一步。	取りました。ルークにはこの1手はできません。	Capturado. Una torre no habría podido dar ese paso.	Geschlagen. Ein Turm hätte diesen Schritt nicht machen können.
A pawn steps one square forward through a face. Tap your pawn.	兵向前穿过一个面走一格。点你的兵。	ポーンは面を通って前へ1マス進みます。ポーンをタップします。	El peón avanza una casilla por una cara. Toca tu peón.	Ein Bauer zieht ein Feld vorwärts durch eine Fläche. Tippe deinen Bauern.
Tap the square in front of it.	点它前面的格子。	その前のマスをタップします。	Toca la casilla de delante.	Tippe das Feld davor.
Forward through a face. A corner step would not be a pawn move.	穿过面往前走。穿过角的一步不是兵的走法。	面を通って前進です。角を通る1歩はポーンの手ではありません。	Adelante por una cara. Un paso por la esquina no sería un movimiento de peón.	Vorwärts durch eine Fläche. Ein Schritt durch die Ecke wäre kein Bauernzug.
Queen	后	クイーン	Dama	Dame
Rook	车	ルーク	Torre	Turm
Bishop	象	ビショップ	Alfil	Läufer
Knight	马	ナイト	Caballo	Springer
Unicorn	独角兽	ユニコーン	Unicornio	Einhorn
Promote the pawn	升变这枚兵	ポーンを昇格	Corona el peón	Bauer umwandeln
Choose the piece.	选择棋子。	駒を選びます。	Elige la pieza.	Wähle die Figur.
Knife Flip	飞刀	ナイフフリップ	Lanzamiento de cuchillo	Messerwurf
Toss and stick	投出并扎住	投げて刺す	Lanza y clava	Werfen und stecken
Best streak	最佳连续	最高連続	Mejor racha	Beste Serie
Chef's knife	厨师刀	牛刀	Cuchillo de chef	Kochmesser
Throwing knife	飞刀	投げナイフ	Cuchillo de lanzar	Wurfmesser
Pocket knife	折刀	ポケットナイフ	Navaja	Taschenmesser
Water bottle	水瓶	水筒	Botella de agua	Wasserflasche
Bottle 1/4	水瓶 1/4	ボトル 1/4	Botella 1/4	Flasche 1/4
Bottle 1/3	水瓶 1/3	ボトル 1/3	Botella 1/3	Flasche 1/3
Bottle 1/2	水瓶 1/2	ボトル 1/2	Botella 1/2	Flasche 1/2
Bottle 3/4	水瓶 3/4	ボトル 3/4	Botella 3/4	Flasche 3/4
Bottle full	水瓶满	ボトル満水	Botella llena	Flasche voll
Knife	刀	ナイフ	Cuchillo	Messer
Toss	投掷	投げる	Lanzar	Werfen
Streak {0}	连续 {0}	連続 {0}	Racha {0}	Serie {0}
Stuck. Streak {0}.	扎住了。连续 {0}。	刺さった。連続 {0}。	Clavado. Racha {0}.	Stecken geblieben. Serie {0}.
Landed upright. Streak {0}.	直立落地。连续 {0}。	まっすぐ着地。連続 {0}。	Cayó de pie. Racha {0}.	Aufrecht gelandet. Serie {0}.
The handle hit first.	刀柄先碰到了。	柄が先に当たりました。	El mango golpeó primero.	Der Griff traf zuerst.
The flat of the blade hit.	刀面拍到了。	刃の腹が当たりました。	Golpeó el plano de la hoja.	Die flache Seite der Klinge traf.
Too soft to stick.	太轻，扎不住。	弱すぎて刺さりません。	Demasiado suave para clavarse.	Zu weich, um stecken zu bleiben.
Too hard. It bounced out.	太猛，弹出去了。	強すぎて跳ね返りました。	Demasiado fuerte. Rebotó.	Zu hart. Es sprang heraus.
The bottle tipped over.	瓶子倒了。	ボトルが倒れました。	La botella se volcó.	Die Flasche kippte um.
It missed the block.	没打到木块。	台を外しました。	Falló el bloque.	Es verfehlte den Block.
It bounced off.	弹开了。	跳ね返りました。	Rebotó.	Es prallte ab.
Swipe up, or tap Toss.	向上滑动，或点投掷。	上にスワイプするか、投げるをタップ。	Desliza hacia arriba o toca Lanzar.	Wische nach oben oder tippe auf Werfen.
In the air.	在空中。	空中です。	En el aire.	In der Luft.
Knife flip block. Swipe up to toss.	飞刀木块。向上滑动来投掷。	ナイフフリップの台。上にスワイプして投げます。	Bloque de lanzamiento. Desliza hacia arriba para lanzar.	Wurfblock. Wische nach oben, um zu werfen.
{0} g, {1} cm, balance {2}% from the tip.	{0} 克，{1} 厘米，重心在距刀尖 {2}% 处。	{0} g、{1} cm、重心は先端から {2}%。	{0} g, {1} cm, equilibrio al {2}% desde la punta.	{0} g, {1} cm, Balance {2}% von der Spitze.
{0} g. {1} full, and the water can slosh.	{0} 克。装了 {1}，水会晃动。	{0} g。{1} まで入り、水が揺れます。	{0} g. A {1}, y el agua puede chapotear.	{0} g. {1} voll, und das Wasser kann schwappen.
{0} g. Full, so the water cannot slosh.	{0} 克。装满了，水不能晃。	{0} g。満水なので水は揺れません。	{0} g. Llena, así que el agua no puede chapotear.	{0} g. Voll, also kann das Wasser nicht schwappen.
Swipe up to toss a knife or a water bottle, or tap Toss. A knife scores when the point sticks in the block. A bottle scores when it lands upright on its base. Each clean landing raises the streak, and a miss ends the round. The model changes the weight, the balance and the spin. A bottle between a quarter and a third full is the easiest to land.	向上滑动投出刀或水瓶，或点投掷。刀尖扎进木块就得分。瓶子底座朝下直立落地也得分。每次干净落地增加连续次数，失误则本局结束。模型会改变重量、重心和旋转。大约四分之一到三分之一满的瓶子最容易落地。	上にスワイプするか、投げるをタップしてナイフか水筒を投げます。切っ先が台に刺されば得点です。ボトルは底でまっすぐ立てば得点です。きれいな着地で連続が増え、失敗でその回は終わります。モデルで重さ、重心、回転が変わります。約4分の1から3分の1まで入れたボトルが一番立ちやすいです。	Desliza hacia arriba para lanzar un cuchillo o una botella de agua, o toca Lanzar. Un cuchillo puntúa cuando la punta se clava en el bloque. Una botella puntúa cuando cae de pie sobre su base. Cada aterrizaje limpio sube la racha, y un fallo termina la ronda. El modelo cambia el peso, el equilibrio y el giro. Una botella entre un cuarto y un tercio llena es la más fácil de dejar de pie.	Wische nach oben, um ein Messer oder eine Wasserflasche zu werfen, oder tippe auf Werfen. Ein Messer zählt, wenn die Spitze im Block stecken bleibt. Eine Flasche zählt, wenn sie aufrecht auf dem Boden landet. Jede saubere Landung erhöht die Serie, ein Fehlwurf beendet die Runde. Das Modell ändert Gewicht, Balance und Drehung. Eine zwischen einem Viertel und einem Drittel gefüllte Flasche landet am leichtesten.
Three knives and a water bottle at five fills, from one quarter to full. A knife scores when the point sticks. A bottle scores when it lands upright.	三把刀，加上从四分之一到满的五种水量。刀尖扎住得分。瓶子直立落地得分。	ナイフ3種と、4分の1から満水までの5段階の水筒。切っ先が刺されば得点。ボトルは直立で得点。	Tres cuchillos y una botella de agua en cinco niveles, de un cuarto a llena. Un cuchillo puntúa si la punta se clava. Una botella puntúa si cae de pie.	Drei Messer und eine Wasserflasche in fünf Füllständen, von einem Viertel bis voll. Ein Messer zählt, wenn die Spitze stecken bleibt. Eine Flasche zählt, wenn sie aufrecht landet.
Each toss follows that model's mass, balance and spin. There is no final level.	每次投掷都按该模型的质量、重心和旋转来算。没有最终关卡。	投げるたびに、そのモデルの質量、重心、回転で決まります。最終レベルはありません。	Cada lanzamiento sigue la masa, el equilibrio y el giro de ese modelo. No hay un nivel final.	Jeder Wurf folgt Masse, Balance und Drehung dieses Modells. Es gibt keine letzte Stufe.
Flick a knife so the point sticks, or land a water bottle upright.	把刀甩出去，让刀尖扎住，或让水瓶直立落地。	ナイフをはじいて切っ先を刺すか、水筒を直立させます。	Lanza un cuchillo para clavar la punta, o deja una botella de agua de pie.	Schnippe ein Messer, sodass die Spitze stecken bleibt, oder lande eine Wasserflasche aufrecht.
Swipe up to toss, or tap Toss. A faster swipe throws harder and spins more.	向上滑动来投掷，或点投掷。滑得更快，投得更猛，转得更多。	上にスワイプするか、投げるをタップ。速くスワイプすると強く飛び、よく回ります。	Desliza hacia arriba para lanzar, o toca Lanzar. Un deslizamiento más rápido lanza más fuerte y gira más.	Wische nach oben oder tippe auf Werfen. Ein schnelleres Wischen wirft härter und dreht mehr.
A knife scores when the point hits the block first, aimed down, hard enough to sink into the wood. The handle or the flat does not stick.	刀尖朝下先碰到木块，并且够快、能扎进木头，才算得分。刀柄或刀面先碰到不会扎住。	切っ先が下を向き、先に台へ当たり、木に刺さる速さのときに得点です。柄や刃の腹は刺さりません。	Un cuchillo puntúa cuando la punta golpea el bloque primero, hacia abajo, con fuerza suficiente para hundirse en la madera. El mango o el plano no se clavan.	Ein Messer zählt, wenn die Spitze zuerst den Block trifft, nach unten gerichtet, schnell genug, um im Holz zu stecken. Griff oder Flachseite bleiben nicht stecken.
A bottle scores when it lands on its base after about one flip and stays upright. The fill changes the weight, the balance and how the water sloshes.	瓶子大约翻转一圈后底座着地并保持直立，才算得分。水量会改变重量、重心和水的晃动。	ボトルは約1回転して底で着地し、直立したままなら得点です。水量で重さ、重心、水の揺れが変わります。	Una botella puntúa cuando cae sobre su base tras cerca de un giro y se queda de pie. El nivel cambia el peso, el equilibrio y cómo chapotea el agua.	Eine Flasche zählt, wenn sie nach etwa einer Drehung auf dem Boden landet und aufrecht bleibt. Der Füllstand ändert Gewicht, Balance und das Schwappen.
Each clean landing adds one to the streak. A miss ends the round. The best streak is kept for each knife and each water level.	每次干净落地，连续次数加一。一次失误就结束本局。每把刀和每种水量各自记录最佳连续。	きれいな着地で連続が1増えます。失敗でその回は終わります。ナイフごと、水量ごとに最高連続が残ります。	Cada aterrizaje limpio suma uno a la racha. Un fallo termina la ronda. La mejor racha se guarda para cada cuchillo y cada nivel de agua.	Jede saubere Landung erhöht die Serie um eins. Ein Fehlwurf beendet die Runde. Die beste Serie bleibt für jedes Messer und jeden Wasserstand erhalten.
A throwing knife is balanced. A chef's knife and a pocket knife are heavy in the handle, so the same flick spins them differently.	飞刀是平衡的。厨师刀和折刀柄重，所以同样一甩，旋转不一样。	投げナイフは重心が真ん中です。牛刀とポケットナイフは柄が重いので、同じはじきでも回転が違います。	Un cuchillo de lanzar está equilibrado. El de chef y la navaja pesan en el mango, así que el mismo golpe los gira distinto.	Ein Wurfmesser ist ausbalanciert. Ein Kochmesser und ein Taschenmesser sind schwer im Griff, also dreht derselbe Schnips sie unterschiedlich.
A bottle between a quarter and a third full is the easiest. A full bottle cannot slosh, so it keeps spinning and tips.	大约四分之一到三分之一满的瓶子最容易。装满的瓶子不能晃水，所以会一直转然后倒下。	約4分の1から3分の1が一番立ちやすいです。満水は水が揺れないので回転が残り、倒れます。	Una botella entre un cuarto y un tercio es la más fácil. Una llena no puede chapotear, así que sigue girando y se vuelca.	Zwischen einem Viertel und einem Drittel voll ist am leichtesten. Eine volle Flasche kann nicht schwappen, dreht also weiter und kippt.
The block is the target. This throwing knife starts in your hand.	木块是目标。这把飞刀从你手里出发。	台が的です。この投げナイフは手の中から始まります。	El bloque es el blanco. Este cuchillo de lanzar empieza en tu mano.	Der Block ist das Ziel. Dieses Wurfmesser startet in deiner Hand.
Toss it so the point sticks.	投出去，让刀尖扎住。	切っ先が刺さるように投げます。	Lánzalo para que la punta se clave.	Wirf es, sodass die Spitze stecken bleibt.
The point stuck. The streak is 1.	刀尖扎住了。连续是 1。	切っ先が刺さった。連続は 1。	La punta se clavó. La racha es 1.	Die Spitze blieb stecken. Die Serie ist 1.
A bottle about one third full can flip and sit on its base. Toss it.	大约三分之一满的瓶子可以翻转后立在底座上。投出去。	約3分の1のボトルは回転して底で立てます。投げます。	Una botella a un tercio puede girar y quedar sobre su base. Lánzala.	Eine etwa zu einem Drittel gefüllte Flasche kann sich drehen und auf dem Boden stehen. Wirf sie.
Upright. The streak is 2. A miss would end the round.	直立了。连续是 2。一次失误就会结束本局。	直立。連続は 2。失敗するとその回は終わります。	De pie. La racha es 2. Un fallo terminaría la ronda.	Aufrecht. Die Serie ist 2. Ein Fehlwurf würde die Runde beenden.
Upright	直立	直立	De pie	Aufrecht
Stuck	扎住	刺さった	Clavado	Stecken
Bottle	瓶子	ボトル	Botella	Flasche
